{"type":"FeatureCollection","features":[{"type":"Feature","properties":{"id":"AND"},"geometry":{"type":"Polygon","coordinates":[[[1.43,42.59],[1.44,42.59],[1.44,42.6],[1.49,42.65],[1.5,42.65],[1.71,42.62],[1.72,42.61],[1.72,42.52],[1.73,42.5],[1.66,42.49],[1.45,42.44],[1.43,42.59]]]}},{"type":"Feature","properties":{"id":"ALB"},"geometry":{"type":"Polygon","coordinates":[[[19.37,41.86],[19.38,41.88],[19.37,41.89],[19.35,41.9],[19.34,41.91],[19.36,41.92],[19.36,41.93],[19.36,41.94],[19.35,41.94],[19.35,41.95],[19.38,41.97],[19.38,41.99],[19.38,42],[19.28,42.18],[19.66,42.63],[19.83,42.47],[20.08,42.56],[20.54,42.17],[20.55,42.16],[20.59,41.88],[20.47,41.51],[20.56,41.41],[20.52,41.25],[20.52,41.24],[20.63,41.09],[20.73,40.91],[20.98,40.88],[20.98,40.8],[20.96,40.48],[20.68,40.1],[20.48,40.06],[20.46,40.07],[20.28,39.71],[20.01,39.69],[19.86,40.04],[19.29,40.42],[19.48,40.35],[19.34,40.67],[19.53,40.91],[19.39,41.41],[19.62,41.78],[19.37,41.86]]]}},{"type":"Feature","properties":{"id":"ARM"},"geometry":{"type":"Polygon","coordinates":[[[43.47,41.12],[43.81,41.15],[44.83,41.23],[45.01,41.3],[45.13,41.07],[45.13,41.08],[45.23,41.03],[45.23,41.02],[45.56,40.88],[45.57,40.88],[45.38,40.71],[45.44,40.52],[45.98,40.21],[45.84,39.99],[45.6,39.99],[46.22,39.6],[46.24,39.6],[46.58,39.55],[46.39,39.43],[46.63,39.23],[46.43,39.19],[46.53,38.87],[46.52,38.88],[46.53,38.89],[46.51,38.89],[46.5,38.89],[46.48,38.89],[46.47,38.89],[46.46,38.89],[46.46,38.9],[46.45,38.9],[46.43,38.89],[46.42,38.89],[46.41,38.89],[46.4,38.9],[46.39,38.9],[46.38,38.91],[46.37,38.91],[46.34,38.92],[46.34,38.91],[46.27,38.89],[46.16,38.84],[46.14,38.84],[45.78,39.58],[45.47,39.49],[45.06,39.79],[44.76,39.71],[44.74,39.75],[44.71,39.76],[44.69,39.79],[44.67,39.79],[44.61,39.83],[44.6,39.82],[44.56,39.88],[44.54,39.91],[44.52,39.93],[44.36,40.02],[44.34,40.03],[44.29,40.04],[44.25,40.05],[44.23,40.05],[44.23,40.04],[43.68,40.1],[43.59,40.45],[43.57,40.46],[43.55,40.47],[43.57,40.49],[43.57,40.5],[43.64,40.53],[43.67,40.57],[43.7,40.61],[43.71,40.62],[43.72,40.65],[43.75,40.68],[43.75,40.69],[43.47,41.12]],[[45,40.58],[45.25,40.18],[45.64,40.21],[45.44,40.48],[45.02,40.61],[45,40.58]]]}},{"type":"Feature","properties":{"id":"AUT"},"geometry":{"type":"Polygon","coordinates":[[[10.45,47.56],[10.67,47.56],[10.68,47.56],[10.98,47.4],[11.25,47.43],[11.63,47.59],[11.89,47.61],[12.18,47.61],[12.18,47.6],[12.19,47.61],[12.2,47.61],[12.2,47.64],[12.19,47.65],[12.18,47.67],[12.17,47.68],[12.77,47.67],[13.01,47.46],[12.94,47.78],[12.99,47.83],[12.99,47.84],[13,47.84],[13,47.85],[13,47.86],[12.99,47.87],[12.98,47.87],[12.97,47.9],[12.96,47.91],[12.93,47.94],[12.92,47.95],[12.9,47.96],[12.88,47.96],[12.87,47.96],[12.86,48],[12.86,48.01],[12.75,48.09],[12.75,48.11],[12.81,48.15],[12.83,48.16],[12.84,48.17],[12.85,48.18],[12.86,48.18],[12.92,48.21],[12.94,48.21],[12.95,48.21],[12.96,48.21],[12.97,48.22],[13,48.24],[13.01,48.25],[13.02,48.25],[13.05,48.26],[13.06,48.27],[13.08,48.28],[13.1,48.28],[13.12,48.28],[13.15,48.29],[13.18,48.29],[13.19,48.3],[13.23,48.29],[13.26,48.29],[13.28,48.3],[13.29,48.31],[13.31,48.31],[13.32,48.32],[13.33,48.33],[13.34,48.33],[13.35,48.34],[13.36,48.35],[13.38,48.36],[13.39,48.36],[13.4,48.37],[13.41,48.37],[13.42,48.39],[13.42,48.4],[13.42,48.41],[13.43,48.42],[13.44,48.43],[13.43,48.44],[13.43,48.45],[13.43,48.47],[13.44,48.47],[13.44,48.48],[13.44,48.49],[13.45,48.5],[13.46,48.51],[13.45,48.52],[13.45,48.53],[13.44,48.55],[13.44,48.56],[13.45,48.56],[13.48,48.56],[13.5,48.58],[13.51,48.59],[13.53,48.58],[13.54,48.58],[13.55,48.57],[13.56,48.57],[13.57,48.56],[13.6,48.57],[13.61,48.56],[13.62,48.55],[13.65,48.55],[13.66,48.54],[13.67,48.53],[13.68,48.53],[13.69,48.53],[13.7,48.52],[13.72,48.51],[13.84,48.77],[14.07,48.59],[14.6,48.63],[14.81,48.77],[14.81,48.78],[14.96,48.76],[14.97,48.76],[14.97,48.83],[14.97,48.84],[14.98,48.92],[14.99,48.93],[14.99,48.94],[14.99,49.01],[15.15,48.98],[15.16,48.98],[15.24,48.96],[15.33,48.98],[15.34,48.98],[15.84,48.88],[15.84,48.87],[15.85,48.87],[15.85,48.86],[15.84,48.86],[15.88,48.85],[15.89,48.84],[15.91,48.84],[15.93,48.82],[16.44,48.78],[16.46,48.81],[16.61,48.78],[16.62,48.78],[16.64,48.79],[16.66,48.78],[16.67,48.78],[16.88,48.72],[16.91,48.71],[16.92,48.66],[16.92,48.65],[16.94,48.62],[16.94,48.61],[16.94,48.6],[16.94,48.59],[16.95,48.53],[16.94,48.53],[16.92,48.52],[16.92,48.51],[16.91,48.5],[16.89,48.49],[16.9,48.49],[16.88,48.47],[16.85,48.43],[16.86,48.43],[16.86,48.41],[16.85,48.41],[16.85,48.4],[16.86,48.4],[16.84,48.38],[16.83,48.38],[16.87,48.35],[16.87,48.34],[16.88,48.34],[16.9,48.33],[16.9,48.31],[16.89,48.31],[16.9,48.3],[16.94,48.27],[16.95,48.24],[16.96,48.21],[16.98,48.17],[16.99,48.16],[17.03,48.14],[17.04,48.14],[17.06,48.14],[17.16,48.01],[17.09,47.71],[16.83,47.69],[16.81,47.68],[16.83,47.93],[16.69,47.74],[16.42,47.67],[16.71,47.54],[16.45,47.41],[16.51,47],[16.19,46.94],[16.11,46.87],[16.04,46.68],[16.02,46.66],[16,46.68],[15.93,46.7],[15.91,46.71],[15.9,46.71],[15.85,46.72],[15.84,46.72],[15.75,46.7],[15.73,46.7],[15.67,46.71],[15.66,46.71],[14.99,46.6],[14.98,46.6],[14.56,46.37],[13.71,46.52],[12.8,46.64],[12.79,46.64],[12.78,46.64],[12.78,46.65],[12.38,46.72],[12.14,46.91],[12.24,47.07],[12.08,47.07],[11.1,46.89],[11.02,46.77],[10.47,46.85],[10.47,46.88],[10.39,47],[10.11,46.84],[9.75,47.04],[9.74,47.04],[9.61,47.06],[9.53,47.27],[9.55,47.29],[9.55,47.3],[9.58,47.31],[9.6,47.34],[9.62,47.36],[9.63,47.37],[9.65,47.37],[9.67,47.38],[9.65,47.41],[9.63,47.46],[9.62,47.46],[9.56,47.5],[9.73,47.53],[10.2,47.38],[10.21,47.38],[10.18,47.3],[10.33,47.3],[10.46,47.43],[10.45,47.56]]]}},{"type":"Feature","properties":{"id":"ALA"},"geometry":{"type":"MultiPolygon","coordinates":[[[[20.22,60.08],[20.18,59.97],[19.97,60.07],[20.22,60.08]]],[[[19.84,60.42],[20.27,60.29],[20.17,60.18],[19.98,60.3],[19.96,60.06],[19.63,60.29],[19.82,60.2],[19.84,60.42]]]]}},{"type":"Feature","properties":{"id":"AZE"},"geometry":{"type":"Polygon","coordinates":[[[44.76,39.71],[45.06,39.79],[45.47,39.49],[45.78,39.58],[46.14,38.84],[46.12,38.86],[46.1,38.87],[46.08,38.87],[46.07,38.88],[46.04,38.87],[46.03,38.87],[46.01,38.87],[45.97,38.89],[45.96,38.89],[45.9,38.88],[45.88,38.89],[45.84,38.91],[45.83,38.9],[45.81,38.91],[45.8,38.92],[45.79,38.92],[45.77,38.93],[45.76,38.93],[45.7,38.94],[45.68,38.95],[45.64,38.95],[45.62,38.94],[45.62,38.95],[45.59,38.96],[45.57,38.98],[45.57,38.97],[45.53,38.97],[45.44,39.01],[45.46,39.04],[45.46,39.05],[45.4,39.08],[45.4,39.09],[45.4,39.13],[45.22,39.21],[45.2,39.2],[45.2,39.21],[45.19,39.22],[45.17,39.22],[45.15,39.22],[45.15,39.23],[45.15,39.24],[45.11,39.32],[45.1,39.32],[45.09,39.35],[45.08,39.35],[45.04,39.38],[45.04,39.39],[45.02,39.4],[45.02,39.41],[44.98,39.42],[44.97,39.42],[44.98,39.45],[44.97,39.45],[44.96,39.45],[44.95,39.45],[44.94,39.48],[44.94,39.49],[44.92,39.52],[44.92,39.54],[44.91,39.54],[44.91,39.57],[44.89,39.59],[44.87,39.61],[44.86,39.6],[44.85,39.61],[44.84,39.61],[44.81,39.63],[44.81,39.64],[44.82,39.65],[44.81,39.66],[44.81,39.67],[44.8,39.68],[44.78,39.69],[44.77,39.71],[44.76,39.71]]]}},{"type":"Feature","properties":{"id":"BIH"},"geometry":{"type":"MultiPolygon","coordinates":[[[[19.02,44.86],[19.04,44.86],[19.05,44.86],[19.06,44.86],[19.08,44.87],[19.11,44.88],[19.12,44.89],[19.13,44.9],[19.14,44.9],[19.16,44.91],[19.17,44.92],[19.19,44.92],[19.2,44.92],[19.2,44.91],[19.21,44.9],[19.23,44.9],[19.25,44.91],[19.29,44.91],[19.31,44.91],[19.32,44.9],[19.34,44.89],[19.35,44.89],[19.37,44.88],[19.36,44.86],[19.35,44.84],[19.36,44.83],[19.3,44.79],[19.3,44.78],[19.32,44.76],[19.32,44.75],[19.32,44.74],[19.31,44.72],[19.3,44.69],[19.29,44.69],[19.23,44.61],[19.22,44.6],[19.22,44.59],[19.2,44.59],[19.21,44.58],[19.19,44.58],[19.18,44.57],[19.19,44.54],[19.18,44.54],[19.16,44.52],[19.15,44.52],[19.14,44.52],[19.13,44.52],[19.13,44.5],[19.13,44.49],[19.13,44.48],[19.14,44.47],[19.14,44.46],[19.12,44.4],[19.11,44.4],[19.11,44.35],[19.13,44.34],[19.16,44.3],[19.18,44.28],[19.2,44.29],[19.21,44.29],[19.23,44.27],[19.23,44.26],[19.25,44.26],[19.31,44.27],[19.33,44.26],[19.33,44.25],[19.34,44.23],[19.34,44.25],[19.35,44.21],[19.36,44.21],[19.36,44.19],[19.38,44.18],[19.42,44.15],[19.44,44.13],[19.45,44.13],[19.46,44.15],[19.47,44.15],[19.49,44.11],[19.5,44.1],[19.51,44.09],[19.53,44.08],[19.55,44.07],[19.56,44.07],[19.58,44.06],[19.6,44.06],[19.6,44.05],[19.62,44.05],[19.62,44.03],[19.62,44.02],[19.6,44.01],[19.59,44.01],[19.56,43.98],[19.53,43.96],[19.45,43.96],[19.44,43.96],[19.42,43.96],[19.4,43.96],[19.37,43.97],[19.29,44],[19.25,44.01],[19.24,43.98],[19.52,43.71],[19.38,43.59],[19.38,43.6],[19.23,43.53],[18.91,43.5],[19.08,43.32],[18.99,43.26],[18.98,43.26],[18.98,43.28],[18.96,43.33],[18.92,43.36],[18.85,43.33],[18.85,43.32],[18.46,42.83],[18.47,42.77],[18.49,42.75],[18.5,42.74],[18.44,42.56],[17.65,42.89],[17.58,42.94],[17.6,42.94],[17.62,42.94],[17.66,43.05],[17.14,43.51],[17.13,43.52],[16.99,43.59],[16.99,43.6],[16.98,43.6],[16.97,43.61],[16.21,44.22],[16.13,44.49],[16.13,44.5],[15.95,44.7],[15.73,44.83],[15.78,45.19],[16.01,45.22],[16.28,45.01],[16.36,45.04],[16.37,45.04],[16.39,45.07],[16.39,45.08],[16.39,45.09],[16.39,45.1],[16.39,45.11],[16.41,45.12],[16.48,45.17],[16.49,45.2],[16.5,45.21],[16.52,45.22],[16.57,45.22],[16.61,45.23],[16.63,45.21],[16.65,45.21],[16.66,45.21],[16.67,45.2],[16.68,45.2],[16.7,45.2],[16.76,45.2],[16.77,45.2],[16.81,45.19],[16.81,45.18],[16.84,45.21],[16.86,45.23],[16.88,45.24],[16.89,45.24],[16.88,45.24],[16.88,45.25],[16.91,45.26],[16.92,45.27],[16.93,45.28],[16.94,45.27],[16.94,45.26],[16.94,45.24],[16.94,45.23],[16.96,45.23],[16.98,45.25],[16.98,45.23],[17,45.22],[17.01,45.22],[17.05,45.2],[17.06,45.2],[17.07,45.2],[17.09,45.18],[17.1,45.18],[17.13,45.17],[17.15,45.16],[17.18,45.15],[17.2,45.15],[17.21,45.15],[17.23,45.15],[17.25,45.15],[17.26,45.17],[17.27,45.18],[17.27,45.19],[17.31,45.17],[17.31,45.16],[17.32,45.17],[17.33,45.16],[17.33,45.15],[17.34,45.15],[17.35,45.14],[17.36,45.14],[17.37,45.14],[17.38,45.14],[17.4,45.14],[17.41,45.13],[17.45,45.14],[17.46,45.13],[17.47,45.13],[17.48,45.14],[17.49,45.14],[17.49,45.13],[17.48,45.12],[17.49,45.11],[17.51,45.11],[17.52,45.11],[17.54,45.12],[17.57,45.12],[17.58,45.12],[17.59,45.11],[17.61,45.11],[17.63,45.12],[17.64,45.13],[17.65,45.13],[17.67,45.13],[17.69,45.12],[17.72,45.11],[17.73,45.1],[17.75,45.09],[17.77,45.08],[17.78,45.08],[17.79,45.08],[17.8,45.07],[17.82,45.06],[17.84,45.05],[17.85,45.04],[17.87,45.05],[17.89,45.05],[17.89,45.06],[17.92,45.07],[17.93,45.08],[17.94,45.09],[17.93,45.1],[17.94,45.11],[17.97,45.12],[17.98,45.13],[17.98,45.14],[17.99,45.15],[18,45.15],[18.01,45.15],[18.02,45.15],[18.03,45.14],[18.03,45.13],[18.04,45.13],[18.04,45.14],[18.08,45.12],[18.07,45.11],[18.08,45.1],[18.1,45.09],[18.11,45.08],[18.14,45.09],[18.15,45.08],[18.17,45.08],[18.18,45.08],[18.21,45.09],[18.22,45.08],[18.22,45.09],[18.22,45.1],[18.21,45.11],[18.21,45.12],[18.22,45.13],[18.23,45.13],[18.25,45.14],[18.27,45.14],[18.28,45.13],[18.28,45.12],[18.3,45.12],[18.31,45.11],[18.32,45.1],[18.33,45.1],[18.35,45.1],[18.36,45.1],[18.37,45.11],[18.38,45.11],[18.41,45.11],[18.43,45.11],[18.44,45.1],[18.44,45.09],[18.45,45.08],[18.46,45.07],[18.48,45.06],[18.49,45.06],[18.5,45.06],[18.51,45.06],[18.53,45.05],[18.53,45.04],[18.54,45.07],[18.55,45.07],[18.54,45.09],[18.55,45.09],[18.57,45.08],[18.58,45.07],[18.59,45.08],[18.59,45.09],[18.61,45.08],[18.61,45.07],[18.63,45.06],[18.65,45.06],[18.67,45.06],[18.69,45.04],[18.71,45.04],[18.72,45.03],[18.73,45.02],[18.74,45.01],[18.74,44.99],[18.76,45],[18.78,45],[18.8,44.99],[18.79,44.98],[18.78,44.98],[18.8,44.95],[18.81,44.94],[18.79,44.93],[18.78,44.94],[18.76,44.94],[18.76,44.92],[18.76,44.91],[18.77,44.9],[18.8,44.88],[18.81,44.88],[18.82,44.88],[18.83,44.87],[18.84,44.86],[18.85,44.85],[18.87,44.85],[18.89,44.85],[18.9,44.85],[18.91,44.85],[18.92,44.85],[18.96,44.85],[18.97,44.85],[19,44.85],[19.01,44.86],[19.02,44.86]]],[[[18.58,45.08],[18.57,45.09],[18.57,45.1],[18.59,45.09],[18.59,45.08],[18.58,45.08]]],[[[18.61,45.08],[18.62,45.09],[18.63,45.08],[18.62,45.08],[18.61,45.08]]],[[[18.66,45.07],[18.66,45.08],[18.68,45.09],[18.68,45.07],[18.67,45.07],[18.66,45.07]]]]}},{"type":"Feature","properties":{"id":"BEL"},"geometry":{"type":"Polygon","coordinates":[[[3.37,51.37],[3.37,51.36],[3.37,51.35],[3.38,51.34],[3.38,51.33],[3.37,51.33],[3.37,51.32],[3.36,51.32],[3.38,51.3],[3.37,51.3],[3.38,51.29],[3.38,51.28],[3.38,51.27],[3.39,51.27],[3.4,51.27],[3.4,51.26],[3.41,51.26],[3.42,51.26],[3.42,51.25],[3.43,51.25],[3.43,51.24],[3.43,51.25],[3.44,51.24],[3.45,51.24],[3.46,51.24],[3.47,51.24],[3.48,51.24],[3.49,51.24],[3.51,51.24],[3.51,51.25],[3.52,51.25],[3.53,51.25],[3.52,51.26],[3.52,51.27],[3.52,51.28],[3.52,51.29],[3.53,51.29],[3.53,51.28],[3.54,51.28],[3.54,51.29],[3.56,51.29],[3.56,51.3],[3.57,51.29],[3.58,51.29],[3.59,51.29],[3.58,51.3],[3.59,51.3],[3.59,51.31],[3.59,51.3],[3.61,51.3],[3.63,51.29],[3.64,51.29],[3.68,51.28],[3.69,51.28],[3.7,51.27],[3.71,51.27],[3.72,51.27],[3.73,51.27],[3.74,51.27],[3.75,51.27],[3.76,51.27],[3.76,51.26],[3.77,51.26],[3.78,51.26],[3.79,51.26],[3.8,51.26],[3.79,51.25],[3.79,51.23],[3.79,51.22],[3.8,51.21],[3.86,51.21],[3.91,51.21],[3.92,51.21],[3.94,51.21],[3.95,51.22],[3.96,51.22],[3.97,51.22],[3.97,51.23],[4.07,51.25],[4.09,51.26],[4.1,51.26],[4.12,51.27],[4.13,51.28],[4.14,51.28],[4.15,51.29],[4.16,51.29],[4.23,51.35],[4.24,51.37],[4.28,51.38],[4.3,51.38],[4.31,51.38],[4.38,51.45],[4.45,51.47],[4.61,51.43],[4.62,51.43],[4.73,51.49],[4.83,51.48],[4.84,51.48],[4.82,51.42],[4.93,51.4],[5.04,51.49],[5.13,51.32],[5.62,51.21],[5.63,51.21],[5.67,51.19],[5.84,51.15],[5.83,51.13],[5.81,51.11],[5.8,51.09],[5.8,51.08],[5.8,51.06],[5.77,51.06],[5.77,51.05],[5.76,51.03],[5.75,50.99],[5.75,50.98],[5.73,50.97],[5.72,50.96],[5.73,50.96],[5.74,50.96],[5.76,50.96],[5.76,50.95],[5.73,50.93],[5.7,50.91],[5.7,50.9],[5.68,50.89],[5.67,50.88],[5.67,50.82],[5.68,50.81],[5.69,50.76],[5.68,50.76],[6.02,50.75],[6.2,50.66],[6.41,50.34],[6.14,50.13],[5.97,50.17],[5.78,49.88],[5.8,49.78],[5.82,49.75],[5.84,49.72],[5.85,49.72],[5.86,49.73],[5.82,49.55],[5.79,49.56],[5.78,49.56],[5.47,49.5],[4.86,49.86],[4.83,50.15],[4.52,49.95],[4.35,49.95],[4.14,49.98],[4.2,50.11],[4.11,50.3],[3.67,50.4],[3.63,50.48],[3.62,50.49],[3.5,50.53],[3.49,50.53],[3.29,50.53],[3.12,50.79],[3.01,50.77],[3,50.76],[2.97,50.75],[2.96,50.75],[2.94,50.74],[2.9,50.69],[2.9,50.7],[2.87,50.71],[2.86,50.71],[2.55,51.09],[3.37,51.37]]]}},{"type":"Feature","properties":{"id":"BGR"},"geometry":{"type":"MultiPolygon","coordinates":[[[[22.68,44.21],[22.7,44.2],[22.75,44.2],[22.76,44.19],[22.77,44.18],[22.78,44.17],[22.8,44.16],[22.81,44.16],[22.84,44.14],[22.85,44.14],[22.87,44.13],[22.88,44.13],[22.99,44.1],[23.01,44.09],[23.02,44.09],[23.03,44.08],[23.04,44.05],[23.03,44.04],[23.03,44.03],[23.02,44.02],[23.01,44.01],[22.99,44.01],[22.93,44],[22.92,44],[22.88,43.98],[22.87,43.96],[22.87,43.95],[22.85,43.9],[22.84,43.89],[22.84,43.87],[22.86,43.84],[22.87,43.83],[22.89,43.83],[22.91,43.83],[23.14,43.8],[23.15,43.81],[23.17,43.82],[23.18,43.82],[23.19,43.83],[23.2,43.83],[23.25,43.84],[23.26,43.84],[23.43,43.85],[23.51,43.84],[23.53,43.83],[23.59,43.8],[23.61,43.79],[23.63,43.79],[23.65,43.8],[23.77,43.79],[23.83,43.77],[23.84,43.76],[23.92,43.75],[23.94,43.75],[24.01,43.73],[24.02,43.73],[24.05,43.72],[24.06,43.72],[24.09,43.7],[24.12,43.7],[24.16,43.69],[24.17,43.68],[24.18,43.68],[24.2,43.68],[24.31,43.7],[24.32,43.7],[24.34,43.7],[24.35,43.7],[24.39,43.72],[24.42,43.74],[24.43,43.74],[24.46,43.75],[24.6,43.75],[24.61,43.75],[24.63,43.74],[24.64,43.73],[24.68,43.71],[24.7,43.7],[24.78,43.7],[24.79,43.7],[24.89,43.71],[24.9,43.71],[24.91,43.71],[24.97,43.73],[25.01,43.72],[25.04,43.7],[25.05,43.7],[25.09,43.69],[25.1,43.68],[25.15,43.69],[25.16,43.7],[25.25,43.68],[25.26,43.68],[25.3,43.65],[25.31,43.65],[25.32,43.64],[25.33,43.64],[25.36,43.62],[25.38,43.62],[25.39,43.62],[25.41,43.62],[25.47,43.64],[25.48,43.64],[25.57,43.65],[25.58,43.65],[25.62,43.67],[25.66,43.66],[25.65,43.68],[25.66,43.69],[25.74,43.7],[25.75,43.7],[25.77,43.71],[25.78,43.71],[25.8,43.74],[25.82,43.75],[25.85,43.76],[25.88,43.78],[25.88,43.79],[25.9,43.8],[25.91,43.81],[25.91,43.82],[25.92,43.83],[25.93,43.84],[25.94,43.85],[25.95,43.86],[25.96,43.86],[25.97,43.87],[25.98,43.87],[26.01,43.89],[26.03,43.89],[26.05,43.91],[26.06,43.91],[26.07,43.92],[26.08,43.93],[26.09,43.95],[26.11,43.97],[26.19,43.99],[26.2,43.99],[26.22,43.99],[26.24,44],[26.38,44.04],[26.39,44.04],[26.5,44.05],[26.51,44.05],[26.67,44.07],[26.68,44.07],[26.75,44.08],[26.76,44.08],[26.81,44.1],[26.82,44.1],[26.85,44.11],[26.86,44.12],[26.89,44.12],[26.89,44.13],[26.95,44.14],[26.96,44.14],[27.01,44.14],[27.03,44.14],[27.08,44.15],[27.09,44.14],[27.15,44.13],[27.18,44.12],[27.26,44.12],[27.28,44.12],[28.58,43.74],[28.47,43.36],[28.15,43.4],[28,43.22],[27.65,43.19],[27.95,43.17],[27.9,42.7],[27.44,42.46],[27.73,42.41],[28.03,41.98],[28.02,41.98],[28.01,41.98],[27.97,41.98],[27.57,41.9],[27.27,42.1],[26.98,42.04],[26.98,42.03],[26.62,41.98],[26.36,41.71],[26.3,41.71],[26.26,41.72],[26.25,41.72],[26.06,41.7],[26.13,41.35],[25.43,41.26],[25.42,41.26],[25.42,41.27],[25.41,41.27],[25.41,41.26],[25.4,41.26],[25.39,41.26],[24.8,41.35],[24.53,41.57],[23.12,41.32],[22.93,41.34],[23.03,41.72],[22.87,42.02],[22.36,42.31],[22.56,42.48],[22.44,42.82],[22.74,42.89],[23.01,43.19],[22.53,43.47],[22.36,43.81],[22.67,44.21],[22.68,44.21]]],[[[23.78,43.8],[23.8,43.79],[23.8,43.78],[23.77,43.79],[23.78,43.8]]]]}},{"type":"Feature","properties":{"id":"BLR"},"geometry":{"type":"MultiPolygon","coordinates":[[[[23.8,52.64],[23.85,52.66],[23.94,52.72],[23.94,52.74],[23.94,52.76],[23.94,52.78],[23.89,53.11],[23.89,53.12],[23.89,53.13],[23.89,53.12],[23.9,53.12],[23.9,53.13],[23.89,53.13],[23.9,53.13],[23.91,53.17],[23.81,53.25],[23.8,53.27],[23.79,53.28],[23.59,53.73],[23.58,53.74],[23.52,53.9],[23.51,53.91],[23.51,53.96],[23.74,53.93],[23.77,53.9],[23.78,53.9],[23.8,53.9],[23.82,53.91],[23.82,53.92],[23.8,53.93],[23.82,53.94],[23.86,53.95],[23.88,53.94],[23.91,53.95],[23.91,53.96],[23.94,53.96],[23.95,53.96],[23.98,53.92],[24,53.93],[24.01,53.93],[24.03,53.93],[24.05,53.93],[24.07,53.94],[24.1,53.94],[24.31,53.91],[24.33,53.9],[24.39,53.9],[24.41,53.9],[24.65,54.01],[24.67,54.02],[24.71,53.96],[24.73,53.97],[24.91,54.16],[24.92,54.16],[24.94,54.17],[24.98,54.16],[24.98,54.15],[25.01,54.14],[25.02,54.14],[25.04,54.14],[25.06,54.14],[25.06,54.13],[25.07,54.13],[25.07,54.14],[25.08,54.14],[25.09,54.14],[25.09,54.15],[25.1,54.15],[25.1,54.16],[25.11,54.16],[25.11,54.17],[25.21,54.24],[25.21,54.25],[25.36,54.27],[25.38,54.27],[25.4,54.28],[25.46,54.3],[25.45,54.3],[25.45,54.29],[25.48,54.29],[25.48,54.3],[25.5,54.31],[25.51,54.31],[25.51,54.3],[25.52,54.29],[25.52,54.28],[25.54,54.28],[25.55,54.27],[25.56,54.27],[25.57,54.27],[25.56,54.27],[25.59,54.23],[25.56,54.23],[25.55,54.23],[25.56,54.2],[25.57,54.15],[25.58,54.15],[25.6,54.15],[25.6,54.14],[25.63,54.13],[25.64,54.13],[25.65,54.13],[25.7,54.17],[25.71,54.17],[25.7,54.17],[25.76,54.21],[25.76,54.23],[25.77,54.23],[25.78,54.23],[25.79,54.23],[25.78,54.24],[25.77,54.24],[25.73,54.27],[25.72,54.27],[25.71,54.27],[25.59,54.4],[25.6,54.4],[25.62,54.44],[25.62,54.45],[25.7,54.54],[25.7,54.55],[25.71,54.55],[25.73,54.56],[25.74,54.56],[25.75,54.56],[25.75,54.57],[25.76,54.57],[25.76,54.58],[25.76,54.59],[25.74,54.7],[25.75,54.73],[25.77,54.82],[25.78,54.83],[25.78,54.85],[25.78,54.86],[25.81,54.87],[25.97,54.95],[26.24,55.05],[26.25,55.06],[26.24,55.11],[26.25,55.12],[26.26,55.12],[26.28,55.12],[26.62,55.15],[26.74,55.25],[26.77,55.32],[26.74,55.32],[26.72,55.32],[26.71,55.33],[26.7,55.33],[26.69,55.33],[26.68,55.33],[26.67,55.34],[26.65,55.33],[26.64,55.32],[26.63,55.32],[26.59,55.32],[26.52,55.33],[26.46,55.34],[26.45,55.34],[26.55,55.43],[26.55,55.47],[26.54,55.49],[26.53,55.51],[26.54,55.53],[26.63,55.57],[26.64,55.64],[26.64,55.65],[26.63,55.67],[26.63,55.68],[26.65,55.7],[26.67,55.7],[26.7,55.7],[26.74,55.68],[26.85,55.71],[26.86,55.71],[27.25,55.8],[27.25,55.79],[27.2,55.76],[27.25,55.78],[27.25,55.79],[27.39,55.8],[27.4,55.8],[27.42,55.8],[27.44,55.79],[27.46,55.79],[27.48,55.79],[27.5,55.79],[27.51,55.79],[27.52,55.79],[27.53,55.79],[27.55,55.78],[27.56,55.78],[27.59,55.78],[27.61,55.79],[27.64,55.85],[27.63,55.9],[27.64,55.9],[27.86,56.04],[28.15,56.17],[28.35,56.06],[28.38,56.06],[28.42,56.1],[28.43,56.09],[28.65,56.1],[28.68,56.1],[28.69,56.1],[28.68,56.1],[28.68,56.09],[28.67,56.09],[28.66,56.09],[28.64,56.08],[28.71,56],[28.72,55.98],[28.76,55.97],[28.77,55.97],[28.78,55.97],[28.8,55.97],[29,56.01],[29,56.02],[29.13,56.02],[29.14,56.03],[29.2,56],[29.22,55.99],[29.24,55.99],[29.25,55.99],[29.26,56],[29.29,55.99],[29.3,55.99],[29.31,55.99],[29.4,55.97],[29.48,55.92],[29.47,55.92],[29.46,55.91],[29.45,55.91],[29.43,55.91],[29.4,55.9],[29.42,55.88],[29.42,55.87],[29.41,55.87],[29.4,55.87],[29.4,55.86],[29.4,55.85],[29.39,55.84],[29.39,55.83],[29.36,55.77],[29.36,55.76],[29.38,55.75],[29.44,55.73],[29.45,55.73],[29.46,55.72],[29.51,55.7],[29.52,55.7],[29.68,55.79],[29.71,55.79],[29.75,55.8],[29.76,55.8],[29.76,55.79],[29.77,55.79],[29.77,55.78],[29.84,55.8],[29.84,55.81],[29.84,55.82],[29.85,55.82],[29.86,55.83],[29.87,55.84],[29.87,55.85],[29.89,55.86],[29.9,55.86],[29.97,55.86],[30.07,55.85],[30.08,55.85],[30.08,55.84],[30.09,55.84],[30.29,55.85],[30.28,55.85],[30.35,55.83],[30.36,55.82],[30.36,55.81],[30.37,55.81],[30.38,55.81],[30.41,55.81],[30.42,55.81],[30.93,55.62],[30.9,55.48],[30.89,55.47],[30.98,55.15],[30.97,55.15],[30.97,55.14],[31,55.14],[30.75,54.81],[30.98,54.69],[31,54.67],[31.01,54.67],[31.03,54.67],[31.07,54.66],[31.07,54.67],[31.09,54.66],[31.1,54.66],[31.11,54.67],[31.12,54.67],[31.14,54.66],[31.2,54.62],[31.2,54.61],[31.19,54.61],[31.2,54.61],[31.19,54.61],[31.18,54.6],[31.17,54.59],[31.13,54.56],[31.14,54.56],[31.13,54.56],[31.14,54.56],[31.14,54.55],[31.13,54.55],[31.14,54.54],[31.32,54.24],[31.89,54.06],[31.86,54.01],[31.86,53.96],[31.86,53.95],[31.77,53.82],[32.46,53.74],[32.76,53.42],[32.24,53.1],[31.82,53.12],[31.4,53.21],[31.37,52.94],[31.37,52.93],[31.58,52.5],[31.59,52.5],[31.63,52.3],[31.64,52.29],[31.77,52.19],[31.79,52.13],[31.78,52.11],[31.54,52.12],[31.5,52.12],[31.49,52.12],[31.48,52.12],[31.32,52.08],[31.3,52.06],[31.3,52.05],[31.18,52.08],[31.17,52.08],[30.98,52.08],[30.96,52.08],[30.95,52.08],[30.94,52.08],[30.93,52.07],[30.94,52.06],[30.95,52.05],[30.95,52.03],[30.92,52.01],[30.89,52],[30.91,51.99],[30.89,51.99],[30.89,51.98],[30.87,51.97],[30.86,51.97],[30.85,51.96],[30.81,51.95],[30.81,51.94],[30.82,51.93],[30.83,51.92],[30.81,51.91],[30.77,51.9],[30.76,51.9],[30.75,51.9],[30.74,51.89],[30.73,51.89],[30.73,51.88],[30.71,51.87],[30.7,51.86],[30.68,51.82],[30.67,51.82],[30.66,51.82],[30.67,51.81],[30.67,51.8],[30.66,51.79],[30.65,51.78],[30.64,51.78],[30.63,51.77],[30.61,51.77],[30.61,51.76],[30.63,51.76],[30.65,51.75],[30.64,51.74],[30.63,51.73],[30.63,51.72],[30.62,51.71],[30.59,51.71],[30.58,51.71],[30.56,51.71],[30.57,51.69],[30.58,51.68],[30.58,51.67],[30.57,51.66],[30.57,51.64],[30.56,51.64],[30.55,51.64],[30.55,51.62],[30.54,51.62],[30.53,51.62],[30.51,51.59],[30.52,51.59],[30.53,51.59],[30.54,51.58],[30.54,51.57],[30.53,51.57],[30.53,51.56],[30.54,51.55],[30.56,51.55],[30.57,51.55],[30.59,51.54],[30.58,51.53],[30.57,51.51],[30.59,51.5],[30.59,51.48],[30.6,51.46],[30.59,51.45],[30.58,51.44],[30.59,51.43],[30.62,51.43],[30.63,51.41],[30.64,51.39],[30.63,51.36],[30.62,51.33],[30.59,51.28],[30.57,51.27],[30.56,51.26],[30.55,51.26],[30.53,51.27],[30.5,51.28],[29.99,51.48],[29.98,51.49],[29.97,51.48],[29.97,51.47],[29.95,51.49],[29.46,51.41],[29.45,51.41],[29.22,51.57],[29.21,51.57],[29.21,51.58],[29.2,51.58],[29.21,51.59],[29.19,51.61],[29.19,51.62],[29.17,51.63],[29.16,51.63],[29.17,51.64],[29.18,51.65],[29.16,51.65],[29.15,51.65],[29.14,51.65],[29.1,51.64],[29.09,51.63],[29.07,51.62],[29,51.57],[28.99,51.57],[28.97,51.58],[28.97,51.59],[28.91,51.59],[28.74,51.47],[28.35,51.54],[28.36,51.56],[28.26,51.68],[27.86,51.63],[27.76,51.47],[27.73,51.6],[27.24,51.6],[27.21,51.77],[26.76,51.79],[26.7,51.82],[26.66,51.82],[25.95,51.92],[25.94,51.92],[25.93,51.91],[25.9,51.92],[25.83,51.92],[25.83,51.93],[25.82,51.93],[25.77,51.94],[25.78,51.93],[25.49,51.93],[25.09,51.95],[24.98,51.91],[24.96,51.9],[24.94,51.89],[24.61,51.9],[24.6,51.9],[24.57,51.89],[24.34,51.85],[24.33,51.84],[24.32,51.83],[24.31,51.82],[24.12,51.67],[23.65,51.57],[23.65,51.56],[23.62,51.51],[23.61,51.52],[23.6,51.53],[23.59,51.53],[23.58,51.53],[23.55,51.71],[23.55,51.76],[23.56,51.76],[23.59,51.77],[23.63,51.78],[23.62,51.82],[23.6,51.83],[23.61,51.84],[23.6,51.84],[23.62,51.88],[23.62,51.87],[23.62,51.9],[23.62,51.91],[23.61,51.92],[23.64,51.93],[23.65,51.93],[23.67,51.97],[23.67,51.98],[23.68,51.99],[23.69,51.99],[23.66,52.03],[23.66,52.05],[23.65,52.06],[23.65,52.07],[23.62,52.09],[23.62,52.11],[23.6,52.12],[23.57,52.12],[23.56,52.12],[23.54,52.13],[23.53,52.13],[23.51,52.15],[23.5,52.15],[23.49,52.16],[23.49,52.17],[23.5,52.17],[23.47,52.18],[23.46,52.18],[23.42,52.17],[23.42,52.18],[23.4,52.19],[23.36,52.21],[23.35,52.2],[23.3,52.21],[23.31,52.22],[23.27,52.21],[23.26,52.22],[23.25,52.22],[23.21,52.23],[23.2,52.23],[23.19,52.24],[23.2,52.25],[23.21,52.26],[23.2,52.27],[23.2,52.28],[23.8,52.64]]],[[[29.97,55.86],[29.96,55.86],[29.97,55.86],[29.97,55.87],[29.98,55.87],[30,55.87],[29.97,55.86]]]]}},{"type":"Feature","properties":{"id":"CHE"},"geometry":{"type":"Polygon","coordinates":[[[7.59,47.59],[7.67,47.54],[7.68,47.53],[7.71,47.54],[7.72,47.54],[7.73,47.54],[7.74,47.54],[7.78,47.55],[7.8,47.56],[7.81,47.58],[7.84,47.58],[7.86,47.59],[7.87,47.59],[7.88,47.59],[7.89,47.59],[7.9,47.58],[7.91,47.58],[7.91,47.57],[7.91,47.56],[7.93,47.55],[7.94,47.54],[7.95,47.56],[7.96,47.56],[7.98,47.56],[8.01,47.55],[8.02,47.55],[8.09,47.56],[8.1,47.57],[8.11,47.58],[8.14,47.59],[8.15,47.6],[8.16,47.59],[8.17,47.6],[8.18,47.6],[8.19,47.62],[8.21,47.62],[8.22,47.62],[8.37,47.57],[8.41,47.57],[8.42,47.57],[8.44,47.57],[8.46,47.57],[8.48,47.58],[8.49,47.58],[8.61,47.65],[8.61,47.64],[8.6,47.64],[8.62,47.64],[8.63,47.65],[8.41,47.67],[8.57,47.81],[8.74,47.69],[8.75,47.69],[8.79,47.68],[8.87,47.67],[8.88,47.66],[8.94,47.66],[9.04,47.68],[9.07,47.68],[9.12,47.67],[9.14,47.66],[9.15,47.67],[9.19,47.66],[9.56,47.5],[9.62,47.46],[9.63,47.46],[9.65,47.41],[9.67,47.38],[9.65,47.37],[9.63,47.37],[9.62,47.36],[9.6,47.34],[9.58,47.31],[9.55,47.3],[9.55,47.29],[9.53,47.27],[9.53,47.26],[9.52,47.25],[9.51,47.23],[9.5,47.21],[9.49,47.2],[9.49,47.18],[9.49,47.17],[9.49,47.16],[9.51,47.13],[9.52,47.12],[9.52,47.1],[9.51,47.09],[9.51,47.08],[9.47,47.06],[9.48,47.05],[9.48,47.06],[9.61,47.06],[9.74,47.04],[9.75,47.04],[10.11,46.84],[10.39,47],[10.47,46.88],[10.47,46.85],[10.47,46.54],[10.2,46.62],[10.19,46.63],[10.11,46.35],[10.07,46.22],[9.95,46.38],[9.58,46.29],[9.45,46.48],[9.46,46.51],[9.41,46.47],[9.28,46.47],[9.01,46.03],[9.02,46],[9.03,45.82],[8.92,45.91],[8.9,45.93],[8.9,45.95],[8.87,45.96],[8.76,46.1],[8.81,46.15],[8.7,46.1],[8.56,46.19],[8.53,46.22],[8.45,46.46],[8.26,46.35],[8.13,46.14],[7.86,45.92],[7.04,45.92],[6.81,46.13],[6.8,46.39],[6.94,46.38],[6.5,46.51],[6.25,46.3],[6.09,46.15],[5.96,46.13],[5.98,46.16],[5.98,46.17],[6.15,46.35],[6.16,46.35],[6.11,46.5],[6.69,47.07],[6.7,47.07],[6.7,47.08],[6.71,47.08],[6.71,47.09],[6.73,47.09],[6.74,47.09],[6.74,47.1],[6.83,47.15],[6.84,47.15],[6.85,47.16],[6.86,47.16],[6.92,47.22],[6.94,47.23],[6.94,47.24],[6.95,47.28],[6.96,47.29],[6.97,47.29],[7.05,47.35],[6.88,47.35],[7.01,47.5],[7.39,47.43],[7.59,47.59]],[[6.92,46.98],[6.64,46.78],[7.05,46.98],[6.92,46.98]]]}},{"type":"Feature","properties":{"id":"CYP"},"geometry":{"type":"Polygon","coordinates":[[[33.9,34.97],[33.89,35.12],[33.68,35.06],[33.6,34.82],[32.7,34.64],[32.4,34.75],[32.27,35.07],[32.88,35.16],[32.92,35.4],[33.65,35.36],[34.59,35.7],[33.94,35.3],[34.09,34.96],[33.9,34.97]]]}},{"type":"Feature","properties":{"id":"CZE"},"geometry":{"type":"Polygon","coordinates":[[[12.25,50.27],[12.26,50.26],[12.28,50.22],[12.29,50.18],[12.33,50.18],[12.32,50.18],[12.33,50.23],[12.35,50.24],[12.36,50.24],[12.35,50.25],[12.73,50.43],[13.34,50.61],[13.43,50.61],[13.53,50.7],[13.54,50.71],[14.23,50.87],[14.24,50.88],[14.23,50.89],[14.24,50.89],[14.33,50.98],[14.32,50.99],[14.26,50.99],[14.5,51.05],[14.58,50.94],[14.81,50.85],[14.82,50.87],[15.06,51.02],[15.31,50.86],[15.32,50.86],[15.36,50.85],[16.02,50.6],[16.39,50.62],[16.4,50.62],[16.42,50.57],[16.41,50.56],[16.4,50.55],[16.39,50.54],[16.4,50.54],[16.37,50.52],[16.37,50.51],[16.29,50.48],[16.27,50.48],[16.25,50.47],[16.23,50.45],[16.2,50.43],[16.21,50.42],[16.36,50.38],[16.36,50.37],[16.36,50.35],[16.38,50.34],[16.52,50.25],[16.52,50.24],[16.7,50.1],[17.01,50.22],[16.91,50.45],[17.35,50.26],[17.72,50.32],[17.59,50.16],[17.75,50.07],[18.35,49.93],[18.35,49.94],[18.34,49.94],[18.33,49.95],[18.37,49.94],[18.41,49.94],[18.45,49.92],[18.46,49.92],[18.48,49.91],[18.54,49.93],[18.55,49.92],[18.58,49.81],[18.61,49.77],[18.61,49.76],[18.85,49.52],[18.77,49.5],[18.72,49.5],[18.25,49.29],[17.89,48.93],[17.18,48.87],[17.18,48.86],[17.16,48.85],[17.12,48.83],[17.09,48.79],[16.99,48.69],[16.97,48.66],[16.94,48.62],[16.92,48.65],[16.92,48.66],[16.91,48.71],[16.88,48.72],[16.89,48.72],[16.88,48.72],[16.67,48.78],[16.66,48.78],[16.64,48.79],[16.62,48.78],[16.61,48.78],[16.46,48.81],[16.44,48.78],[15.93,48.82],[15.91,48.84],[15.89,48.84],[15.88,48.85],[15.84,48.86],[15.85,48.86],[15.85,48.87],[15.84,48.87],[15.84,48.88],[15.85,48.88],[15.84,48.88],[15.34,48.98],[15.33,48.98],[15.24,48.96],[15.16,48.98],[15.15,48.98],[14.99,49.01],[14.99,48.94],[14.98,48.92],[14.97,48.84],[14.97,48.83],[14.97,48.76],[14.96,48.76],[14.81,48.78],[14.81,48.77],[14.6,48.63],[14.07,48.59],[13.84,48.77],[13.41,48.98],[13.41,48.99],[13.41,49.01],[12.66,49.43],[12.48,49.84],[12.4,50.01],[12.39,50.01],[12.36,50.02],[12.36,50.03],[12.36,50.02],[12.36,50.03],[12.13,50.23],[12.25,50.27]]]}},{"type":"Feature","properties":{"id":"DEU"},"geometry":{"type":"MultiPolygon","coordinates":[[[[10.45,47.56],[10.46,47.43],[10.33,47.3],[10.18,47.3],[10.21,47.38],[10.2,47.38],[9.73,47.53],[9.56,47.59],[9.03,47.81],[9.19,47.66],[9.15,47.67],[9.14,47.66],[9.12,47.67],[8.93,47.75],[9.01,47.68],[9,47.68],[8.87,47.67],[8.79,47.68],[8.75,47.69],[8.74,47.69],[8.57,47.81],[8.41,47.67],[8.63,47.65],[8.62,47.64],[8.61,47.64],[8.61,47.65],[8.49,47.58],[8.48,47.58],[8.46,47.57],[8.44,47.57],[8.42,47.57],[8.41,47.57],[8.37,47.57],[8.22,47.62],[8.21,47.62],[8.19,47.62],[8.18,47.6],[8.17,47.6],[8.16,47.59],[8.15,47.6],[8.14,47.59],[8.11,47.58],[8.1,47.57],[8.09,47.56],[8.02,47.55],[8.01,47.55],[7.98,47.56],[7.96,47.56],[7.95,47.56],[7.94,47.54],[7.93,47.55],[7.91,47.56],[7.91,47.57],[7.91,47.58],[7.9,47.58],[7.89,47.59],[7.88,47.59],[7.87,47.59],[7.86,47.59],[7.84,47.58],[7.81,47.58],[7.8,47.56],[7.78,47.55],[7.74,47.54],[7.73,47.54],[7.72,47.54],[7.71,47.54],[7.68,47.53],[7.67,47.54],[7.59,47.59],[7.58,47.61],[7.57,47.62],[7.57,47.63],[7.56,47.64],[7.55,47.64],[7.53,47.65],[7.52,47.67],[7.52,47.68],[7.54,47.72],[7.55,47.73],[7.54,47.75],[7.54,47.76],[7.53,47.79],[7.54,47.81],[7.55,47.81],[7.56,47.84],[7.56,47.86],[7.58,47.9],[7.58,47.91],[7.58,47.92],[7.61,47.96],[7.62,47.97],[7.62,47.98],[7.61,48],[7.6,48.01],[7.57,48.03],[7.57,48.05],[7.57,48.06],[7.57,48.07],[7.57,48.08],[7.58,48.12],[7.58,48.13],[7.6,48.14],[7.6,48.15],[7.6,48.16],[7.61,48.17],[7.63,48.18],[7.64,48.2],[7.66,48.22],[7.68,48.25],[7.69,48.27],[7.69,48.28],[7.69,48.3],[7.72,48.31],[7.73,48.32],[7.74,48.32],[7.74,48.34],[7.74,48.35],[7.75,48.37],[7.73,48.37],[7.73,48.38],[7.73,48.39],[7.74,48.41],[7.74,48.42],[7.75,48.44],[7.8,48.51],[7.81,48.53],[7.81,48.55],[7.8,48.57],[7.8,48.58],[7.81,48.6],[7.82,48.61],[7.83,48.62],[7.84,48.64],[7.85,48.65],[7.88,48.66],[7.89,48.66],[7.9,48.67],[7.92,48.68],[7.92,48.69],[7.93,48.69],[7.93,48.7],[7.94,48.71],[7.95,48.71],[7.96,48.72],[7.97,48.73],[7.97,48.75],[7.97,48.76],[7.99,48.76],[8,48.76],[8.01,48.76],[8.02,48.76],[8.02,48.77],[8.04,48.79],[8.05,48.79],[8.07,48.79],[8.08,48.8],[8.09,48.81],[8.13,48.82],[8.13,48.88],[8.14,48.89],[8.15,48.91],[8.16,48.92],[8.2,48.92],[8.18,48.94],[8.19,48.95],[8.21,48.96],[8.22,48.96],[8.23,48.97],[7.45,49.18],[7.16,49.13],[7.13,49.14],[7.1,49.16],[7.1,49.15],[7.09,49.15],[7.08,49.15],[7.08,49.14],[7.09,49.13],[7.08,49.13],[7.07,49.12],[7.07,49.11],[7.06,49.11],[7.05,49.11],[7.04,49.15],[7.03,49.18],[6.74,49.16],[6.47,49.46],[6.37,49.47],[6.37,49.49],[6.37,49.52],[6.37,49.51],[6.36,49.51],[6.36,49.53],[6.37,49.58],[6.38,49.58],[6.37,49.59],[6.38,49.6],[6.42,49.62],[6.44,49.65],[6.44,49.66],[6.48,49.7],[6.5,49.71],[6.51,49.71],[6.49,49.72],[6.5,49.72],[6.51,49.72],[6.5,49.75],[6.52,49.76],[6.51,49.79],[6.53,49.81],[6.52,49.81],[6.39,49.83],[6.22,49.92],[6.22,49.93],[6.2,49.95],[6.2,49.96],[6.19,49.96],[6.14,50.13],[6.41,50.34],[6.2,50.66],[6.02,50.75],[6.02,50.98],[5.89,51.01],[6.08,51.12],[6.09,51.12],[6.1,51.26],[6.11,51.26],[6.21,51.51],[6.2,51.53],[6.18,51.54],[6.02,51.73],[6.01,51.73],[6.06,51.86],[6.06,51.87],[6.1,51.85],[6.11,51.85],[6.14,51.85],[6.15,51.84],[6.12,51.89],[6.13,51.89],[6.11,51.89],[6.73,51.9],[6.69,52.05],[7.04,52.27],[7.03,52.27],[6.73,52.56],[6.73,52.61],[6.73,52.62],[6.77,52.65],[7.06,52.64],[7.2,53.06],[7.2,53.07],[7.2,53.17],[7.21,53.18],[7.21,53.22],[7.21,53.23],[7.21,53.24],[7.36,53.32],[7,53.36],[7.16,53.63],[8.01,53.71],[8.21,53.39],[8.27,53.61],[8.55,53.54],[8.45,53.23],[8.88,53.05],[8.48,53.24],[8.66,53.89],[9.27,53.86],[9.75,53.54],[9.4,53.83],[8.8,54.02],[8.98,54.04],[8.81,54.17],[8.95,54.32],[8.59,54.34],[9.01,54.5],[8.81,54.47],[8.96,54.55],[8.6,54.88],[8.41,54.85],[8.31,54.88],[8.28,54.75],[8.3,54.91],[8.4,55.05],[8.38,54.89],[8.66,54.91],[8.72,54.89],[8.75,54.89],[8.76,54.9],[8.79,54.9],[8.8,54.9],[8.88,54.9],[8.97,54.9],[9.08,54.87],[9.09,54.87],[9.42,54.83],[9.96,54.78],[10.03,54.55],[9.83,54.47],[10.2,54.46],[10.13,54.31],[10.46,54.39],[11.13,54.39],[10.75,54.03],[11.45,53.89],[11.68,54.15],[12.11,54.12],[12.51,54.48],[12.93,54.43],[12.59,54.45],[12.42,54.25],[13.02,54.44],[13.1,54.28],[13.46,54.09],[13.7,54.17],[13.8,54.1],[13.74,54.03],[13.91,53.92],[13.81,53.88],[13.81,53.83],[14.27,53.7],[14.28,53.65],[14.28,53.64],[14.41,53.34],[14.44,53.28],[14.44,53.27],[14.44,53.25],[14.43,53.24],[14.41,53.23],[14.41,53.22],[14.41,53.21],[14.39,53.21],[14.38,53.19],[14.37,53.18],[14.37,53.17],[14.38,53.15],[14.38,53.13],[14.38,53.11],[14.37,53.11],[14.37,53.1],[14.37,53.09],[14.37,53.08],[14.34,53.08],[14.36,53.07],[14.33,53.04],[14.32,53.04],[14.31,53.03],[14.3,53.03],[14.29,53.02],[14.28,53.01],[14.24,53],[14.24,52.99],[14.22,52.99],[14.2,52.98],[14.19,52.98],[14.18,52.98],[14.14,52.96],[14.14,52.95],[14.14,52.94],[14.14,52.93],[14.15,52.93],[14.15,52.92],[14.15,52.91],[14.15,52.9],[14.15,52.87],[14.14,52.86],[14.13,52.85],[14.12,52.83],[14.14,52.82],[14.17,52.82],[14.22,52.81],[14.23,52.8],[14.24,52.8],[14.27,52.78],[14.28,52.77],[14.32,52.76],[14.33,52.76],[14.35,52.75],[14.36,52.74],[14.37,52.74],[14.38,52.73],[14.39,52.72],[14.41,52.7],[14.42,52.7],[14.43,52.69],[14.43,52.68],[14.45,52.68],[14.46,52.67],[14.48,52.66],[14.48,52.65],[14.5,52.65],[14.5,52.64],[14.52,52.64],[14.53,52.63],[14.56,52.63],[14.58,52.62],[14.59,52.61],[14.6,52.6],[14.61,52.6],[14.61,52.59],[14.64,52.57],[14.63,52.56],[14.62,52.56],[14.61,52.55],[14.61,52.54],[14.6,52.53],[14.61,52.51],[14.63,52.5],[14.63,52.49],[14.61,52.48],[14.61,52.46],[14.59,52.45],[14.57,52.44],[14.56,52.44],[14.55,52.43],[14.54,52.42],[14.55,52.41],[14.54,52.39],[14.55,52.38],[14.55,52.37],[14.55,52.36],[14.56,52.34],[14.56,52.33],[14.58,52.32],[14.58,52.31],[14.58,52.3],[14.58,52.29],[14.59,52.28],[14.6,52.27],[14.61,52.27],[14.63,52.27],[14.64,52.26],[14.67,52.26],[14.68,52.26],[14.69,52.26],[14.69,52.25],[14.7,52.24],[14.71,52.24],[14.71,52.23],[14.71,52.21],[14.69,52.19],[14.7,52.18],[14.71,52.17],[14.7,52.16],[14.69,52.16],[14.68,52.15],[14.68,52.14],[14.68,52.12],[14.69,52.11],[14.7,52.1],[14.74,52.08],[14.75,52.08],[14.76,52.07],[14.75,52.05],[14.75,52.04],[14.74,52.03],[14.74,52.02],[14.72,51.94],[14.7,51.92],[14.68,51.89],[14.67,51.89],[14.65,51.88],[14.63,51.86],[14.61,51.85],[14.59,51.84],[14.59,51.83],[14.59,51.82],[14.65,51.78],[14.65,51.77],[14.66,51.75],[14.66,51.74],[14.76,51.62],[14.74,51.59],[14.81,51.51],[14.92,51.48],[14.96,51.46],[14.96,51.45],[14.97,51.41],[14.97,51.4],[14.96,51.4],[14.98,51.37],[14.99,51.33],[15,51.32],[15.01,51.32],[15.03,51.29],[15.03,51.25],[15.01,51.18],[15,51.13],[14.99,51.12],[14.98,51.1],[14.96,51.06],[14.96,51.05],[14.95,51.04],[14.94,51.03],[14.94,51.01],[14.9,50.94],[14.82,50.87],[14.81,50.85],[14.58,50.94],[14.5,51.05],[14.26,50.99],[14.32,50.99],[14.33,50.98],[14.24,50.89],[14.23,50.89],[14.24,50.88],[14.23,50.87],[13.54,50.71],[13.53,50.7],[13.43,50.61],[13.34,50.61],[12.73,50.43],[12.35,50.25],[12.36,50.24],[12.35,50.24],[12.33,50.23],[12.32,50.18],[12.33,50.18],[12.29,50.18],[12.28,50.22],[12.26,50.26],[12.25,50.27],[12.13,50.23],[12.36,50.03],[12.36,50.02],[12.36,50.03],[12.36,50.02],[12.39,50.01],[12.4,50.01],[12.48,49.84],[12.66,49.43],[13.41,49.01],[13.41,48.99],[13.41,48.98],[13.84,48.77],[13.72,48.51],[13.7,48.52],[13.69,48.53],[13.68,48.53],[13.67,48.53],[13.66,48.54],[13.65,48.55],[13.62,48.55],[13.61,48.56],[13.6,48.57],[13.59,48.57],[13.57,48.56],[13.56,48.57],[13.55,48.57],[13.54,48.58],[13.53,48.58],[13.51,48.59],[13.5,48.58],[13.48,48.56],[13.45,48.56],[13.44,48.56],[13.44,48.55],[13.45,48.53],[13.45,48.52],[13.46,48.51],[13.45,48.5],[13.44,48.49],[13.44,48.48],[13.44,48.47],[13.43,48.47],[13.43,48.45],[13.42,48.41],[13.42,48.4],[13.42,48.39],[13.41,48.37],[13.4,48.37],[13.39,48.36],[13.38,48.36],[13.36,48.35],[13.35,48.34],[13.34,48.33],[13.33,48.33],[13.32,48.32],[13.31,48.31],[13.29,48.31],[13.27,48.3],[13.21,48.3],[13.23,48.29],[13.19,48.3],[13.18,48.29],[13.15,48.29],[13.08,48.28],[13.06,48.27],[13.05,48.26],[13.02,48.25],[13.01,48.25],[13,48.24],[12.97,48.22],[12.96,48.21],[12.95,48.21],[12.92,48.21],[12.86,48.18],[12.85,48.18],[12.84,48.17],[12.83,48.16],[12.81,48.15],[12.75,48.11],[12.75,48.09],[12.86,48.01],[12.86,48],[12.87,47.96],[12.88,47.96],[12.9,47.96],[12.92,47.95],[12.92,47.94],[12.93,47.94],[12.96,47.91],[12.97,47.9],[12.98,47.87],[12.99,47.87],[13,47.86],[13,47.85],[13,47.84],[12.99,47.84],[12.99,47.83],[12.94,47.78],[13.01,47.46],[12.77,47.67],[12.17,47.68],[12.18,47.67],[12.19,47.65],[12.2,47.64],[12.2,47.61],[12.19,47.61],[12.18,47.6],[12.18,47.61],[11.89,47.61],[11.63,47.59],[11.25,47.43],[10.98,47.4],[10.68,47.56],[10.67,47.56],[10.45,47.56]],[[12.54,53.51],[12.7,53.32],[12.77,53.44],[12.54,53.51]],[[12.57,48.92],[12.61,48.92],[12.57,48.94],[12.57,48.92]]],[[[7.74,48.36],[7.73,48.37],[7.75,48.37],[7.74,48.36]]],[[[6.49,49.72],[6.5,49.73],[6.5,49.72],[6.49,49.72]]],[[[14.23,53.93],[14.19,53.91],[14.21,53.87],[13.83,53.85],[13.94,53.91],[13.91,53.99],[14.04,53.94],[14.05,54],[13.97,54.06],[13.91,54.06],[13.86,54],[13.86,54.05],[13.77,54.02],[13.81,54.11],[13.76,54.17],[13.81,54.17],[13.87,54.1],[14.02,54.05],[14.23,53.93]]],[[[13.43,48.44],[13.44,48.43],[13.43,48.42],[13.43,48.44]]],[[[13.16,54.51],[13.37,54.58],[13.55,54.42],[13.37,54.62],[13.25,54.56],[13.28,54.65],[13.16,54.56],[13.25,54.66],[13.43,54.68],[13.72,54.27],[13.65,54.36],[13.39,54.22],[13.14,54.28],[13.16,54.51]]]]}},{"type":"Feature","properties":{"id":"DNK"},"geometry":{"type":"MultiPolygon","coordinates":[[[[9.42,54.83],[9.09,54.87],[9.08,54.87],[8.97,54.9],[8.88,54.9],[8.8,54.9],[8.78,54.9],[8.79,54.9],[8.76,54.9],[8.75,54.89],[8.72,54.89],[8.66,54.91],[8.69,55.14],[8.46,55.1],[8.69,55.16],[8.61,55.44],[8.07,55.56],[8.12,56],[8.18,55.82],[8.38,55.91],[8.13,56.12],[8.11,56],[8.11,56.37],[8.29,56.31],[8.12,56.41],[8.22,56.61],[8.73,56.48],[8.68,56.62],[9.07,56.8],[9.05,56.56],[9.15,56.66],[9.37,56.54],[9.2,56.94],[9.49,57.02],[9.57,56.93],[9.69,57.04],[9.98,57.04],[10.01,57.08],[10.31,56.98],[10.33,56.71],[9.8,56.64],[10.36,56.66],[10.04,56.46],[10.29,56.47],[10.3,56.61],[10.96,56.44],[10.71,56.14],[10.38,56.17],[10.45,56.3],[10.24,56.18],[10.19,55.84],[9.86,55.86],[10.03,55.7],[9.54,55.71],[9.86,55.63],[9.48,55.49],[9.69,55.46],[9.49,55.25],[9.72,55.25],[9.42,55.03],[9.78,54.91],[9.42,54.83]]],[[[11.86,54.77],[11.75,54.96],[12.17,54.84],[11.97,54.56],[11.86,54.77]]],[[[12.13,54.9],[12.26,55.06],[12.55,54.98],[12.13,54.9]]],[[[12.42,56.1],[12.62,56.04],[12.61,55.71],[12.22,55.53],[12.45,55.29],[12.02,55.16],[12.18,55.11],[12.03,54.96],[11.62,55.08],[11.83,55.04],[11.71,55.21],[11.26,55.2],[10.93,55.67],[11.1,55.68],[10.87,55.74],[11.21,55.7],[11.5,55.85],[11.28,56.01],[11.78,55.98],[11.65,55.72],[11.84,55.68],[11.95,55.93],[12.08,55.65],[12.02,55.96],[11.84,55.97],[12.42,56.1]]],[[[10.61,55.06],[10.07,55.08],[9.68,55.52],[10.31,55.62],[10.47,55.44],[10.62,55.62],[10.75,55.48],[10.54,55.44],[10.86,55.29],[10.61,55.06]]],[[[8.61,56.82],[8.94,56.98],[8.73,56.68],[8.5,56.72],[8.61,56.82]]],[[[10.28,56.99],[10.03,57.09],[9.94,57.05],[9.78,57.11],[8.88,57.03],[8.4,56.68],[8.59,56.6],[8.21,56.72],[8.59,57.12],[9.39,57.16],[9.96,57.6],[10.62,57.75],[10.28,56.99]]],[[[10.98,54.83],[11.18,54.96],[11.64,54.8],[11.65,54.9],[11.86,54.69],[11.5,54.59],[10.98,54.83]]],[[[14.7,55.12],[14.77,55.3],[15.16,55.08],[15.07,54.99],[14.7,55.12]]]]}},{"type":"Feature","properties":{"id":"EST"},"geometry":{"type":"MultiPolygon","coordinates":[[[[28.04,59.47],[28.11,59.45],[28.12,59.44],[28.17,59.41],[28.18,59.4],[28.21,59.38],[28.2,59.37],[28.19,59.35],[28.01,59.28],[28,59.28],[27.96,59.27],[27.95,59.27],[27.92,59.25],[27.9,59.24],[27.9,59.23],[27.9,59.2],[27.89,59.2],[27.88,59.18],[27.88,59.17],[27.85,59.15],[27.84,59.15],[27.83,59.14],[27.82,59.14],[27.81,59.13],[27.8,59.1],[27.79,59.09],[27.79,59.08],[27.79,59.07],[27.78,59.07],[27.77,59.06],[27.77,59.05],[27.77,59.04],[27.74,59.02],[27.74,59.01],[27.74,59],[27.75,59],[27.75,58.99],[27.16,58.98],[26.94,58.83],[27.62,58.01],[27.63,58.01],[27.64,58],[27.65,58.02],[27.68,58.01],[27.69,58],[27.7,58],[27.72,57.91],[27.71,57.91],[27.72,57.91],[27.73,57.91],[27.75,57.9],[27.81,57.87],[27.82,57.87],[27.71,57.84],[27.71,57.85],[27.58,57.83],[27.56,57.83],[27.55,57.83],[27.55,57.82],[27.38,57.66],[27.35,57.52],[27.07,57.58],[26.85,57.59],[26.62,57.51],[26.24,57.63],[26.24,57.65],[26.23,57.65],[26.24,57.66],[26.23,57.66],[26.21,57.67],[25.67,57.91],[25.66,57.91],[25.3,58.08],[24.93,58],[24.92,58],[24.82,57.98],[24.79,57.99],[24.78,57.99],[24.35,57.88],[24.58,58.32],[24.31,58.38],[24.12,58.23],[23.75,58.34],[23.49,58.69],[23.76,58.78],[23.45,58.76],[23.42,58.91],[23.66,58.98],[23.4,59.03],[23.51,59.23],[24.7,59.47],[24.8,59.57],[25.44,59.49],[25.7,59.68],[26.98,59.43],[28.04,59.47]],[[26.02,58.19],[26.06,58.1],[26.15,58.41],[25.9,58.31],[26.02,58.19]]],[[[22.75,59.01],[23.07,58.84],[22.64,58.69],[22.04,58.93],[22.58,59.09],[22.75,59.01]]],[[[23.15,58.56],[23.15,58.68],[23.35,58.65],[23.39,58.51],[23.13,58.54],[23.31,58.43],[22.3,58.2],[22.02,57.92],[22.22,58.14],[21.83,58.28],[22.02,58.37],[21.84,58.48],[22.11,58.42],[22.54,58.64],[23.15,58.56]]]]}},{"type":"Feature","properties":{"id":"ESP"},"geometry":{"type":"MultiPolygon","coordinates":[[[[-1.79,43.35],[-1.77,43.34],[-1.76,43.34],[-1.74,43.31],[-1.73,43.31],[-1.38,43.25],[-1.44,43.05],[-1.27,43.12],[-1.01,42.99],[-0.6,42.83],[-0.58,42.81],[-0.57,42.81],[-0.42,42.81],[-0.41,42.81],[-0.32,42.84],[-0.3,42.84],[0.13,42.71],[0.68,42.69],[0.75,42.85],[1.05,42.78],[1.06,42.78],[1.18,42.71],[1.19,42.72],[1.44,42.6],[1.44,42.59],[1.43,42.59],[1.45,42.44],[1.66,42.49],[1.73,42.5],[1.75,42.49],[1.8,42.49],[1.96,42.41],[2.46,42.37],[2.46,42.36],[3.17,42.44],[3.32,42.32],[3.11,42.23],[3.18,41.87],[2.15,41.3],[0.99,41.04],[0.7,40.81],[0.87,40.69],[0.59,40.62],[0.05,40.04],[-0.34,39.43],[-0.16,38.99],[0.23,38.73],[-0.64,38.2],[-0.86,37.72],[-0.69,37.63],[-1.35,37.55],[-1.78,37.26],[-2.06,36.78],[-2.31,36.84],[-2.7,36.68],[-4.41,36.72],[-4.64,36.51],[-5.18,36.41],[-5.34,36.15],[-5.35,36.15],[-5.61,36],[-6.04,36.18],[-6.32,36.53],[-6.18,36.47],[-6.14,36.6],[-6.39,36.63],[-6.46,36.92],[-6.93,37.18],[-6.82,37.31],[-6.94,37.21],[-6.97,37.32],[-6.95,37.16],[-7.41,37.22],[-7.42,37.23],[-7.43,37.26],[-7.43,37.27],[-7.42,37.28],[-7.44,37.3],[-7.44,37.31],[-7.44,37.32],[-7.44,37.33],[-7.44,37.34],[-7.44,37.37],[-7.44,37.39],[-7.45,37.42],[-7.46,37.43],[-7.46,37.44],[-7.46,37.46],[-7.47,37.46],[-7.47,37.49],[-7.49,37.5],[-7.49,37.51],[-7.51,37.52],[-7.51,37.53],[-7.51,37.54],[-7.52,37.55],[-7.52,37.57],[-7.5,37.59],[-7.47,37.64],[-7.46,37.64],[-7.46,37.65],[-7.26,37.98],[-6.99,38.1],[-6.94,38.22],[-7.09,38.17],[-7.31,38.45],[-7.3,38.52],[-7.3,38.55],[-7.29,38.56],[-7.26,38.6],[-7.24,38.62],[-7.25,38.63],[-7.26,38.63],[-7.27,38.65],[-7.26,38.71],[-7.25,38.73],[-7.21,38.75],[-7.2,38.76],[-7.16,38.79],[-7.14,38.8],[-7.14,38.81],[-7.08,38.84],[-6.95,39.02],[-7.12,39.1],[-7.13,39.11],[-7.52,39.67],[-7.51,39.67],[-7.47,39.66],[-7.39,39.65],[-7.38,39.65],[-7.35,39.64],[-7.33,39.64],[-7.25,39.67],[-7.02,39.67],[-6.97,39.83],[-6.86,40.01],[-7.03,40.19],[-6.79,40.33],[-6.82,40.61],[-6.9,41.03],[-6.88,41.03],[-6.87,41.03],[-6.86,41.03],[-6.85,41.03],[-6.83,41.03],[-6.81,41.04],[-6.81,41.05],[-6.79,41.06],[-6.78,41.07],[-6.77,41.08],[-6.77,41.09],[-6.76,41.09],[-6.76,41.1],[-6.77,41.13],[-6.77,41.14],[-6.75,41.15],[-6.74,41.15],[-6.73,41.16],[-6.72,41.17],[-6.7,41.19],[-6.66,41.23],[-6.64,41.25],[-6.64,41.24],[-6.63,41.24],[-6.6,41.24],[-6.59,41.24],[-6.57,41.24],[-6.51,41.26],[-6.5,41.27],[-6.48,41.28],[-6.46,41.3],[-6.45,41.3],[-6.44,41.31],[-6.42,41.32],[-6.42,41.33],[-6.42,41.34],[-6.41,41.35],[-6.38,41.36],[-6.39,41.38],[-6.37,41.39],[-6.35,41.38],[-6.34,41.38],[-6.33,41.41],[-6.3,41.42],[-6.3,41.43],[-6.3,41.44],[-6.31,41.45],[-6.29,41.48],[-6.26,41.49],[-6.27,41.49],[-6.26,41.64],[-6.55,41.69],[-6.55,41.94],[-6.81,41.97],[-7.14,41.99],[-7.43,41.81],[-7.91,41.91],[-7.91,41.9],[-8.2,41.87],[-8.22,41.9],[-8.22,41.91],[-8.08,42.05],[-8.28,42.12],[-8.32,42.1],[-8.39,42.08],[-8.4,42.08],[-8.44,42.08],[-8.46,42.08],[-8.47,42.08],[-8.5,42.08],[-8.51,42.08],[-8.53,42.07],[-8.53,42.06],[-8.55,42.05],[-8.57,42.05],[-8.61,42.05],[-8.63,42.05],[-8.64,42.05],[-8.65,42.03],[-8.66,42.03],[-8.67,42],[-8.69,41.99],[-8.7,41.98],[-8.71,41.98],[-8.72,41.98],[-8.74,41.97],[-8.75,41.96],[-8.75,41.94],[-8.77,41.93],[-8.78,41.92],[-8.79,41.92],[-8.8,41.92],[-8.81,41.91],[-8.82,41.91],[-8.84,41.89],[-8.85,41.87],[-8.87,41.87],[-8.9,42.11],[-8.57,42.34],[-8.86,42.31],[-8.59,42.45],[-8.94,42.46],[-8.73,42.69],[-9.04,42.52],[-8.89,42.82],[-9.09,42.74],[-9.3,43.06],[-8.84,43.35],[-8.31,43.41],[-8.21,43.28],[-8.12,43.43],[-8.32,43.45],[-8.15,43.52],[-8.33,43.45],[-8.33,43.56],[-7.9,43.77],[-7.87,43.66],[-7.69,43.79],[-7.6,43.65],[-7.47,43.72],[-7.06,43.47],[-6.94,43.57],[-5.91,43.55],[-5.84,43.66],[-4.62,43.4],[-3.55,43.51],[-3.12,43.33],[-2.95,43.27],[-3.04,43.37],[-2.75,43.46],[-2.25,43.28],[-1.79,43.35]]],[[[1.38,38.64],[1.4,38.74],[1.58,38.67],[1.38,38.64]]],[[[1.45,38.91],[1.37,38.83],[1.21,38.96],[1.54,39.12],[1.45,38.91]]],[[[4.28,39.81],[3.79,40.02],[4.17,40.06],[4.28,39.81]]],[[[3.23,39.74],[3.48,39.72],[3.07,39.27],[2.67,39.56],[2.52,39.46],[2.35,39.56],[2.95,39.92],[3.21,39.96],[3.08,39.89],[3.23,39.74]]]]}},{"type":"Feature","properties":{"id":"FIN"},"geometry":{"type":"MultiPolygon","coordinates":[[[[24.14,65.88],[24.11,65.91],[24.11,65.92],[24.09,65.93],[24.08,65.94],[24.07,65.95],[24.06,65.95],[24.05,65.96],[24.04,65.96],[24.05,65.97],[24.05,65.98],[24.06,66.02],[24,66.03],[23.99,66.04],[23.94,66.09],[23.94,66.1],[23.95,66.1],[23.95,66.11],[23.94,66.11],[23.94,66.12],[23.92,66.14],[23.93,66.15],[23.92,66.16],[23.91,66.16],[23.85,66.17],[23.83,66.17],[23.82,66.17],[23.79,66.18],[23.77,66.19],[23.75,66.19],[23.74,66.19],[23.73,66.19],[23.73,66.2],[23.77,66.2],[23.72,66.22],[23.7,66.23],[23.7,66.24],[23.68,66.26],[23.67,66.26],[23.65,66.3],[23.65,66.31],[23.66,66.36],[23.68,66.39],[23.67,66.4],[23.65,66.41],[23.65,66.42],[23.65,66.45],[23.65,66.46],[23.66,66.46],[23.67,66.46],[23.72,66.48],[23.71,66.49],[23.72,66.5],[23.73,66.5],[23.77,66.51],[23.79,66.52],[23.8,66.52],[23.79,66.54],[23.8,66.54],[23.84,66.55],[23.86,66.57],[23.87,66.57],[23.88,66.61],[23.88,66.62],[23.87,66.63],[23.87,66.64],[23.87,66.65],[23.87,66.66],[23.87,66.67],[23.89,66.7],[23.9,66.71],[23.9,66.73],[23.89,66.74],[23.89,66.75],[23.88,66.75],[23.88,66.76],[23.9,66.77],[23.91,66.77],[23.92,66.77],[23.91,66.78],[23.94,66.79],[23.95,66.79],[23.98,66.78],[23.98,66.79],[23.98,66.8],[23.99,66.8],[23.99,66.81],[24,66.82],[23.99,66.83],[23.98,66.84],[23.97,66.85],[23.96,66.85],[23.96,66.86],[23.95,66.86],[23.94,66.88],[23.93,66.88],[23.91,66.89],[23.91,66.9],[23.9,66.9],[23.87,66.92],[23.84,66.96],[23.82,66.97],[23.81,66.98],[23.8,66.99],[23.78,67],[23.76,67],[23.76,67.01],[23.75,67.01],[23.74,67.02],[23.72,67.03],[23.71,67.04],[23.71,67.05],[23.7,67.05],[23.68,67.06],[23.67,67.07],[23.67,67.08],[23.66,67.09],[23.66,67.1],[23.65,67.11],[23.63,67.12],[23.62,67.12],[23.62,67.13],[23.61,67.13],[23.6,67.14],[23.59,67.14],[23.58,67.15],[23.56,67.16],[23.55,67.17],[23.57,67.19],[23.58,67.19],[23.59,67.19],[23.59,67.2],[23.59,67.21],[23.57,67.22],[23.55,67.22],[23.56,67.23],[23.56,67.24],[23.55,67.25],[23.57,67.25],[23.57,67.26],[23.56,67.26],[23.57,67.26],[23.58,67.27],[23.59,67.27],[23.61,67.27],[23.63,67.27],[23.66,67.28],[23.68,67.28],[23.7,67.28],[23.72,67.28],[23.74,67.3],[23.75,67.31],[23.75,67.32],[23.76,67.33],[23.77,67.34],[23.76,67.35],[23.74,67.35],[23.74,67.36],[23.73,67.37],[23.72,67.38],[23.73,67.39],[23.74,67.4],[23.75,67.4],[23.75,67.41],[23.75,67.42],[23.76,67.42],[23.76,67.43],[23.75,67.44],[23.74,67.44],[23.72,67.44],[23.69,67.44],[23.68,67.44],[23.65,67.45],[23.64,67.45],[23.63,67.45],[23.6,67.45],[23.59,67.45],[23.58,67.46],[23.57,67.46],[23.55,67.46],[23.54,67.46],[23.52,67.45],[23.48,67.45],[23.45,67.46],[23.44,67.46],[23.42,67.47],[23.41,67.47],[23.41,67.48],[23.4,67.48],[23.39,67.48],[23.41,67.5],[23.43,67.51],[23.48,67.53],[23.48,67.54],[23.48,67.55],[23.47,67.56],[23.49,67.57],[23.5,67.56],[23.51,67.57],[23.52,67.57],[23.53,67.58],[23.54,67.58],[23.54,67.59],[23.54,67.6],[23.54,67.61],[23.56,67.62],[23.54,67.63],[23.53,67.64],[23.52,67.64],[23.5,67.66],[23.49,67.67],[23.5,67.68],[23.49,67.69],[23.49,67.7],[23.48,67.7],[23.48,67.71],[23.48,67.72],[23.49,67.73],[23.48,67.74],[23.49,67.75],[23.49,67.76],[23.48,67.78],[23.49,67.78],[23.49,67.79],[23.49,67.8],[23.48,67.8],[23.47,67.82],[23.48,67.82],[23.48,67.83],[23.48,67.84],[23.49,67.85],[23.49,67.86],[23.5,67.87],[23.51,67.87],[23.51,67.88],[23.52,67.88],[23.53,67.89],[23.54,67.89],[23.56,67.9],[23.58,67.89],[23.59,67.9],[23.6,67.9],[23.62,67.91],[23.64,67.91],[23.64,67.92],[23.65,67.93],[23.65,67.94],[23.66,67.95],[23.65,67.95],[23.61,67.97],[23.6,67.97],[23.59,67.97],[23.58,67.97],[23.57,67.97],[23.56,67.98],[23.54,67.99],[23.52,68.01],[23.5,68.01],[23.48,68.02],[23.47,68.02],[23.47,68.03],[23.45,68.04],[23.44,68.04],[23.42,68.04],[23.41,68.04],[23.4,68.04],[23.39,68.05],[23.39,68.06],[23.37,68.06],[23.37,68.07],[23.36,68.08],[23.35,68.09],[23.34,68.1],[23.33,68.11],[23.33,68.12],[23.33,68.13],[23.32,68.14],[23.31,68.14],[23.31,68.15],[23.3,68.15],[23.29,68.15],[23.28,68.16],[23.27,68.16],[23.26,68.16],[23.25,68.15],[23.24,68.15],[23.23,68.15],[23.19,68.14],[23.18,68.14],[23.17,68.13],[23.15,68.14],[23.14,68.15],[23.14,68.16],[23.14,68.17],[23.14,68.18],[23.15,68.18],[23.16,68.19],[23.16,68.2],[23.15,68.2],[23.14,68.21],[23.15,68.21],[23.14,68.22],[23.15,68.22],[23.15,68.23],[23.15,68.24],[23.14,68.25],[23.12,68.25],[23.11,68.25],[23.1,68.26],[23.09,68.26],[23.08,68.27],[23.07,68.27],[23.07,68.28],[23.07,68.29],[23.07,68.3],[23.03,68.31],[23.02,68.31],[23,68.32],[22.96,68.33],[22.91,68.34],[22.9,68.35],[22.88,68.35],[22.87,68.35],[22.85,68.36],[22.84,68.37],[22.85,68.38],[22.84,68.38],[22.82,68.39],[22.8,68.39],[22.79,68.39],[22.78,68.39],[22.77,68.39],[22.75,68.38],[22.73,68.39],[22.71,68.4],[22.7,68.4],[22.69,68.4],[22.69,68.41],[22.66,68.41],[22.65,68.42],[22.64,68.42],[22.64,68.43],[22.63,68.43],[22.62,68.43],[22.59,68.42],[22.58,68.42],[22.57,68.43],[22.56,68.43],[22.53,68.44],[22.51,68.44],[22.49,68.44],[22.46,68.44],[22.45,68.45],[22.44,68.46],[22.42,68.46],[22.4,68.46],[22.39,68.46],[22.36,68.45],[22.35,68.45],[22.35,68.46],[22.34,68.47],[22.35,68.47],[22.35,68.48],[22.31,68.48],[22.3,68.48],[22.26,68.48],[22.24,68.48],[22.23,68.48],[22.21,68.48],[22.15,68.47],[22.13,68.47],[22.11,68.48],[22.1,68.48],[22.07,68.48],[22.06,68.48],[22.04,68.48],[22.03,68.49],[22.02,68.49],[22.02,68.5],[22,68.53],[21.98,68.54],[21.97,68.54],[21.97,68.55],[21.96,68.55],[21.95,68.56],[21.94,68.56],[21.92,68.57],[21.9,68.58],[21.89,68.58],[21.88,68.58],[21.87,68.58],[21.86,68.59],[21.85,68.59],[21.83,68.59],[21.78,68.59],[21.76,68.59],[21.75,68.59],[21.73,68.59],[21.71,68.59],[21.7,68.59],[21.7,68.6],[21.71,68.62],[21.71,68.63],[21.67,68.64],[21.66,68.64],[21.65,68.65],[21.64,68.65],[21.62,68.66],[21.6,68.67],[21.56,68.68],[21.54,68.68],[21.53,68.68],[21.51,68.68],[21.49,68.68],[21.48,68.68],[21.45,68.69],[21.44,68.69],[21.42,68.7],[21.42,68.71],[21.42,68.72],[21.41,68.73],[21.41,68.74],[21.41,68.75],[21.39,68.76],[21.36,68.77],[21.32,68.76],[21.31,68.76],[21.29,68.77],[21.28,68.78],[21.27,68.78],[21.26,68.79],[21.25,68.8],[21.24,68.81],[21.23,68.81],[21.18,68.83],[21.17,68.83],[21.14,68.84],[21.13,68.85],[21.12,68.86],[21.1,68.86],[21.08,68.86],[21.07,68.87],[21.06,68.88],[21.04,68.88],[21.02,68.89],[20.99,68.9],[20.97,68.89],[20.96,68.89],[20.96,68.9],[20.94,68.9],[20.92,68.9],[20.9,68.9],[20.89,68.91],[20.88,68.92],[20.87,68.92],[20.85,68.93],[20.86,68.94],[20.85,68.99],[20.83,69],[20.65,69.04],[20.64,69.04],[20.61,69.05],[20.57,69.06],[20.56,69.06],[20.55,69.06],[20.65,69.1],[20.66,69.1],[21.07,69.05],[21.07,69.06],[21.02,69.16],[21.05,69.24],[21.49,69.29],[21.51,69.29],[21.53,69.29],[21.65,69.26],[21.66,69.26],[21.97,69.08],[22.01,69.05],[22.02,69.05],[22.2,68.91],[22.23,68.9],[22.28,68.87],[22.28,68.86],[22.3,68.85],[22.31,68.85],[22.37,68.74],[22.45,68.73],[22.46,68.73],[22.93,68.69],[22.94,68.69],[23.33,68.67],[23.38,68.68],[23.42,68.69],[23.99,68.82],[24.01,68.82],[24.03,68.8],[24.04,68.8],[24.48,68.7],[24.65,68.67],[24.79,68.63],[24.8,68.62],[24.86,68.56],[24.88,68.56],[25.12,68.64],[25.11,68.65],[25.11,68.66],[25.12,68.66],[25.11,68.66],[25.11,68.67],[25.11,68.69],[25.11,68.7],[25.13,68.72],[25.14,68.78],[25.18,68.81],[25.22,68.82],[25.23,68.82],[25.29,68.85],[25.29,68.86],[25.31,68.86],[25.32,68.86],[25.4,68.89],[25.44,68.9],[25.51,68.89],[25.66,68.91],[25.67,68.92],[25.67,68.93],[25.69,68.94],[25.71,68.97],[25.71,68.98],[25.72,68.99],[25.74,69],[25.75,69],[25.76,69],[25.77,69.01],[25.78,69.02],[25.75,69.03],[25.75,69.04],[25.75,69.05],[25.74,69.07],[25.73,69.07],[25.73,69.1],[25.73,69.11],[25.72,69.11],[25.72,69.12],[25.73,69.12],[25.73,69.13],[25.74,69.13],[25.74,69.14],[25.74,69.15],[25.73,69.15],[25.72,69.16],[25.72,69.17],[25.72,69.18],[25.71,69.18],[25.71,69.19],[25.7,69.19],[25.7,69.2],[25.69,69.2],[25.71,69.21],[25.71,69.24],[25.73,69.26],[25.75,69.29],[25.75,69.3],[25.74,69.31],[25.78,69.35],[25.8,69.36],[25.82,69.36],[25.82,69.37],[25.81,69.37],[25.83,69.39],[25.85,69.4],[25.84,69.4],[25.83,69.4],[25.83,69.41],[25.82,69.41],[25.81,69.41],[25.82,69.41],[25.81,69.43],[25.81,69.44],[25.82,69.44],[25.82,69.45],[25.83,69.46],[25.83,69.47],[25.84,69.47],[25.85,69.47],[25.86,69.47],[25.86,69.48],[25.85,69.49],[25.85,69.5],[25.87,69.52],[25.88,69.52],[25.88,69.53],[25.87,69.53],[25.86,69.54],[25.85,69.54],[25.84,69.55],[25.86,69.55],[25.88,69.56],[25.9,69.56],[25.92,69.57],[25.93,69.57],[25.94,69.58],[25.95,69.58],[25.95,69.59],[25.96,69.6],[25.97,69.6],[25.97,69.61],[25.96,69.62],[25.96,69.63],[25.95,69.65],[25.93,69.65],[25.92,69.66],[25.89,69.66],[25.9,69.67],[25.91,69.68],[25.94,69.68],[25.95,69.69],[25.96,69.7],[26.04,69.72],[26.05,69.72],[26.1,69.73],[26.11,69.73],[26.13,69.74],[26.15,69.75],[26.16,69.76],[26.18,69.76],[26.18,69.77],[26.19,69.77],[26.19,69.78],[26.22,69.78],[26.23,69.79],[26.24,69.79],[26.25,69.8],[26.24,69.81],[26.25,69.82],[26.26,69.82],[26.27,69.82],[26.28,69.83],[26.3,69.83],[26.32,69.83],[26.33,69.84],[26.34,69.84],[26.35,69.85],[26.37,69.85],[26.38,69.85],[26.39,69.86],[26.4,69.87],[26.42,69.89],[26.41,69.9],[26.44,69.91],[26.45,69.92],[26.46,69.92],[26.46,69.93],[26.48,69.94],[26.49,69.95],[26.51,69.95],[26.53,69.95],[26.54,69.95],[26.55,69.95],[26.56,69.95],[26.57,69.95],[26.59,69.95],[26.59,69.96],[26.61,69.96],[26.62,69.96],[26.63,69.96],[26.64,69.96],[26.67,69.96],[26.68,69.96],[26.69,69.96],[26.7,69.95],[26.71,69.95],[26.72,69.95],[26.74,69.95],[26.76,69.95],[26.77,69.96],[26.8,69.96],[26.82,69.96],[26.84,69.96],[26.86,69.96],[26.86,69.95],[26.86,69.94],[26.87,69.94],[26.89,69.93],[26.92,69.94],[26.94,69.94],[26.95,69.94],[26.99,69.93],[27,69.93],[27.01,69.92],[27.02,69.92],[27.03,69.91],[27.61,70.07],[27.99,70.01],[28.01,70],[28.25,69.9],[28.28,69.89],[28.36,69.84],[28.39,69.82],[28.56,69.79],[28.58,69.79],[28.87,69.74],[28.9,69.73],[29.03,69.71],[29.26,69.55],[29.27,69.54],[29.19,69.38],[29.18,69.38],[29.01,69.3],[29,69.3],[28.97,69.29],[28.96,69.28],[28.83,69.21],[28.83,69.2],[28.83,69.19],[28.82,69.15],[28.82,69.14],[28.84,69.09],[28.84,69.08],[28.93,69.05],[28.83,69.02],[28.82,69.02],[28.52,68.89],[28.65,68.89],[28.66,68.89],[28.79,68.85],[28.74,68.79],[28.74,68.78],[28.7,68.72],[28.68,68.72],[28.53,68.61],[28.47,68.48],[28.48,68.47],[28.65,68.2],[29.33,68.07],[30.02,67.67],[29.48,67.26],[29.45,67.24],[29.11,66.81],[29.13,66.79],[29.37,66.62],[29.38,66.61],[29.39,66.6],[29.4,66.6],[29.49,66.53],[29.49,66.52],[29.49,66.53],[29.7,66.28],[29.7,66.27],[29.71,66.27],[29.82,66.2],[29.84,66.19],[29.84,66.18],[29.85,66.18],[29.97,66.05],[29.96,66.04],[29.98,66.04],[30.01,65.97],[30.02,65.96],[30.05,65.93],[30.05,65.92],[30.06,65.91],[30.07,65.9],[30.07,65.89],[30.1,65.82],[30.1,65.8],[30.12,65.75],[30.12,65.74],[30.13,65.71],[30.07,65.68],[30.06,65.68],[30.03,65.69],[30,65.69],[29.92,65.68],[29.88,65.69],[29.89,65.67],[29.84,65.66],[29.79,65.65],[29.74,65.62],[29.75,65.62],[29.75,65.61],[29.84,65.55],[29.76,65.5],[29.75,65.49],[29.73,65.44],[29.6,65.26],[29.61,65.26],[29.84,65.22],[29.85,65.22],[29.84,65.15],[29.82,65.15],[29.86,65.13],[29.85,65.13],[29.87,65.12],[29.9,65.11],[29.74,65.09],[29.68,65.08],[29.65,65.07],[29.63,65.06],[29.62,65.05],[29.62,65.04],[29.62,65.02],[29.61,65.01],[29.6,65],[29.61,64.97],[29.62,64.96],[29.62,64.95],[29.61,64.93],[29.61,64.92],[29.66,64.86],[29.67,64.86],[29.69,64.82],[29.7,64.81],[29.71,64.81],[29.74,64.79],[29.76,64.79],[29.87,64.79],[29.99,64.79],[30,64.79],[30.03,64.79],[30.04,64.79],[30.06,64.79],[30.07,64.78],[30.09,64.76],[30.05,64.72],[30.06,64.71],[30.09,64.68],[30.1,64.68],[30.13,64.65],[30.13,64.64],[30.12,64.63],[30.11,64.62],[30.09,64.62],[30.02,64.6],[29.99,64.59],[30,64.58],[29.99,64.55],[30.05,64.46],[30.06,64.45],[30.05,64.42],[30.05,64.4],[30.06,64.39],[30.14,64.36],[30.15,64.36],[30.32,64.31],[30.37,64.28],[30.44,64.27],[30.45,64.26],[30.55,64.09],[30.54,64.08],[30.54,64.07],[30.37,63.94],[30.36,63.94],[30,63.76],[29.99,63.76],[30.02,63.73],[30.06,63.71],[30.07,63.7],[30.09,63.69],[30.1,63.68],[30.11,63.68],[30.12,63.67],[30.21,63.63],[30.25,63.59],[30.27,63.58],[30.3,63.57],[30.34,63.56],[30.35,63.56],[30.38,63.55],[30.37,63.55],[30.38,63.55],[30.39,63.55],[30.42,63.52],[30.45,63.49],[30.79,63.41],[30.81,63.39],[30.84,63.38],[30.83,63.38],[30.84,63.38],[30.84,63.37],[30.93,63.36],[30.94,63.34],[30.98,63.31],[30.99,63.31],[30.99,63.3],[31,63.3],[31.09,63.28],[31.1,63.27],[31.12,63.27],[31.15,63.26],[31.15,63.25],[31.16,63.25],[31.21,63.23],[31.24,63.21],[31.24,63.19],[31.25,63.18],[31.25,63.17],[31.26,63.16],[31.26,63.15],[31.26,63.14],[31.26,63.13],[31.29,63.1],[31.31,63.09],[31.36,63.07],[31.37,63.07],[31.38,63.06],[31.38,63.05],[31.41,63.04],[31.43,63.04],[31.44,63.04],[31.45,63.01],[31.49,63],[31.52,62.98],[31.57,62.92],[31.58,62.92],[31.59,62.91],[31.58,62.91],[31.44,62.79],[31.44,62.78],[31.38,62.69],[31.38,62.67],[31.25,62.53],[31.15,62.45],[30.96,62.32],[30.94,62.31],[30.91,62.31],[30.89,62.3],[30.75,62.23],[30.74,62.23],[30.68,62.21],[30.67,62.21],[30.66,62.21],[30.65,62.21],[30.63,62.18],[30.54,62.1],[30.45,62.04],[30.31,61.95],[30.31,61.94],[30.16,61.86],[29.93,62.05],[29.79,61.81],[30.08,61.82],[30.06,61.81],[30.03,61.76],[29.97,61.73],[29.94,61.72],[29.93,61.71],[29.88,61.69],[29.86,61.67],[29.84,61.67],[29.8,61.63],[29.79,61.62],[29.75,61.6],[29.73,61.59],[29.7,61.56],[29.64,61.52],[29.65,61.52],[29.55,61.49],[29.52,61.49],[29.31,61.33],[29.14,61.23],[29.13,61.23],[28.9,61.14],[28.87,61.14],[28.83,61.12],[28.82,61.12],[28.81,61.11],[28.71,61.04],[28.71,61.02],[28.62,60.95],[28.61,60.95],[28.59,60.95],[28.55,60.96],[28.52,60.96],[28.52,60.95],[28.34,60.86],[28.32,60.86],[28.28,60.82],[28.18,60.78],[28.17,60.78],[28.14,60.74],[28.13,60.74],[28.08,60.72],[28.08,60.71],[28.06,60.71],[28.06,60.7],[27.99,60.67],[27.84,60.57],[27.79,60.54],[27.48,60.46],[27.18,60.59],[26.2,60.36],[25.92,60.49],[26.12,60.33],[25.84,60.41],[25.9,60.25],[25.69,60.38],[25.46,60.23],[24.56,60.17],[24.39,59.97],[24.33,60.09],[23.41,59.92],[23.55,60.1],[23.25,59.84],[22.91,59.81],[23.3,59.96],[23.33,60.04],[23.28,59.97],[23.16,59.91],[23.23,59.96],[23.19,59.98],[23.11,59.94],[23.11,60],[23.23,60.04],[23.04,59.99],[23.03,59.91],[22.81,59.98],[23.27,60.06],[22.87,60.16],[23.08,60.38],[22.52,60.21],[22.63,60.41],[22.32,60.37],[21.9,60.55],[21.7,60.46],[21.84,60.64],[21.58,60.65],[21.61,60.49],[21.49,60.59],[21.17,60.88],[21.29,61.01],[21.44,60.91],[21.46,61.6],[21.68,61.56],[21.06,62.62],[21.47,63.08],[21.68,63.05],[21.54,63.27],[22.01,63.16],[22.49,63.57],[22.82,63.9],[22.79,63.69],[23.41,64.09],[23.62,64.05],[24.54,64.82],[25.1,64.92],[25.31,64.83],[25.19,64.98],[25.49,64.96],[25.18,65.59],[24.14,65.88]],[[28.28,61.38],[28.13,61.44],[28.17,61.5],[27.93,61.61],[27.93,61.37],[27.35,61.46],[27.77,61.35],[27.69,61.25],[28.39,61.17],[27.82,61.17],[28.13,61.05],[28.85,61.25],[28.65,61.37],[28.61,61.2],[28.28,61.38]],[[23.82,61.6],[23.82,61.87],[23.55,61.71],[23.69,61.6],[23.51,61.47],[23.82,61.6]],[[24.87,61.59],[24.87,61.6],[24.87,61.61],[24.87,61.62],[24.87,61.61],[24.87,61.6],[24.83,61.6],[24.87,61.59]],[[25.4,61.6],[25.31,61.6],[25.51,61.19],[25.58,61.22],[25.66,61.19],[25.64,61.63],[25.88,62.2],[25.42,61.77],[25.18,61.83],[25.4,61.6]],[[26.19,61.6],[26.19,61.61],[26.06,61.6],[26.19,61.6]],[[26.54,61.94],[26.46,61.81],[26.94,61.66],[26.93,61.83],[26.54,61.94]],[[27.77,62.65],[28.01,62.79],[27.75,62.92],[28.27,63],[27.73,63.11],[27.69,62.94],[27.25,63.17],[27.29,63.05],[27.55,62.85],[27.73,62.92],[27.77,62.65]],[[24.35,61.61],[24.11,61.33],[24.3,61.52],[24.65,61.5],[24.35,61.61]],[[26.38,62.86],[26.59,62.66],[26.62,62.86],[26.38,62.86]],[[26.76,62.96],[26.7,62.79],[26.94,62.71],[26.78,62.82],[27.07,62.85],[26.76,62.96]],[[27.69,64.38],[27.38,64.31],[27.16,64.55],[26.72,64.44],[27.25,64.12],[28.01,64.36],[27.69,64.38]],[[28.39,69.15],[28.59,69.19],[28.61,69.19],[28.59,69.19],[28.43,69.22],[27.6,69.03],[27.69,69.03],[27.47,69.01],[27.01,68.91],[27.31,68.93],[27.33,68.88],[27.42,68.77],[27.33,68.78],[27.42,68.77],[27.84,68.82],[27.86,68.8],[27.84,68.82],[27.88,68.9],[27.91,68.93],[28.04,68.88],[28.28,68.85],[28.11,69.07],[28.43,69.07],[28.39,69.15]],[[26.65,63.03],[26.77,63.25],[26.51,63.39],[26.66,63.21],[26.38,63.17],[26.65,63.03]],[[27.39,68.06],[27.26,67.89],[27.76,67.81],[27.9,67.96],[27.39,68.06]],[[27.86,66.58],[27.38,66.71],[27.31,66.5],[27.33,66.5],[27.31,66.5],[27.42,66.52],[27.91,66.58],[27.86,66.58]],[[26.65,68.07],[26.27,68.16],[26.87,67.97],[26.65,68.07]],[[29.09,61.62],[29.09,61.61],[29.05,61.6],[28.94,61.86],[28.61,61.84],[28.43,61.7],[28.96,61.71],[28.96,61.62],[29.05,61.6],[29.09,61.61],[29.09,61.62]],[[28.43,61.59],[28.28,61.48],[28.68,61.5],[28.43,61.59]],[[27.77,61.68],[27.77,61.67],[27.69,61.6],[27.91,61.62],[27.77,61.67],[27.77,61.68]],[[29.58,62.02],[29.22,62],[29.19,61.75],[29.38,61.69],[29.36,61.73],[29.29,61.81],[29.4,61.72],[29.58,61.91],[29.78,61.88],[29.58,62.02]],[[28.13,62.77],[28.21,62.48],[28.39,62.59],[28.13,62.77]],[[28.83,62.14],[28.65,62.3],[28.56,62.11],[28.17,62.27],[27.92,62.19],[28.39,62.17],[28.63,61.9],[28.87,61.92],[28.61,62.13],[29.09,62.16],[28.83,62.14]],[[29.27,62.19],[29.4,62.04],[29.58,62.18],[29.88,62.08],[29.98,62.17],[29.36,62.31],[29.82,62.35],[29.66,62.63],[29.64,62.38],[29.44,62.52],[29.19,62.43],[29.27,62.19]],[[28.78,62.27],[28.81,62.27],[28.81,62.23],[28.83,62.23],[28.83,62.27],[28.81,62.27],[28.7,62.29],[28.78,62.27]],[[29.56,62.96],[29.71,62.68],[29.88,62.78],[29.56,62.96]],[[30.04,62.98],[30.01,63.32],[29.84,63.24],[29.09,63.58],[29.25,63.25],[29.81,63.19],[30.04,62.98]],[[28.81,62.86],[28.54,62.9],[28.7,62.76],[28.81,62.86]],[[29.14,65.07],[29.05,65.04],[28.96,64.87],[29.36,65.11],[29.14,65.07]],[[29.9,65.89],[29.2,65.96],[30.05,65.81],[29.9,65.89]],[[30.59,62.98],[30.81,62.89],[30.87,63.05],[30.59,62.98]],[[29.49,64.3],[29.53,64.11],[29.79,64.26],[29.49,64.3]],[[28.84,66.28],[28.43,66.1],[29.18,66.25],[28.84,66.28]]],[[[29.75,61.59],[29.73,61.57],[29.73,61.59],[29.75,61.59]]],[[[24.75,64.98],[24.65,65.08],[25.07,65.04],[24.75,64.98]]],[[[22.29,60.27],[22.21,60.19],[22.1,60.32],[22.29,60.27]]],[[[22.85,60.2],[22.76,60],[22.39,60],[22.47,60.24],[22.49,60.21],[22.84,60.24],[22.96,60.31],[22.85,60.2]]],[[[20.22,60.08],[20.18,59.97],[19.97,60.07],[20.22,60.08]]],[[[19.84,60.42],[20.27,60.29],[20.17,60.18],[19.98,60.3],[19.96,60.06],[19.63,60.29],[19.82,60.2],[19.84,60.42]]]]}},{"type":"Feature","properties":{"id":"FRO"},"geometry":{"type":"MultiPolygon","coordinates":[[[[-6.73,62.11],[-7.1,62.32],[-6.64,62.2],[-6.73,62.11]]],[[[-7.04,62.22],[-6.74,61.94],[-7.22,62.3],[-7.04,62.22]]]]}},{"type":"Feature","properties":{"id":"FRA"},"geometry":{"type":"MultiPolygon","coordinates":[[[[2.55,51.09],[2.86,50.71],[2.87,50.71],[2.9,50.7],[2.9,50.69],[2.94,50.74],[2.96,50.75],[2.97,50.75],[3,50.76],[3.01,50.77],[3.12,50.79],[3.29,50.53],[3.49,50.53],[3.5,50.53],[3.62,50.49],[3.63,50.48],[3.67,50.4],[4.11,50.3],[4.2,50.11],[4.14,49.98],[4.35,49.95],[4.52,49.95],[4.83,50.15],[4.86,49.86],[5.47,49.5],[5.78,49.56],[5.79,49.56],[5.82,49.55],[5.93,49.5],[6.03,49.45],[6.03,49.46],[6.37,49.47],[6.47,49.46],[6.74,49.16],[7.03,49.18],[7.04,49.15],[7.05,49.11],[7.06,49.11],[7.07,49.11],[7.07,49.12],[7.08,49.13],[7.09,49.13],[7.08,49.14],[7.08,49.15],[7.09,49.15],[7.1,49.15],[7.1,49.16],[7.13,49.14],[7.16,49.13],[7.45,49.18],[8.23,48.97],[8.22,48.96],[8.21,48.96],[8.19,48.95],[8.18,48.94],[8.17,48.93],[8.15,48.91],[8.14,48.89],[8.13,48.88],[8.12,48.86],[8.12,48.85],[8.11,48.83],[8.09,48.81],[8.08,48.8],[8.07,48.79],[8.05,48.79],[8.04,48.79],[8.03,48.79],[8.03,48.78],[8.02,48.77],[8.02,48.76],[8.01,48.76],[8,48.76],[7.99,48.76],[7.97,48.76],[7.97,48.75],[7.97,48.73],[7.96,48.72],[7.95,48.71],[7.94,48.71],[7.93,48.7],[7.93,48.69],[7.9,48.67],[7.89,48.66],[7.88,48.66],[7.85,48.65],[7.84,48.64],[7.83,48.62],[7.82,48.61],[7.81,48.6],[7.8,48.58],[7.8,48.57],[7.81,48.53],[7.8,48.51],[7.78,48.49],[7.77,48.49],[7.75,48.44],[7.74,48.42],[7.74,48.41],[7.73,48.39],[7.73,48.38],[7.73,48.37],[7.74,48.36],[7.74,48.35],[7.74,48.34],[7.74,48.32],[7.73,48.32],[7.72,48.31],[7.69,48.3],[7.69,48.28],[7.69,48.27],[7.68,48.25],[7.66,48.22],[7.64,48.2],[7.63,48.18],[7.61,48.17],[7.6,48.16],[7.6,48.15],[7.6,48.14],[7.58,48.13],[7.58,48.12],[7.58,48.1],[7.57,48.08],[7.57,48.07],[7.57,48.06],[7.57,48.05],[7.57,48.03],[7.6,48.01],[7.61,48],[7.62,47.98],[7.62,47.97],[7.61,47.96],[7.58,47.92],[7.58,47.91],[7.58,47.9],[7.56,47.86],[7.56,47.84],[7.55,47.81],[7.54,47.81],[7.53,47.79],[7.54,47.76],[7.54,47.75],[7.55,47.73],[7.54,47.72],[7.52,47.68],[7.52,47.67],[7.53,47.65],[7.55,47.64],[7.57,47.63],[7.57,47.62],[7.58,47.61],[7.59,47.59],[7.39,47.43],[7.01,47.5],[6.88,47.35],[7.05,47.35],[6.97,47.29],[6.96,47.29],[6.95,47.28],[6.94,47.28],[6.95,47.28],[6.94,47.24],[6.94,47.23],[6.92,47.22],[6.86,47.16],[6.85,47.16],[6.84,47.15],[6.83,47.15],[6.74,47.1],[6.73,47.09],[6.71,47.09],[6.7,47.08],[6.7,47.07],[6.69,47.07],[6.11,46.5],[6.16,46.35],[6.15,46.35],[5.98,46.17],[5.98,46.16],[5.96,46.13],[6.09,46.15],[6.25,46.3],[6.8,46.39],[6.81,46.13],[7.04,45.92],[6.87,45.84],[6.86,45.83],[6.85,45.84],[6.84,45.84],[6.89,45.68],[6.9,45.68],[6.98,45.61],[6.99,45.61],[6.98,45.58],[6.99,45.58],[7.19,45.4],[6.99,45.21],[6.63,45.11],[7.08,44.69],[7.08,44.68],[6.95,44.65],[6.86,44.53],[7.2,44.18],[7.43,44.12],[7.72,44.08],[7.53,43.78],[7.44,43.75],[7.42,43.72],[6.75,43.42],[6.65,43.17],[5.86,43.05],[5.34,43.21],[5.34,43.36],[4.68,43.37],[4.61,43.56],[4.46,43.55],[4.59,43.36],[3.95,43.58],[3.1,43.08],[2.99,43.15],[3.17,42.44],[2.46,42.36],[2.46,42.37],[1.96,42.41],[1.8,42.49],[1.75,42.49],[1.73,42.5],[1.72,42.52],[1.72,42.61],[1.71,42.62],[1.5,42.65],[1.49,42.65],[1.44,42.6],[1.19,42.72],[1.18,42.71],[1.06,42.78],[1.05,42.78],[0.75,42.85],[0.68,42.69],[0.13,42.71],[-0.3,42.84],[-0.31,42.85],[-0.32,42.84],[-0.41,42.81],[-0.42,42.81],[-0.57,42.81],[-0.58,42.81],[-0.6,42.83],[-1.01,42.99],[-1.27,43.12],[-1.44,43.05],[-1.38,43.25],[-1.73,43.31],[-1.74,43.31],[-1.76,43.34],[-1.77,43.34],[-1.79,43.35],[-1.45,43.65],[-1.2,44.66],[-1.01,44.64],[-1.16,44.77],[-1.26,44.63],[-1.09,45.57],[-0.68,45.06],[-0.49,45],[-0.64,45.08],[-0.81,45.5],[-1.23,45.68],[-1.16,45.8],[-0.96,45.7],[-1.17,45.85],[-0.95,45.92],[-1.23,46.15],[-1.11,46.32],[-1.47,46.34],[-1.85,46.6],[-2.14,46.82],[-2,47.06],[-2.25,47.13],[-1.98,47.3],[-2.55,47.29],[-2.36,47.5],[-2.85,47.5],[-2.76,47.65],[-3.12,47.6],[-3.13,47.47],[-3.28,47.78],[-3.86,47.79],[-4.12,47.98],[-4.17,47.81],[-4.38,47.8],[-4.49,48.04],[-4.74,48.04],[-4.27,48.15],[-4.63,48.28],[-4.11,48.25],[-4.46,48.33],[-4.25,48.45],[-4.77,48.33],[-4.78,48.52],[-4.01,48.73],[-3.85,48.61],[-3.51,48.84],[-3.22,48.87],[-3.26,48.74],[-3.07,48.88],[-3.14,48.71],[-3.01,48.82],[-2.69,48.5],[-2.32,48.69],[-2.22,48.55],[-2.05,48.64],[-2.02,48.48],[-1.94,48.7],[-1.35,48.63],[-1.57,48.74],[-1.58,49.22],[-1.94,49.73],[-1.27,49.7],[-1.12,49.34],[-0.23,49.27],[0.36,49.44],[0.09,49.48],[0.12,49.67],[1.1,49.92],[1.68,50.18],[1.58,50.26],[1.58,50.87],[2.55,51.09]],[[3.25,49.61],[3.27,49.61],[3.26,49.62],[3.25,49.61]]],[[[-1.27,45.95],[-1.23,45.8],[-1.41,46.05],[-1.27,45.95]]],[[[9.29,41.59],[9.2,41.36],[8.79,41.56],[8.92,41.69],[8.66,41.74],[8.8,41.9],[8.61,41.89],[8.75,42.05],[8.54,42.37],[8.72,42.58],[9.3,42.68],[9.42,43.01],[9.56,42.13],[9.29,41.59]]]]}},{"type":"Feature","properties":{"id":"GBR"},"geometry":{"type":"MultiPolygon","coordinates":[[[[-7.4,54.95],[-7.26,55.07],[-6.48,55.25],[-6.06,55.2],[-5.69,54.8],[-5.92,54.6],[-5.58,54.68],[-5.44,54.46],[-5.5,54.33],[-5.69,54.58],[-5.52,54.31],[-5.82,54.28],[-6.06,54.02],[-6.29,54.11],[-6.62,54.04],[-6.64,54.14],[-7.03,54.42],[-7.2,54.22],[-7.21,54.21],[-7.39,54.13],[-7.41,54.15],[-7.41,54.16],[-7.42,54.15],[-7.44,54.15],[-7.46,54.14],[-7.47,54.14],[-7.47,54.13],[-7.49,54.12],[-7.49,54.13],[-7.69,54.2],[-7.87,54.29],[-7.9,54.3],[-7.91,54.3],[-7.92,54.3],[-7.98,54.34],[-8.1,54.41],[-8.15,54.44],[-8.01,54.54],[-8,54.54],[-7.87,54.54],[-7.65,54.41],[-7.85,54.53],[-7.82,54.55],[-7.83,54.55],[-7.69,54.61],[-7.74,54.62],[-7.85,54.63],[-7.92,54.7],[-7.54,54.8],[-7.47,54.84],[-7.44,54.87],[-7.44,54.88],[-7.44,54.89],[-7.45,54.9],[-7.45,54.91],[-7.45,54.92],[-7.45,54.93],[-7.44,54.94],[-7.4,54.94],[-7.4,54.95]],[[-6.53,54.72],[-6.61,54.55],[-6.37,54.48],[-6.23,54.71],[-6.53,54.72]]],[[[-7.41,54.14],[-7.42,54.14],[-7.43,54.14],[-7.41,54.15],[-7.41,54.14]]],[[[-1.64,60.31],[-1.26,60.35],[-1.63,60.48],[-1.31,60.64],[-1.38,60.4],[-1.05,60.44],[-1.27,59.85],[-1.27,60.24],[-1.46,60.15],[-1.64,60.31]]],[[[-2.91,58.87],[-2.96,58.73],[-3.04,58.82],[-2.9,58.9],[-3.35,58.96],[-3.33,59.14],[-2.71,58.97],[-2.91,58.87]]],[[[-5.16,55.44],[-5.36,55.51],[-5.28,55.72],[-5.16,55.44]]],[[[-5.06,55.85],[-5.03,55.72],[-5.19,55.93],[-5.06,55.85]]],[[[-5.67,56.42],[-6.38,56.31],[-5.98,56.39],[-6.2,56.36],[-6,56.5],[-6.34,56.54],[-6.13,56.66],[-5.67,56.42]]],[[[-6.07,55.92],[-5.7,56.15],[-5.96,55.79],[-6.07,55.92]]],[[[-6.33,55.61],[-6.46,55.85],[-6.12,55.94],[-6.02,55.68],[-6.33,55.61]]],[[[-7.27,57.51],[-7.55,57.61],[-7.16,57.74],[-7.27,57.51]]],[[[-7.31,57.23],[-7.23,57.1],[-7.46,57.24],[-7.33,57.41],[-7.31,57.23]]],[[[-6.11,57.18],[-6.79,57.42],[-6.72,57.51],[-6.58,57.42],[-6.63,57.61],[-6.31,57.46],[-6.35,57.71],[-6.17,57.3],[-5.65,57.26],[-6,57.02],[-5.84,57.19],[-6.11,57.18]]],[[[-6.81,58.29],[-6.59,58.34],[-6.26,58.52],[-6.38,58.23],[-6.15,58.22],[-6.63,58.08],[-6.38,58.1],[-6.47,57.94],[-6.69,58.06],[-6.67,57.88],[-6.97,57.73],[-7.13,57.84],[-6.81,57.9],[-7.14,58.13],[-7.02,58.24],[-6.72,58.17],[-6.81,58.29]]],[[[-4.58,53.29],[-4.43,53.43],[-4.04,53.31],[-4.1,53.25],[-4.21,53.21],[-4.22,53.19],[-4.3,53.15],[-4.34,53.15],[-4.33,53.13],[-4.42,53.16],[-4.35,53.2],[-4.44,53.16],[-4.58,53.29]]],[[[0,51.51],[0.01,51.51],[0.01,51.5],[0,51.5],[0,51.51]]],[[[-1.22,50.73],[-1.07,50.68],[-1.26,50.58],[-1.59,50.66],[-1.22,50.73]]],[[[-1.41,50.9],[-1.54,50.74],[-2.04,50.73],[-2.06,50.58],[-3.49,50.7],[-3.64,50.22],[-4.12,50.32],[-4.21,50.52],[-4.19,50.32],[-4.67,50.41],[-4.99,50.15],[-5.05,50.27],[-5.19,49.96],[-5.48,50.13],[-5.71,50.06],[-5.04,50.55],[-4.83,50.52],[-4.53,51.02],[-4.22,51.06],[-4.17,50.96],[-4.05,51.07],[-4.23,51.19],[-2.99,51.22],[-2.49,51.7],[-3.41,51.38],[-3.84,51.64],[-4.31,51.56],[-4.05,51.66],[-4.33,51.68],[-4.32,51.83],[-4.93,51.6],[-5.13,51.68],[-4.82,51.79],[-5.18,51.68],[-5.12,51.85],[-5.32,51.86],[-4.21,52.26],[-3.93,52.55],[-4.13,52.61],[-3.92,52.75],[-4.15,52.81],[-4.01,52.94],[-4.77,52.79],[-4.34,53.12],[-4.32,53.1],[-4.31,53.13],[-4.27,53.13],[-4.28,53.14],[-4.21,53.18],[-4.19,53.21],[-4.12,53.24],[-4.03,53.24],[-3.85,53.3],[-3.82,53.17],[-3.8,53.27],[-3.87,53.34],[-3.31,53.36],[-3.04,53.22],[-3.1,53.3],[-3.05,53.45],[-2.88,53.29],[-2.58,53.38],[-2.87,53.33],[-3.1,53.55],[-2.84,53.74],[-3.05,53.92],[-2.9,53.86],[-2.79,54.23],[-3.05,54.24],[-3.15,54.07],[-3.64,54.51],[-3.4,54.87],[-3.05,54.99],[-3.62,55.07],[-3.57,54.89],[-3.98,54.77],[-4.46,54.95],[-4.39,54.68],[-4.86,54.87],[-4.86,54.63],[-5.18,54.92],[-5.11,55.02],[-4.99,54.91],[-4.62,55.49],[-4.88,55.94],[-4.32,55.86],[-4.7,55.97],[-4.84,56.08],[-4.85,55.99],[-4.88,56.06],[-4.75,56.21],[-4.92,56.16],[-4.98,55.86],[-5.12,56.01],[-5.31,55.85],[-4.92,56.27],[-5.45,56.03],[-5.32,55.78],[-5.52,55.36],[-5.8,55.3],[-5.44,55.86],[-5.67,55.8],[-5.58,56.33],[-5.12,56.49],[-5.47,56.48],[-5.32,56.65],[-4.98,56.71],[-5.25,56.7],[-5.08,56.83],[-5.33,56.86],[-5.12,56.83],[-5.69,56.5],[-6,56.65],[-5.54,56.69],[-6.21,56.7],[-5.75,56.78],[-5.83,57.01],[-5.51,57],[-5.8,57.07],[-5.39,57.11],[-5.62,57.22],[-5.61,57.22],[-5.62,57.22],[-5.39,57.23],[-5.73,57.28],[-5.44,57.42],[-5.82,57.36],[-5.84,57.58],[-5.51,57.54],[-5.82,57.64],[-5.81,57.86],[-5.6,57.77],[-5.62,57.92],[-5.22,57.84],[-5.36,57.94],[-5.07,57.83],[-5.46,58.07],[-5.24,58.15],[-5.38,58.26],[-4.94,58.21],[-5.18,58.35],[-5.01,58.62],[-4.65,58.55],[-4.75,58.45],[-4.44,58.56],[-4.48,58.44],[-4.02,58.6],[-3.02,58.64],[-3.21,58.31],[-3.98,57.97],[-4.01,57.86],[-4.36,57.89],[-4.05,57.81],[-3.77,57.87],[-4.42,57.5],[-3.29,57.73],[-2,57.7],[-1.77,57.47],[-2.54,56.57],[-3.41,56.38],[-2.81,56.45],[-2.91,56.35],[-2.6,56.26],[-3.39,56.01],[-3.91,56.12],[-3.69,56.01],[-3.07,55.95],[-2.65,56.06],[-1.64,55.58],[-1.2,54.62],[-0.59,54.49],[-0.08,54.12],[-0.21,54],[0.14,53.62],[-0.25,53.74],[-0.68,53.7],[-0.29,53.71],[0.23,53.41],[0.34,53.1],[-0.04,52.87],[0.2,52.77],[0.54,52.97],[1.01,52.97],[1.7,52.72],[1.58,52.09],[1.05,51.95],[1.29,51.95],[1.22,51.81],[0.91,51.89],[1,51.79],[0.68,51.73],[0.94,51.74],[0.9,51.62],[0.57,51.62],[0.85,51.55],[0.25,51.47],[0.7,51.47],[0.52,51.39],[0.9,51.33],[1.42,51.39],[1.33,51.11],[0.24,50.73],[-0.29,50.85],[-0.79,50.72],[-0.81,50.83],[-1.14,50.77],[-1.41,50.9]],[[0,51.51],[0,51.5],[0.01,51.5],[0.01,51.51],[0,51.51]]]]}},{"type":"Feature","properties":{"id":"GEO"},"geometry":{"type":"Polygon","coordinates":[[[40.01,43.39],[40.01,43.4],[40.01,43.41],[40.24,43.59],[40.87,43.49],[40.96,43.42],[41.61,43.22],[42.59,43.17],[42.86,43.18],[43.26,42.92],[43.27,42.92],[43.4,42.9],[43.4,42.89],[43.41,42.89],[43.48,42.88],[43.5,42.87],[43.96,42.55],[44.55,42.77],[44.8,42.61],[44.89,42.75],[45.16,42.71],[45.34,42.52],[45.77,42.49],[45.65,42.19],[46.36,41.93],[46.37,41.93],[46.43,41.91],[46.27,41.77],[46.18,41.74],[46.21,41.63],[46.2,41.63],[46.21,41.62],[46.23,41.61],[46.23,41.6],[46.27,41.62],[46.28,41.61],[46.27,41.61],[46.27,41.6],[46.28,41.6],[46.3,41.56],[46.3,41.55],[46.32,41.54],[46.33,41.54],[46.35,41.49],[46.36,41.49],[46.4,41.47],[46.41,41.48],[46.43,41.46],[46.45,41.45],[46.52,41.41],[46.53,41.41],[46.54,41.41],[46.56,41.41],[46.6,41.39],[46.62,41.38],[46.63,41.38],[46.62,41.36],[46.65,41.36],[46.66,41.36],[46.67,41.35],[46.67,41.34],[46.68,41.33],[46.69,41.33],[46.7,41.33],[46.69,41.31],[46.7,41.31],[46.71,41.3],[46.71,41.29],[46.72,41.29],[46.72,41.28],[46.66,41.21],[46.49,41.06],[45.23,41.44],[45.2,41.42],[45.09,41.34],[45.08,41.34],[45.07,41.33],[45.01,41.3],[44.83,41.23],[43.81,41.15],[43.47,41.12],[43.23,41.19],[43.2,41.23],[42.83,41.59],[42.52,41.44],[41.71,41.48],[41.71,41.5],[41.7,41.5],[41.63,41.49],[41.55,41.52],[41.78,42.1],[41.45,42.72],[40.01,43.39]]]}},{"type":"Feature","properties":{"id":"GRC"},"geometry":{"type":"MultiPolygon","coordinates":[[[[20.01,39.69],[20.28,39.71],[20.46,40.07],[20.48,40.06],[20.68,40.1],[20.96,40.48],[20.98,40.8],[21.11,40.85],[21.13,40.85],[21.14,40.85],[21.14,40.86],[21.19,40.88],[21.2,40.88],[21.21,40.88],[21.22,40.88],[21.23,40.88],[21.24,40.87],[21.25,40.87],[21.27,40.86],[21.27,40.87],[21.28,40.86],[21.29,40.86],[21.29,40.87],[21.3,40.87],[21.31,40.87],[21.78,40.93],[22.06,41.16],[22.55,41.13],[22.63,41.14],[22.63,41.15],[22.75,41.18],[22.76,41.26],[22.93,41.34],[23.12,41.32],[24.53,41.57],[24.8,41.35],[25.39,41.26],[25.4,41.26],[25.41,41.26],[25.41,41.27],[25.42,41.27],[25.42,41.26],[25.43,41.26],[26.13,41.35],[26.06,41.7],[26.25,41.72],[26.26,41.72],[26.3,41.71],[26.36,41.71],[26.37,41.71],[26.6,41.49],[26.63,41.41],[26.63,41.4],[26.63,41.39],[26.63,41.36],[26.59,41.32],[26.55,41.34],[26.54,41.34],[26.32,41.25],[26.3,40.93],[26.26,40.91],[26.24,40.89],[26.23,40.89],[26.22,40.87],[26.21,40.87],[26.21,40.85],[26.2,40.83],[26.19,40.82],[26.17,40.81],[26.15,40.8],[26.13,40.75],[26.07,40.73],[26.06,40.73],[26.03,40.73],[25.31,40.96],[25.07,41.01],[24.8,40.85],[24.51,40.96],[24.09,40.72],[23.74,40.75],[23.87,40.41],[24.01,40.45],[24.4,40.16],[23.74,40.35],[24,40.11],[23.95,39.94],[23.65,40.22],[22.89,40.37],[22.93,40.64],[22.59,40.47],[22.59,40.01],[23.35,39.19],[23.07,39.09],[23.22,39.18],[22.94,39.36],[22.83,39.2],[23.06,39.02],[22.53,38.86],[23.31,38.64],[23.33,38.5],[24.07,38.2],[24.03,37.65],[23.57,38.05],[23.01,37.92],[22.85,38.03],[23.22,38.16],[22.78,38.23],[22.66,38.39],[22.55,38.28],[22.4,38.45],[22.38,38.33],[21.94,38.41],[21.51,38.3],[21.36,38.5],[21.32,38.31],[21.14,38.3],[20.99,38.67],[20.71,38.83],[20.86,38.96],[21.17,38.87],[21.12,39.04],[20.79,39.11],[20.73,38.95],[20.01,39.69]]],[[[25.6,40.5],[25.7,40.42],[25.44,40.48],[25.6,40.5]]],[[[24.6,40.61],[24.56,40.76],[24.72,40.79],[24.78,40.61],[24.6,40.61]]],[[[27.03,37.77],[26.86,37.64],[26.57,37.73],[27.03,37.77]]],[[[25.94,38.59],[26.16,38.55],[26.01,38.15],[25.86,38.24],[25.94,38.59]]],[[[24.91,37.9],[24.96,37.68],[24.69,37.95],[24.91,37.9]]],[[[25.93,39.14],[25.9,39.29],[26.34,39.39],[26.61,39.02],[26.48,39.12],[26.52,38.97],[26.17,39.01],[26.25,39.21],[25.93,39.14]]],[[[24.5,38.84],[24.49,38.99],[24.68,38.77],[24.5,38.84]]],[[[25.05,39.83],[25.04,39.99],[25.45,40.04],[25.35,39.78],[25.26,39.91],[25.23,39.8],[25.05,39.83]]],[[[25.56,37],[25.44,36.92],[25.33,37.08],[25.53,37.2],[25.56,37]]],[[[25.21,36.99],[25.11,37.06],[25.28,37.15],[25.21,36.99]]],[[[25.85,36.84],[26.09,36.9],[25.74,36.79],[25.85,36.84]]],[[[28.21,36.45],[28.09,36.05],[27.77,35.89],[27.68,36.16],[28.21,36.45]]],[[[27.23,35.82],[27.13,35.4],[27.06,35.6],[27.23,35.82]]],[[[23.68,39.97],[23.35,39.95],[23.32,40.2],[23.68,39.97]]],[[[19.88,39.8],[20.11,39.36],[19.63,39.75],[19.88,39.8]]],[[[20.67,38.83],[20.72,38.63],[20.54,38.56],[20.67,38.83]]],[[[23.48,37.67],[23.42,37.76],[23.56,37.77],[23.48,37.67]]],[[[23.12,38.99],[23.32,39.04],[23.59,38.76],[24.15,38.65],[24.25,38.23],[24.59,38.16],[24.56,37.98],[24.2,38.09],[24.05,38.39],[23.65,38.4],[23.2,38.83],[22.83,38.82],[23.12,38.99]]],[[[23.47,37.35],[23.58,37.37],[23.36,37.3],[23.47,37.35]]],[[[20.54,38.41],[20.79,38.06],[20.51,38.1],[20.44,38.28],[20.34,38.18],[20.54,38.41]]],[[[20.65,37.8],[20.7,37.93],[20.99,37.7],[20.83,37.64],[20.65,37.8]]],[[[23.56,35.27],[23.58,35.59],[23.72,35.51],[23.74,35.7],[23.84,35.53],[24.17,35.59],[24.06,35.49],[24.28,35.36],[25.77,35.34],[25.81,35.11],[26.31,35.32],[26.32,35.19],[26.11,35],[24.76,34.92],[24.74,35.08],[24.39,35.19],[23.56,35.27]]],[[[21.66,36.97],[21.62,37.52],[21.11,37.88],[21.37,38.2],[21.61,38.14],[21.85,38.34],[22.96,37.95],[23.01,37.85],[23.18,37.8],[23.16,37.62],[23.33,37.53],[23.4,37.64],[23.52,37.45],[23.17,37.29],[23.12,37.45],[22.72,37.56],[23.2,36.44],[22.7,36.81],[22.52,36.71],[22.48,36.39],[22.15,37.02],[21.93,36.98],[21.88,36.72],[21.66,36.97]]]]}},{"type":"Feature","properties":{"id":"HRV"},"geometry":{"type":"MultiPolygon","coordinates":[[[[13.59,45.47],[14.32,45.47],[14.57,45.67],[14.82,45.46],[15.17,45.42],[15.18,45.42],[15.2,45.43],[15.21,45.43],[15.3,45.57],[15.29,45.61],[15.3,45.61],[15.34,45.64],[15.34,45.65],[15.28,45.74],[15.7,45.84],[15.71,45.85],[15.69,45.86],[15.68,46.23],[15.69,46.23],[16.06,46.39],[16.07,46.39],[16.1,46.39],[16.11,46.39],[16.13,46.4],[16.15,46.4],[16.17,46.39],[16.16,46.38],[16.2,46.38],[16.24,46.38],[16.25,46.38],[16.26,46.38],[16.33,46.53],[16.41,46.53],[16.42,46.53],[16.43,46.53],[16.46,46.52],[16.48,46.51],[16.5,46.5],[16.51,46.5],[16.57,46.47],[16.6,46.48],[16.61,46.47],[16.62,46.47],[16.63,46.46],[16.64,46.46],[16.7,46.41],[16.72,46.39],[16.74,46.4],[16.74,46.39],[16.76,46.38],[16.77,46.38],[16.79,46.38],[16.79,46.39],[16.8,46.38],[16.81,46.38],[16.83,46.37],[16.84,46.37],[16.86,46.35],[16.87,46.34],[16.88,46.34],[16.88,46.33],[16.88,46.3],[16.89,46.29],[16.97,46.23],[17.18,46.11],[17.19,46.11],[17.23,46.09],[17.22,46.09],[17.26,46.06],[17.26,46.01],[17.3,45.99],[17.29,45.99],[17.31,45.97],[17.32,45.97],[17.36,45.97],[17.36,45.96],[17.35,45.94],[17.36,45.94],[17.37,45.95],[17.38,45.95],[17.4,45.93],[17.4,45.94],[17.43,45.95],[17.51,45.94],[17.53,45.93],[17.54,45.93],[17.59,45.92],[17.6,45.92],[17.62,45.91],[17.63,45.89],[17.64,45.88],[17.64,45.87],[17.65,45.86],[17.69,45.84],[17.72,45.83],[17.73,45.83],[17.75,45.82],[17.76,45.81],[17.77,45.81],[17.82,45.81],[17.83,45.81],[17.84,45.79],[17.85,45.78],[17.87,45.77],[17.88,45.78],[17.89,45.79],[17.92,45.79],[17.93,45.79],[17.95,45.79],[17.99,45.79],[18,45.8],[18.01,45.79],[18.02,45.78],[18.06,45.77],[18.08,45.77],[18.09,45.77],[18.13,45.79],[18.21,45.78],[18.24,45.77],[18.26,45.76],[18.72,45.91],[18.81,45.88],[18.81,45.89],[18.83,45.89],[18.83,45.9],[18.81,45.9],[18.81,45.91],[18.82,45.91],[18.89,45.92],[18.86,45.86],[18.84,45.87],[18.86,45.85],[18.86,45.83],[18.85,45.81],[18.87,45.79],[18.87,45.78],[18.85,45.77],[18.9,45.75],[18.9,45.72],[18.9,45.75],[18.93,45.69],[18.94,45.68],[18.94,45.69],[18.95,45.68],[18.96,45.66],[18.97,45.67],[18.95,45.65],[18.96,45.65],[18.93,45.63],[18.95,45.62],[18.93,45.62],[18.93,45.63],[18.92,45.63],[18.92,45.62],[18.92,45.6],[18.91,45.6],[18.9,45.59],[18.9,45.58],[18.89,45.57],[18.9,45.57],[18.93,45.54],[18.94,45.54],[18.98,45.54],[19,45.54],[19.03,45.54],[19.06,45.53],[19.07,45.53],[19.09,45.52],[19.1,45.5],[19.09,45.49],[19.02,45.49],[19.01,45.5],[19,45.49],[18.99,45.48],[18.99,45.47],[18.99,45.45],[18.99,45.44],[19.02,45.43],[19.03,45.42],[19.01,45.4],[19,45.4],[18.97,45.39],[18.97,45.38],[18.99,45.36],[19.01,45.36],[19.01,45.35],[19.03,45.35],[19.06,45.34],[19.09,45.34],[19.09,45.33],[19.1,45.3],[19.13,45.29],[19.14,45.28],[19.15,45.28],[19.17,45.27],[19.19,45.27],[19.2,45.26],[19.22,45.26],[19.23,45.25],[19.24,45.25],[19.28,45.24],[19.33,45.23],[19.42,45.23],[19.09,45.15],[19.07,44.97],[19.02,44.86],[19.01,44.86],[19,44.85],[18.97,44.85],[18.96,44.85],[18.92,44.85],[18.91,44.85],[18.9,44.85],[18.89,44.85],[18.87,44.85],[18.85,44.85],[18.84,44.86],[18.83,44.87],[18.82,44.88],[18.81,44.88],[18.8,44.88],[18.77,44.9],[18.76,44.91],[18.76,44.92],[18.76,44.94],[18.78,44.94],[18.79,44.93],[18.81,44.94],[18.8,44.95],[18.78,44.98],[18.79,44.98],[18.8,44.99],[18.78,45],[18.76,45],[18.74,44.99],[18.74,45.01],[18.73,45.02],[18.72,45.03],[18.71,45.04],[18.69,45.04],[18.67,45.06],[18.67,45.07],[18.68,45.07],[18.68,45.09],[18.66,45.09],[18.66,45.08],[18.66,45.07],[18.65,45.06],[18.63,45.06],[18.61,45.07],[18.62,45.08],[18.63,45.08],[18.64,45.09],[18.63,45.09],[18.62,45.09],[18.61,45.08],[18.59,45.09],[18.57,45.1],[18.57,45.09],[18.55,45.09],[18.54,45.09],[18.55,45.07],[18.54,45.07],[18.53,45.04],[18.53,45.05],[18.51,45.06],[18.5,45.06],[18.49,45.06],[18.48,45.06],[18.46,45.07],[18.45,45.08],[18.44,45.09],[18.44,45.1],[18.43,45.11],[18.41,45.11],[18.38,45.11],[18.37,45.11],[18.36,45.1],[18.35,45.1],[18.33,45.1],[18.32,45.1],[18.31,45.11],[18.3,45.12],[18.28,45.12],[18.28,45.13],[18.27,45.14],[18.25,45.14],[18.23,45.13],[18.22,45.13],[18.21,45.12],[18.21,45.11],[18.22,45.1],[18.21,45.09],[18.18,45.08],[18.17,45.08],[18.15,45.08],[18.14,45.09],[18.11,45.08],[18.1,45.09],[18.08,45.1],[18.07,45.11],[18.08,45.12],[18.04,45.14],[18.03,45.14],[18.02,45.15],[18.01,45.15],[18,45.15],[17.99,45.15],[17.98,45.14],[17.98,45.13],[17.97,45.12],[17.94,45.11],[17.93,45.1],[17.93,45.08],[17.92,45.07],[17.89,45.06],[17.89,45.05],[17.87,45.05],[17.85,45.04],[17.84,45.05],[17.82,45.06],[17.8,45.07],[17.79,45.08],[17.78,45.08],[17.77,45.08],[17.75,45.09],[17.73,45.1],[17.72,45.11],[17.69,45.12],[17.67,45.13],[17.65,45.13],[17.64,45.13],[17.63,45.12],[17.61,45.11],[17.59,45.11],[17.58,45.12],[17.57,45.12],[17.54,45.12],[17.52,45.11],[17.51,45.11],[17.49,45.11],[17.49,45.13],[17.49,45.14],[17.48,45.14],[17.47,45.13],[17.46,45.13],[17.45,45.14],[17.41,45.13],[17.4,45.14],[17.38,45.14],[17.37,45.14],[17.36,45.14],[17.35,45.14],[17.34,45.15],[17.33,45.15],[17.33,45.16],[17.32,45.17],[17.31,45.16],[17.31,45.17],[17.27,45.19],[17.27,45.18],[17.26,45.17],[17.25,45.15],[17.23,45.15],[17.21,45.15],[17.2,45.15],[17.18,45.15],[17.15,45.16],[17.13,45.17],[17.1,45.18],[17.09,45.18],[17.07,45.2],[17.06,45.2],[17.05,45.2],[17.01,45.22],[17.01,45.23],[17,45.23],[17,45.22],[16.98,45.23],[16.98,45.24],[16.98,45.25],[16.96,45.23],[16.94,45.23],[16.94,45.24],[16.94,45.26],[16.94,45.27],[16.93,45.28],[16.92,45.27],[16.91,45.26],[16.88,45.25],[16.87,45.24],[16.88,45.24],[16.86,45.23],[16.84,45.21],[16.81,45.18],[16.81,45.19],[16.77,45.2],[16.76,45.2],[16.7,45.2],[16.68,45.2],[16.67,45.2],[16.66,45.21],[16.65,45.21],[16.63,45.21],[16.61,45.23],[16.57,45.22],[16.52,45.22],[16.5,45.21],[16.49,45.2],[16.48,45.17],[16.41,45.12],[16.39,45.11],[16.39,45.1],[16.39,45.09],[16.39,45.08],[16.39,45.07],[16.37,45.04],[16.36,45.04],[16.28,45.01],[16.01,45.22],[15.78,45.19],[15.73,44.83],[15.95,44.7],[16.13,44.5],[16.13,44.49],[16.21,44.22],[16.97,43.61],[16.98,43.6],[16.99,43.6],[16.99,43.59],[17.13,43.52],[17.13,43.51],[17.14,43.51],[17.66,43.05],[17.62,42.94],[17.6,42.94],[17.58,42.94],[16.89,43.4],[16.43,43.55],[15.95,43.51],[15.96,43.69],[15.14,44.2],[15.28,44.33],[15.63,44.14],[14.99,44.57],[14.85,45.12],[14.56,45.3],[14.32,45.35],[13.91,44.77],[13.63,45.06],[13.59,45.47]],[[15.33,43.81],[15.46,43.73],[15.22,43.88],[15.33,43.81]]],[[[18.85,45.81],[18.92,45.82],[18.9,45.77],[18.89,45.78],[18.88,45.78],[18.87,45.78],[18.85,45.81]]],[[[18.57,45.09],[18.58,45.08],[18.58,45.07],[18.57,45.08],[18.57,45.09]]],[[[17.65,42.89],[18.44,42.56],[18.52,42.42],[17,43.05],[17.65,42.89]]],[[[14.67,45.11],[14.75,44.94],[14.43,45.08],[14.55,45.25],[14.67,45.11]]],[[[14.75,44.76],[14.68,44.85],[14.87,44.7],[14.75,44.76]]],[[[14.36,45],[14.32,45.18],[14.5,44.6],[14.36,45]]],[[[14.38,44.63],[14.34,44.71],[14.46,44.54],[14.38,44.63]]],[[[15.14,44.08],[15.06,44.16],[15.26,44.02],[15.14,44.08]]],[[[16.86,43.12],[16.37,43.2],[17.2,43.12],[16.86,43.12]]],[[[16.47,43.3],[16.43,43.39],[16.9,43.31],[16.47,43.3]]],[[[17.59,42.75],[17.75,42.69],[17.32,42.79],[17.59,42.75]]]]}},{"type":"Feature","properties":{"id":"HUN"},"geometry":{"type":"Polygon","coordinates":[[[16.11,46.87],[16.19,46.94],[16.2,46.94],[16.19,46.94],[16.51,47],[16.45,47.41],[16.71,47.54],[16.42,47.67],[16.69,47.74],[16.7,47.74],[16.72,47.74],[16.72,47.73],[16.73,47.72],[16.81,47.68],[16.83,47.69],[17.09,47.71],[17.16,48.01],[17.23,48.02],[17.24,48.02],[17.25,48.02],[17.25,48.01],[17.26,48],[17.28,47.99],[17.31,48],[17.33,48],[17.34,47.98],[17.36,47.98],[17.37,47.97],[17.37,47.96],[17.38,47.96],[17.4,47.95],[17.41,47.94],[17.43,47.92],[17.44,47.91],[17.45,47.9],[17.45,47.88],[17.49,47.87],[17.5,47.87],[17.52,47.87],[17.53,47.86],[17.55,47.83],[17.54,47.84],[17.56,47.83],[17.56,47.82],[17.59,47.82],[17.61,47.82],[17.62,47.81],[17.63,47.81],[17.64,47.8],[17.65,47.79],[17.66,47.79],[17.67,47.79],[17.69,47.78],[17.7,47.77],[17.7,47.76],[17.71,47.76],[17.72,47.75],[17.73,47.75],[17.74,47.75],[17.75,47.75],[17.76,47.75],[17.79,47.74],[17.81,47.74],[17.83,47.74],[17.85,47.74],[17.88,47.74],[17.89,47.74],[17.9,47.74],[17.91,47.74],[17.94,47.74],[17.95,47.75],[17.96,47.75],[17.99,47.75],[18,47.75],[18.01,47.75],[18.03,47.75],[18.05,47.76],[18.06,47.76],[18.07,47.76],[18.08,47.76],[18.09,47.76],[18.11,47.75],[18.12,47.75],[18.14,47.75],[18.16,47.74],[18.17,47.74],[18.18,47.74],[18.21,47.74],[18.22,47.74],[18.24,47.74],[18.25,47.74],[18.27,47.73],[18.29,47.73],[18.3,47.73],[18.32,47.74],[18.36,47.74],[18.37,47.74],[18.38,47.75],[18.39,47.75],[18.44,47.76],[18.45,47.76],[18.48,47.76],[18.49,47.75],[18.51,47.76],[18.54,47.76],[18.54,47.75],[18.55,47.76],[18.58,47.76],[18.6,47.76],[18.61,47.76],[18.62,47.76],[18.65,47.76],[18.66,47.76],[18.68,47.77],[18.7,47.78],[18.73,47.79],[18.73,47.8],[18.85,47.82],[18.85,47.83],[18.76,47.87],[18.76,47.89],[19.05,48.06],[19.25,48.06],[19.38,48.09],[19.51,48.18],[19.56,48.21],[19.99,48.17],[20,48.17],[20.51,48.53],[21.27,48.53],[21.28,48.53],[21.31,48.53],[21.32,48.56],[21.53,48.52],[21.76,48.34],[22.13,48.38],[22.14,48.38],[22.14,48.39],[22.16,48.4],[22.16,48.41],[22.18,48.41],[22.19,48.42],[22.2,48.42],[22.21,48.43],[22.22,48.42],[22.23,48.41],[22.24,48.41],[22.25,48.41],[22.26,48.41],[22.27,48.41],[22.26,48.4],[22.24,48.39],[22.26,48.37],[22.65,48.1],[22.67,48.09],[22.68,48.09],[22.7,48.11],[22.74,48.12],[22.75,48.12],[22.76,48.12],[22.77,48.12],[22.79,48.12],[22.8,48.12],[22.81,48.12],[22.8,48.11],[22.81,48.11],[22.83,48.11],[22.83,48.1],[22.83,48.09],[22.84,47.98],[22.85,47.98],[22.9,47.95],[22.71,47.83],[22.71,47.82],[22.32,47.77],[22.03,47.53],[22.02,47.52],[21.86,47.25],[21.79,47.11],[21.44,46.67],[21.45,46.67],[21.45,46.65],[21.44,46.65],[21.3,46.56],[21.27,46.41],[21.26,46.41],[21.2,46.36],[20.68,46.15],[20.66,46.15],[20.65,46.15],[20.65,46.13],[20.62,46.13],[20.59,46.15],[20.59,46.16],[20.55,46.18],[20.54,46.18],[20.52,46.18],[20.5,46.19],[20.48,46.16],[20.26,46.13],[20.1,46.16],[20.1,46.17],[20.08,46.17],[20.07,46.16],[19.57,46.18],[18.89,45.92],[18.82,45.91],[18.81,45.91],[18.81,45.9],[18.81,45.89],[18.81,45.88],[18.72,45.91],[18.26,45.76],[18.24,45.77],[18.23,45.78],[18.22,45.78],[18.21,45.78],[18.13,45.79],[18.09,45.77],[18.08,45.77],[18.06,45.77],[18.02,45.78],[18.01,45.79],[18,45.8],[17.99,45.79],[17.95,45.79],[17.93,45.79],[17.92,45.79],[17.89,45.79],[17.88,45.78],[17.87,45.77],[17.85,45.78],[17.84,45.79],[17.83,45.81],[17.82,45.81],[17.77,45.81],[17.75,45.82],[17.73,45.83],[17.72,45.83],[17.69,45.84],[17.65,45.86],[17.64,45.87],[17.64,45.88],[17.63,45.89],[17.62,45.91],[17.6,45.92],[17.59,45.92],[17.54,45.93],[17.53,45.93],[17.51,45.94],[17.43,45.95],[17.4,45.94],[17.4,45.93],[17.38,45.95],[17.37,45.95],[17.36,45.94],[17.35,45.94],[17.36,45.96],[17.36,45.97],[17.36,45.98],[17.36,45.97],[17.32,45.97],[17.31,45.97],[17.29,45.99],[17.3,45.99],[17.26,46.01],[17.26,46.06],[17.22,46.09],[17.23,46.09],[17.19,46.11],[17.18,46.11],[16.97,46.23],[16.89,46.29],[16.88,46.3],[16.88,46.33],[16.88,46.34],[16.87,46.34],[16.86,46.35],[16.84,46.37],[16.83,46.37],[16.81,46.38],[16.8,46.38],[16.79,46.39],[16.79,46.38],[16.77,46.38],[16.76,46.38],[16.74,46.39],[16.74,46.4],[16.72,46.39],[16.7,46.41],[16.64,46.46],[16.63,46.46],[16.62,46.47],[16.61,46.47],[16.6,46.48],[16.34,46.85],[16.11,46.87]],[[18.02,47.06],[17.89,46.89],[17.26,46.71],[18.15,46.94],[18.02,47.06]]]}},{"type":"Feature","properties":{"id":"IRL"},"geometry":{"type":"MultiPolygon","coordinates":[[[[-7.26,55.07],[-7.4,54.95],[-7.44,54.94],[-7.45,54.93],[-7.45,54.92],[-7.45,54.91],[-7.45,54.9],[-7.44,54.87],[-7.47,54.84],[-7.54,54.8],[-7.92,54.7],[-7.85,54.63],[-7.74,54.62],[-7.69,54.61],[-7.83,54.55],[-7.82,54.55],[-7.85,54.53],[-7.87,54.54],[-8,54.54],[-8.01,54.54],[-8.15,54.44],[-8.16,54.44],[-8.1,54.41],[-7.98,54.34],[-7.92,54.3],[-7.91,54.3],[-7.9,54.3],[-7.87,54.29],[-7.69,54.2],[-7.49,54.13],[-7.49,54.12],[-7.47,54.13],[-7.47,54.14],[-7.46,54.14],[-7.44,54.15],[-7.42,54.15],[-7.41,54.15],[-7.43,54.14],[-7.42,54.14],[-7.41,54.14],[-7.39,54.13],[-7.21,54.21],[-7.2,54.22],[-7.03,54.42],[-6.64,54.14],[-6.62,54.04],[-6.29,54.11],[-6.1,54],[-6.4,54.01],[-6.22,53.8],[-6.4,53.72],[-6.08,53.55],[-6.05,53.36],[-6.25,53.34],[-6,52.97],[-6.36,52.35],[-6.57,52.49],[-6.36,52.17],[-6.76,52.27],[-6.93,52.12],[-6.99,52.25],[-7.02,52.13],[-7.64,52.1],[-7.58,51.99],[-8.17,51.78],[-8.17,51.91],[-8.47,51.9],[-8.27,51.8],[-8.48,51.67],[-8.67,51.77],[-8.53,51.6],[-8.77,51.66],[-8.71,51.57],[-9.23,51.48],[-9.46,51.56],[-9.82,51.45],[-9.54,51.75],[-10.16,51.58],[-9.54,51.89],[-10.34,51.78],[-10.32,51.96],[-9.7,52.17],[-10.47,52.18],[-9.72,52.26],[-9.95,52.41],[-9.62,52.58],[-9.48,52.55],[-8.63,52.67],[-8.97,52.68],[-8.96,52.82],[-9.16,52.62],[-9.31,52.59],[-9.27,52.64],[-9.41,52.6],[-9.61,52.67],[-9.94,52.56],[-9.5,52.75],[-9.28,53.14],[-8.87,53.21],[-9.62,53.23],[-9.55,53.4],[-9.77,53.29],[-9.84,53.43],[-10.18,53.41],[-10.01,53.48],[-10.19,53.56],[-9.67,53.61],[-9.91,53.76],[-9.54,53.8],[-9.57,53.9],[-9.94,53.87],[-9.82,54.14],[-9.97,54.06],[-10.01,54.23],[-10.12,54.1],[-10.11,54.24],[-9.72,54.24],[-9.79,54.35],[-9.27,54.31],[-9.14,54.15],[-9.05,54.29],[-8.51,54.21],[-8.68,54.36],[-8.11,54.66],[-8.46,54.57],[-8.81,54.7],[-8.21,54.9],[-8.46,54.91],[-8.3,55.15],[-7.98,55.23],[-7.86,55.13],[-7.79,55.26],[-7.7,55.1],[-7.63,55.28],[-7.64,54.95],[-7.52,55.29],[-7.25,55.28],[-7.37,55.38],[-6.92,55.24],[-7.26,55.07]]],[[[-9.94,53.89],[-10.26,53.98],[-9.97,54.03],[-9.94,53.89]]]]}},{"type":"Feature","properties":{"id":"IMN"},"geometry":{"type":"Polygon","coordinates":[[[-4.46,54.17],[-4.79,54.06],[-4.37,54.42],[-4.46,54.17]]]}},{"type":"Feature","properties":{"id":"ISL"},"geometry":{"type":"Polygon","coordinates":[[[-16.08,66.51],[-15.38,66.14],[-14.53,66.38],[-15.18,66.11],[-14.61,65.99],[-14.9,65.76],[-14.33,65.79],[-14.52,65.55],[-14.25,65.66],[-13.67,65.55],[-14.01,65.27],[-13.57,65.27],[-14.02,65.19],[-13.49,65.08],[-14.24,65.03],[-13.68,64.91],[-14.04,64.94],[-13.75,64.87],[-14.08,64.7],[-14.51,64.79],[-14.23,64.65],[-14.5,64.65],[-14.5,64.44],[-14.89,64.43],[-14.96,64.24],[-15.38,64.38],[-15.46,64.24],[-15.19,64.23],[-15.71,64.2],[-15.65,64.25],[-16.64,63.8],[-17.03,63.78],[-17.02,63.92],[-17.07,63.78],[-17.42,63.76],[-17.41,63.92],[-17.95,63.61],[-18.19,63.46],[-18.44,63.63],[-18.24,63.45],[-19.13,63.4],[-20.19,63.54],[-21.09,63.94],[-22.71,63.8],[-22.71,64.08],[-22.53,63.97],[-22.04,64.04],[-21.73,64.34],[-21.36,64.38],[-22.11,64.31],[-21.74,64.59],[-22.24,64.48],[-22.39,64.82],[-23.8,64.73],[-24.05,64.89],[-23.19,65.01],[-23.09,64.91],[-22.7,65.07],[-22.58,64.97],[-21.75,65.03],[-21.74,65.2],[-22.56,65.19],[-21.7,65.44],[-22.1,65.53],[-22.28,65.44],[-22.09,65.6],[-22.48,65.5],[-22.54,65.64],[-22.72,65.5],[-22.85,65.63],[-23.73,65.42],[-24.53,65.5],[-24.31,65.64],[-23.79,65.53],[-24.1,65.81],[-23.54,65.6],[-23.26,65.68],[-23.53,65.72],[-23.19,65.78],[-23.87,65.89],[-23.18,65.84],[-23.81,66.01],[-23.39,65.99],[-23.67,66.12],[-23.36,66.08],[-23.47,66.2],[-23,66.09],[-23.09,65.97],[-22.87,66.04],[-22.98,65.91],[-22.68,66.05],[-22.48,65.81],[-22.38,66.09],[-22.98,66.23],[-22.36,66.27],[-23.2,66.35],[-22.46,66.47],[-21.67,66.02],[-21.31,66],[-21.61,65.96],[-21.29,65.93],[-21.34,65.73],[-21.78,65.76],[-21.3,65.59],[-21.48,65.44],[-21.19,65.43],[-21.08,65.16],[-20.93,65.58],[-20.66,65.69],[-20.65,65.58],[-20.48,65.49],[-20.61,65.6],[-20.35,65.6],[-20.27,65.66],[-20.41,66.09],[-20.1,66.12],[-19.47,65.74],[-19.44,66.05],[-18.79,66.19],[-18.06,65.65],[-18.27,66.17],[-17.56,65.96],[-17.14,66.21],[-16.92,66.09],[-16.48,66.19],[-16.54,66.51],[-16.08,66.51]]]}},{"type":"Feature","properties":{"id":"ITA"},"geometry":{"type":"MultiPolygon","coordinates":[[[[6.89,45.68],[6.84,45.84],[6.85,45.84],[6.86,45.83],[6.87,45.84],[7.04,45.92],[7.86,45.92],[8.13,46.14],[8.26,46.35],[8.45,46.46],[8.53,46.22],[8.56,46.19],[8.7,46.1],[8.75,46.07],[8.76,46.1],[8.87,45.96],[8.9,45.95],[8.9,45.93],[8.92,45.91],[9.03,45.82],[9.02,46],[9.01,46.03],[9.28,46.47],[9.41,46.47],[9.45,46.46],[9.45,46.48],[9.58,46.29],[9.95,46.38],[10.07,46.22],[10.11,46.35],[10.19,46.63],[10.2,46.62],[10.47,46.54],[10.47,46.85],[11.02,46.77],[11.1,46.89],[12.08,47.07],[12.24,47.07],[12.14,46.91],[12.38,46.72],[12.78,46.65],[12.78,46.64],[12.79,46.64],[12.8,46.64],[13.71,46.52],[13.58,46.42],[13.57,46.41],[13.4,46.3],[13.66,46.18],[13.48,46.01],[13.64,45.98],[13.61,45.9],[13.92,45.63],[13.72,45.59],[13.53,45.8],[13.49,45.7],[13.18,45.78],[13.1,45.64],[12.44,45.43],[12.45,45.48],[12.46,45.48],[12.65,45.54],[12.13,45.39],[12.44,44.9],[12.12,44.56],[12.27,44.62],[12.36,44.27],[12.66,44.01],[13.63,43.55],[14.15,42.52],[15.1,41.93],[16.15,41.91],[15.96,41.46],[18,40.66],[18.52,40.13],[18.39,39.82],[18.05,39.93],[17.86,40.28],[17.2,40.41],[17.31,40.5],[16.9,40.44],[16.49,39.76],[17.16,39.4],[17.21,39.02],[16.6,38.81],[16.57,38.43],[16.06,37.92],[15.73,37.93],[15.63,38.22],[15.91,38.43],[15.84,38.65],[16.18,38.75],[16.22,38.91],[15.68,40.03],[15.27,40.02],[14.91,40.24],[15,40.39],[14.77,40.67],[14.32,40.57],[14.46,40.74],[14.04,40.79],[13.71,41.25],[13.07,41.22],[12.62,41.44],[11.62,42.3],[11.27,42.42],[10.73,42.8],[10.77,42.91],[10.5,42.93],[10.19,43.94],[9.34,44.31],[8.75,44.43],[8.07,43.89],[7.53,43.78],[7.72,44.08],[7.43,44.12],[7.2,44.18],[6.86,44.53],[6.95,44.65],[7.08,44.68],[7.08,44.69],[6.63,45.11],[6.99,45.21],[7.19,45.4],[6.99,45.58],[6.98,45.58],[6.99,45.61],[6.98,45.61],[6.9,45.68],[6.89,45.68]],[[8.75,46.04],[8.5,45.95],[8.57,45.75],[8.75,46.04]],[[10.82,45.86],[10.5,45.61],[10.57,45.46],[10.71,45.43],[10.82,45.86]]],[[[9.41,46.47],[9.46,46.51],[9.45,46.48],[9.41,46.47]]],[[[15.28,37.06],[15.08,36.65],[14.49,36.79],[14.26,37.06],[12.66,37.57],[12.42,37.8],[12.49,38.02],[12.73,38.19],[12.9,38.02],[13.32,38.22],[13.74,37.97],[14.31,38.01],[15.65,38.27],[15.09,37.5],[15.28,37.06]]],[[[10.3,42.82],[10.42,42.87],[10.43,42.71],[10.1,42.77],[10.3,42.82]]],[[[8.61,39.88],[8.4,39.91],[8.49,40.3],[8.31,40.6],[8.15,40.58],[8.18,40.94],[8.56,40.83],[9.24,41.26],[9.66,41],[9.49,40.92],[9.73,40.84],[9.83,40.53],[9.62,40.25],[9.74,40.08],[9.52,39.09],[9.1,39.26],[9.02,38.98],[8.61,38.89],[8.37,39.23],[8.44,39.76],[8.56,39.67],[8.61,39.88]]]]}},{"type":"Feature","properties":{"id":"LIE"},"geometry":{"type":"Polygon","coordinates":[[[9.53,47.27],[9.61,47.06],[9.48,47.06],[9.47,47.06],[9.51,47.08],[9.51,47.09],[9.52,47.1],[9.52,47.12],[9.51,47.13],[9.49,47.16],[9.49,47.17],[9.49,47.18],[9.49,47.2],[9.5,47.21],[9.51,47.23],[9.52,47.25],[9.53,47.26],[9.53,47.27]]]}},{"type":"Feature","properties":{"id":"LTU"},"geometry":{"type":"MultiPolygon","coordinates":[[[[21.06,56.07],[21.23,56.14],[21.33,56.22],[21.49,56.29],[21.52,56.29],[21.53,56.29],[21.54,56.29],[21.54,56.3],[21.55,56.3],[21.56,56.31],[21.62,56.32],[21.63,56.32],[21.64,56.32],[21.88,56.36],[22.11,56.43],[22.12,56.43],[22.13,56.43],[22.22,56.41],[22.32,56.4],[22.33,56.4],[22.54,56.39],[22.55,56.39],[22.56,56.39],[22.76,56.37],[22.78,56.37],[22.81,56.37],[22.94,56.41],[23.26,56.37],[23.28,56.37],[23.35,56.38],[23.37,56.38],[23.66,56.36],[23.67,56.37],[24.08,56.28],[24.1,56.28],[24.3,56.3],[24.34,56.29],[24.35,56.29],[24.56,56.29],[24.58,56.29],[24.58,56.32],[24.58,56.33],[24.59,56.33],[24.61,56.34],[24.63,56.36],[24.63,56.37],[24.63,56.38],[24.64,56.38],[24.65,56.38],[24.67,56.38],[24.68,56.38],[24.69,56.38],[24.7,56.38],[24.7,56.39],[24.72,56.4],[24.76,56.4],[24.77,56.4],[24.79,56.4],[24.8,56.41],[24.81,56.42],[24.82,56.41],[24.83,56.41],[24.89,56.45],[24.92,56.44],[24.97,56.36],[24.97,56.35],[24.97,56.34],[24.97,56.33],[25.06,56.26],[25.06,56.25],[25.06,56.24],[25.07,56.24],[25.07,56.23],[25.07,56.22],[25.07,56.2],[25.08,56.2],[25.53,56.16],[25.54,56.16],[25.9,56],[25.91,55.99],[26.07,55.93],[26.07,55.92],[26.21,55.85],[26.22,55.85],[26.23,55.83],[26.19,55.83],[26.23,55.82],[26.23,55.81],[26.28,55.76],[26.3,55.75],[26.31,55.74],[26.37,55.73],[26.54,55.68],[26.55,55.68],[26.56,55.68],[26.58,55.68],[26.62,55.68],[26.63,55.68],[26.63,55.67],[26.64,55.65],[26.64,55.64],[26.63,55.57],[26.54,55.53],[26.53,55.51],[26.54,55.49],[26.55,55.47],[26.55,55.43],[26.54,55.43],[26.55,55.43],[26.45,55.34],[26.46,55.34],[26.52,55.33],[26.59,55.32],[26.63,55.32],[26.64,55.32],[26.65,55.33],[26.67,55.34],[26.68,55.33],[26.69,55.33],[26.7,55.33],[26.71,55.33],[26.72,55.32],[26.74,55.32],[26.77,55.32],[26.74,55.25],[26.62,55.15],[26.28,55.12],[26.26,55.12],[26.25,55.12],[26.24,55.11],[26.25,55.06],[26.24,55.05],[25.97,54.95],[25.81,54.87],[25.78,54.86],[25.78,54.85],[25.78,54.83],[25.77,54.82],[25.75,54.73],[25.74,54.7],[25.76,54.59],[25.76,54.58],[25.76,54.57],[25.75,54.57],[25.75,54.56],[25.74,54.56],[25.73,54.56],[25.71,54.55],[25.7,54.55],[25.7,54.54],[25.62,54.45],[25.62,54.44],[25.6,54.4],[25.59,54.4],[25.71,54.27],[25.72,54.27],[25.73,54.27],[25.77,54.24],[25.78,54.24],[25.79,54.23],[25.78,54.23],[25.77,54.23],[25.76,54.23],[25.76,54.21],[25.7,54.17],[25.71,54.17],[25.7,54.17],[25.65,54.13],[25.64,54.13],[25.63,54.13],[25.6,54.14],[25.6,54.15],[25.58,54.15],[25.57,54.15],[25.56,54.2],[25.55,54.23],[25.56,54.23],[25.59,54.23],[25.56,54.27],[25.57,54.27],[25.56,54.27],[25.55,54.27],[25.54,54.28],[25.52,54.28],[25.52,54.29],[25.51,54.3],[25.51,54.31],[25.5,54.31],[25.48,54.3],[25.48,54.29],[25.45,54.29],[25.45,54.3],[25.46,54.3],[25.4,54.28],[25.38,54.27],[25.36,54.27],[25.21,54.25],[25.21,54.24],[25.11,54.17],[25.11,54.16],[25.1,54.16],[25.1,54.15],[25.09,54.15],[25.09,54.14],[25.08,54.14],[25.07,54.14],[25.07,54.13],[25.06,54.13],[25.06,54.14],[25.04,54.14],[25.02,54.14],[25.01,54.14],[24.98,54.15],[24.98,54.16],[24.94,54.17],[24.92,54.16],[24.91,54.16],[24.73,53.97],[24.71,53.96],[24.67,54.02],[24.65,54.01],[24.41,53.9],[24.39,53.9],[24.33,53.9],[24.33,53.91],[24.32,53.91],[24.31,53.91],[24.1,53.94],[24.07,53.94],[24.05,53.93],[24.03,53.93],[24.01,53.93],[24,53.93],[23.98,53.92],[23.95,53.96],[23.94,53.96],[23.91,53.96],[23.91,53.95],[23.88,53.94],[23.86,53.95],[23.82,53.94],[23.8,53.93],[23.82,53.92],[23.82,53.91],[23.8,53.9],[23.78,53.9],[23.77,53.9],[23.74,53.93],[23.51,53.96],[23.52,54.09],[23.42,54.18],[23.42,54.19],[23.41,54.2],[23.4,54.21],[23.39,54.22],[23.16,54.3],[23.04,54.32],[22.8,54.37],[22.79,54.36],[22.79,54.37],[22.78,54.37],[22.77,54.39],[22.76,54.39],[22.75,54.42],[22.71,54.45],[22.85,54.77],[22.85,54.78],[22.85,54.79],[22.87,54.79],[22.88,54.79],[22.87,54.85],[22.85,54.89],[22.79,54.91],[22.79,54.92],[22.76,54.92],[22.76,54.94],[22.74,54.94],[22.72,54.96],[22.72,54.97],[22.68,54.99],[22.67,54.99],[22.66,54.97],[22.65,54.97],[22.64,54.99],[22.63,54.99],[22.57,55.07],[22.55,55.07],[22.54,55.06],[22.52,55.06],[22.51,55.05],[22.49,55.05],[22.48,55.05],[22.47,55.04],[22.44,55.05],[22.43,55.05],[22.42,55.05],[22.4,55.05],[22.39,55.05],[22.35,55.06],[22.33,55.06],[22.32,55.06],[22.31,55.06],[22.29,55.06],[22.27,55.06],[22.25,55.06],[22.22,55.06],[22.21,55.06],[22.19,55.05],[22.16,55.06],[22.13,55.04],[22.11,55.03],[22.1,55.02],[22.08,55.02],[22.06,55.03],[22.05,55.03],[22.04,55.04],[22.03,55.05],[22.03,55.06],[22.04,55.07],[22.02,55.09],[22.01,55.09],[21.98,55.08],[21.97,55.07],[21.96,55.07],[21.96,55.08],[21.94,55.08],[21.92,55.08],[21.89,55.09],[21.88,55.09],[21.86,55.1],[21.83,55.11],[21.82,55.12],[21.81,55.12],[21.8,55.12],[21.79,55.12],[21.76,55.12],[21.74,55.13],[21.73,55.13],[21.72,55.13],[21.72,55.14],[21.7,55.15],[21.7,55.16],[21.69,55.16],[21.68,55.17],[21.67,55.17],[21.66,55.17],[21.65,55.18],[21.64,55.18],[21.61,55.19],[21.6,55.19],[21.56,55.2],[21.54,55.2],[21.53,55.19],[21.52,55.19],[21.51,55.19],[21.48,55.2],[21.48,55.21],[21.45,55.23],[21.44,55.24],[21.43,55.25],[21.42,55.26],[21.41,55.27],[21.4,55.28],[21.39,55.29],[21.37,55.29],[21.34,55.28],[21.33,55.27],[21.32,55.27],[21.31,55.26],[21.29,55.25],[21.27,55.25],[21.26,55.25],[21.06,56.07]]],[[[20.98,55.28],[20.95,55.28],[21.08,55.73],[20.98,55.28]]]]}},{"type":"Feature","properties":{"id":"LUX"},"geometry":{"type":"Polygon","coordinates":[[[5.97,50.17],[6.14,50.13],[6.19,49.96],[6.18,49.95],[6.2,49.95],[6.22,49.93],[6.22,49.92],[6.39,49.83],[6.52,49.81],[6.53,49.81],[6.53,49.8],[6.51,49.79],[6.52,49.76],[6.5,49.75],[6.52,49.72],[6.51,49.72],[6.5,49.73],[6.5,49.72],[6.49,49.72],[6.5,49.72],[6.51,49.71],[6.5,49.71],[6.48,49.7],[6.44,49.66],[6.44,49.65],[6.42,49.62],[6.4,49.6],[6.39,49.6],[6.38,49.59],[6.38,49.58],[6.37,49.58],[6.37,49.59],[6.37,49.58],[6.36,49.53],[6.37,49.51],[6.36,49.51],[6.37,49.51],[6.37,49.5],[6.37,49.49],[6.37,49.47],[6.03,49.46],[6.03,49.45],[5.93,49.5],[5.82,49.55],[5.86,49.73],[5.85,49.72],[5.84,49.72],[5.82,49.75],[5.8,49.78],[5.78,49.88],[5.97,50.17]]]}},{"type":"Feature","properties":{"id":"LVA"},"geometry":{"type":"Polygon","coordinates":[[[24.35,57.88],[24.78,57.99],[24.82,57.98],[24.92,58],[24.93,58],[25.3,58.08],[25.66,57.91],[25.67,57.91],[26.21,57.67],[26.23,57.66],[26.24,57.66],[26.23,57.65],[26.24,57.65],[26.24,57.63],[26.62,57.51],[26.85,57.59],[27.07,57.58],[27.35,57.52],[27.4,57.53],[27.42,57.52],[27.43,57.53],[27.44,57.53],[27.45,57.53],[27.46,57.53],[27.47,57.53],[27.47,57.54],[27.48,57.54],[27.55,57.52],[27.56,57.52],[27.55,57.52],[27.56,57.52],[27.57,57.51],[27.56,57.51],[27.56,57.5],[27.56,57.49],[27.55,57.48],[27.55,57.47],[27.87,57.3],[27.66,56.83],[27.83,56.87],[27.91,56.75],[28.03,56.61],[28.04,56.59],[28.12,56.51],[28.13,56.51],[28.18,56.39],[28.17,56.39],[28.19,56.36],[28.24,56.27],[28.15,56.17],[27.86,56.04],[27.64,55.9],[27.63,55.9],[27.64,55.85],[27.61,55.79],[27.59,55.78],[27.56,55.78],[27.55,55.78],[27.53,55.79],[27.52,55.79],[27.51,55.79],[27.5,55.79],[27.48,55.79],[27.46,55.79],[27.44,55.79],[27.42,55.8],[27.4,55.8],[27.39,55.8],[27.25,55.79],[27.25,55.8],[26.86,55.71],[26.85,55.71],[26.74,55.68],[26.7,55.7],[26.67,55.7],[26.65,55.71],[26.65,55.7],[26.63,55.68],[26.62,55.68],[26.58,55.68],[26.56,55.68],[26.54,55.68],[26.37,55.73],[26.31,55.74],[26.3,55.75],[26.28,55.76],[26.23,55.81],[26.23,55.82],[26.23,55.83],[26.22,55.85],[26.21,55.85],[26.07,55.92],[26.07,55.93],[25.91,55.99],[25.9,56],[25.54,56.16],[25.53,56.16],[25.08,56.2],[25.07,56.2],[25.07,56.22],[25.07,56.23],[25.07,56.24],[25.06,56.24],[25.06,56.25],[25.06,56.26],[24.97,56.33],[24.97,56.34],[24.97,56.35],[24.97,56.36],[24.92,56.44],[24.89,56.45],[24.83,56.41],[24.82,56.41],[24.81,56.42],[24.8,56.41],[24.79,56.4],[24.77,56.4],[24.76,56.4],[24.72,56.4],[24.7,56.39],[24.7,56.38],[24.69,56.38],[24.68,56.38],[24.67,56.38],[24.65,56.38],[24.64,56.38],[24.63,56.38],[24.63,56.37],[24.63,56.36],[24.61,56.34],[24.59,56.33],[24.58,56.33],[24.58,56.32],[24.58,56.29],[24.56,56.29],[24.35,56.29],[24.34,56.29],[24.3,56.3],[24.1,56.28],[24.08,56.28],[23.67,56.37],[23.66,56.36],[23.37,56.38],[23.35,56.38],[23.28,56.37],[23.26,56.37],[22.94,56.41],[22.81,56.37],[22.78,56.37],[22.76,56.37],[22.56,56.39],[22.55,56.39],[22.54,56.39],[22.33,56.4],[22.32,56.4],[22.22,56.41],[22.13,56.43],[22.12,56.43],[22.11,56.43],[21.88,56.36],[21.64,56.32],[21.63,56.32],[21.62,56.32],[21.56,56.31],[21.55,56.3],[21.54,56.3],[21.54,56.29],[21.53,56.29],[21.52,56.29],[21.49,56.29],[21.33,56.22],[21.23,56.14],[21.06,56.07],[21.06,56.84],[21.7,57.57],[22.61,57.76],[23.26,57.09],[23.93,56.97],[24.41,57.27],[24.35,57.88]]]}},{"type":"Feature","properties":{"id":"MDA"},"geometry":{"type":"Polygon","coordinates":[[[26.63,48.26],[26.83,48.3],[26.72,48.4],[26.71,48.4],[27.07,48.43],[27.46,48.43],[27.53,48.47],[27.54,48.47],[27.55,48.48],[27.56,48.48],[27.58,48.49],[27.6,48.49],[27.6,48.48],[27.6,48.47],[27.59,48.46],[27.6,48.46],[27.64,48.44],[27.65,48.44],[27.68,48.44],[27.69,48.44],[27.73,48.45],[27.74,48.46],[27.75,48.46],[27.76,48.46],[27.79,48.45],[27.79,48.44],[27.81,48.43],[27.82,48.43],[27.83,48.42],[27.84,48.42],[27.86,48.41],[27.88,48.4],[27.88,48.37],[27.9,48.36],[27.9,48.35],[27.92,48.34],[27.93,48.34],[27.97,48.32],[27.98,48.33],[28,48.33],[28.03,48.33],[28.05,48.33],[28.07,48.32],[28.08,48.31],[28.09,48.27],[28.08,48.26],[28.08,48.24],[28.09,48.23],[28.12,48.24],[28.13,48.24],[28.14,48.25],[28.14,48.26],[28.17,48.26],[28.18,48.26],[28.19,48.25],[28.18,48.23],[28.18,48.22],[28.19,48.21],[28.2,48.21],[28.22,48.21],[28.23,48.21],[28.24,48.21],[28.26,48.22],[28.27,48.23],[28.28,48.23],[28.3,48.24],[28.33,48.24],[28.36,48.24],[28.37,48.23],[28.37,48.22],[28.37,48.2],[28.36,48.2],[28.36,48.19],[28.35,48.18],[28.34,48.18],[28.33,48.17],[28.32,48.17],[28.31,48.16],[28.31,48.15],[28.32,48.13],[28.34,48.13],[28.35,48.14],[28.36,48.15],[28.37,48.15],[28.37,48.16],[28.38,48.17],[28.41,48.18],[28.42,48.18],[28.43,48.17],[28.44,48.16],[28.44,48.15],[28.43,48.14],[28.43,48.13],[28.43,48.11],[28.44,48.11],[28.44,48.1],[28.44,48.09],[28.45,48.09],[28.47,48.07],[28.48,48.07],[28.5,48.07],[28.5,48.09],[28.5,48.1],[28.49,48.12],[28.5,48.12],[29.18,47.99],[29.27,47.78],[29.26,47.78],[29.2,47.72],[29.21,47.71],[29.22,47.71],[29.22,47.7],[29.22,47.69],[29.22,47.68],[29.21,47.61],[29.17,47.57],[29.16,47.57],[29.17,47.51],[29.18,47.52],[29.19,47.52],[29.18,47.51],[29.19,47.51],[29.19,47.48],[29.19,47.46],[29.2,47.43],[29.21,47.44],[29.26,47.43],[29.29,47.44],[29.3,47.44],[29.32,47.45],[29.32,47.43],[29.32,47.42],[29.33,47.41],[29.33,47.4],[29.43,47.29],[29.57,47.37],[29.56,46.96],[29.62,46.95],[29.74,46.9],[29.75,46.86],[29.76,46.86],[29.78,46.87],[29.89,46.87],[29.89,46.86],[29.97,46.75],[29.97,46.74],[29.97,46.72],[29.97,46.71],[29.97,46.7],[29.95,46.66],[29.95,46.64],[29.95,46.59],[29.88,46.55],[29.88,46.54],[29.89,46.55],[29.95,46.5],[29.99,46.5],[29.99,46.49],[29.99,46.48],[30.01,46.47],[30.03,46.44],[30.04,46.44],[30.06,46.44],[30.08,46.42],[30.08,46.43],[30.1,46.44],[30.1,46.43],[30.12,46.43],[30.13,46.42],[30.16,46.42],[30.1,46.38],[29.94,46.4],[29.89,46.35],[29.74,46.47],[29.6,46.35],[29.49,46.43],[29.49,46.44],[29.36,46.5],[29.27,46.41],[29.27,46.4],[29.23,46.43],[29.23,46.44],[29.24,46.56],[28.98,46.49],[29,46.32],[28.98,46],[28.59,45.74],[28.43,45.49],[28.42,45.5],[28.28,45.53],[28.26,45.52],[28.24,45.5],[28.23,45.49],[28.23,45.48],[28.22,45.48],[28.21,45.47],[28.19,45.48],[28.16,45.51],[28.16,45.54],[28.17,45.54],[28.15,45.57],[28.14,45.57],[28.14,45.58],[28.13,45.57],[28.13,45.58],[28.1,45.59],[28.17,45.65],[28.17,45.67],[28.17,45.68],[28.16,45.71],[28.17,45.71],[28.16,45.72],[28.17,45.72],[28.17,45.74],[28.16,45.74],[28.15,45.77],[28.15,45.78],[28.12,45.79],[28.12,45.81],[28.11,45.82],[28.11,45.84],[28.11,45.86],[28.13,45.86],[28.13,45.88],[28.12,45.89],[28.12,45.9],[28.12,45.91],[28.12,45.92],[28.13,45.92],[28.12,45.94],[28.11,45.96],[28.11,45.97],[28.1,45.98],[28.1,46],[28.1,46.05],[28.12,46.11],[28.13,46.12],[28.13,46.13],[28.13,46.14],[28.12,46.15],[28.13,46.15],[28.13,46.18],[28.14,46.18],[28.13,46.19],[28.13,46.2],[28.13,46.21],[28.11,46.23],[28.12,46.24],[28.13,46.24],[28.15,46.25],[28.14,46.26],[28.13,46.26],[28.14,46.29],[28.15,46.28],[28.15,46.29],[28.17,46.28],[28.17,46.29],[28.19,46.33],[28.2,46.35],[28.19,46.35],[28.22,46.39],[28.23,46.39],[28.24,46.39],[28.23,46.4],[28.24,46.41],[28.23,46.41],[28.25,46.42],[28.26,46.42],[28.26,46.44],[28.23,46.48],[28.23,46.49],[28.22,46.5],[28.21,46.5],[28.23,46.53],[28.23,46.56],[28.23,46.59],[28.24,46.59],[28.25,46.62],[28.24,46.68],[28.23,46.68],[28.21,46.7],[28.21,46.71],[28.19,46.72],[28.17,46.75],[28.18,46.76],[28.17,46.78],[28.17,46.79],[28.16,46.79],[28.16,46.78],[28.15,46.8],[28.14,46.8],[28.13,46.81],[28.13,46.82],[28.11,46.84],[28.11,46.85],[28.13,46.85],[28.1,46.87],[28.11,46.88],[28.13,46.88],[28.12,46.88],[28.11,46.89],[28.09,46.9],[28.09,46.91],[28.09,46.93],[28.09,46.94],[28.08,46.96],[28.09,46.97],[28.04,47.01],[28.04,47.02],[28.05,47.02],[28.04,47.03],[28.01,47.03],[27.99,47.04],[27.95,47.05],[27.88,47.1],[27.86,47.1],[27.84,47.11],[27.84,47.13],[27.79,47.14],[27.8,47.14],[27.8,47.15],[27.8,47.19],[27.79,47.19],[27.78,47.21],[27.78,47.22],[27.77,47.22],[27.75,47.25],[27.76,47.25],[27.75,47.28],[27.73,47.29],[27.72,47.3],[27.7,47.3],[27.71,47.29],[27.68,47.29],[27.68,47.3],[27.66,47.31],[27.66,47.3],[27.64,47.3],[27.63,47.32],[27.61,47.32],[27.6,47.32],[27.6,47.33],[27.6,47.37],[27.59,47.37],[27.57,47.37],[27.58,47.37],[27.57,47.37],[27.57,47.38],[27.57,47.4],[27.58,47.4],[27.57,47.41],[27.58,47.42],[27.56,47.47],[27.55,47.47],[27.53,47.49],[27.53,47.48],[27.52,47.47],[27.51,47.48],[27.51,47.49],[27.49,47.49],[27.48,47.49],[27.47,47.5],[27.46,47.5],[27.45,47.53],[27.45,47.54],[27.44,47.54],[27.44,47.55],[27.42,47.56],[27.42,47.58],[27.43,47.58],[27.4,47.59],[27.38,47.59],[27.38,47.6],[27.31,47.65],[27.29,47.66],[27.29,47.67],[27.29,47.68],[27.27,47.71],[27.27,47.73],[27.29,47.72],[27.27,47.77],[27.25,47.8],[27.24,47.8],[27.24,47.81],[27.22,47.83],[27.23,47.83],[27.24,47.83],[27.23,47.84],[27.18,47.91],[27.16,47.92],[27.18,47.95],[27.15,47.96],[27.16,47.98],[27.13,48.01],[27.12,48.02],[27.11,48.03],[27.05,48.07],[27.03,48.09],[27.04,48.12],[27.03,48.13],[27.03,48.14],[27.02,48.14],[27.01,48.13],[27,48.12],[26.95,48.14],[26.96,48.16],[26.93,48.17],[26.94,48.17],[26.94,48.18],[26.92,48.2],[26.91,48.2],[26.92,48.18],[26.91,48.18],[26.89,48.19],[26.84,48.23],[26.83,48.23],[26.83,48.24],[26.81,48.25],[26.8,48.25],[26.79,48.25],[26.66,48.26],[26.65,48.25],[26.63,48.26]]]}},{"type":"Feature","properties":{"id":"MNE"},"geometry":{"type":"Polygon","coordinates":[[[18.52,42.42],[18.44,42.56],[18.5,42.74],[18.49,42.75],[18.47,42.77],[18.47,42.78],[18.46,42.83],[18.85,43.32],[18.85,43.33],[18.92,43.36],[18.96,43.33],[18.98,43.28],[18.98,43.26],[18.99,43.26],[19.08,43.32],[18.91,43.5],[19.23,43.53],[19.37,43.41],[19.38,43.41],[19.54,43.3],[19.53,43.28],[19.54,43.26],[19.54,43.25],[19.59,43.24],[19.62,43.23],[19.63,43.22],[19.64,43.19],[19.66,43.19],[19.67,43.19],[19.68,43.18],[19.68,43.17],[19.69,43.17],[19.7,43.17],[19.71,43.17],[19.73,43.17],[19.74,43.16],[19.75,43.16],[19.76,43.16],[19.77,43.17],[19.77,43.16],[19.78,43.15],[19.78,43.14],[19.78,43.13],[19.82,43.12],[19.83,43.12],[19.84,43.1],[19.85,43.1],[19.86,43.11],[19.89,43.1],[19.9,43.1],[19.91,43.09],[19.92,43.09],[19.96,43.11],[19.97,43.11],[19.97,43.1],[20.01,43.04],[20.04,43.03],[20.05,43.02],[20.05,43],[20.08,42.99],[20.09,42.99],[20.11,42.97],[20.12,42.97],[20.12,42.96],[20.12,42.97],[20.13,42.97],[20.14,42.97],[20.14,42.98],[20.14,42.99],[20.15,42.99],[20.16,42.98],[20.18,42.97],[20.26,42.94],[20.29,42.93],[20.31,42.92],[20.33,42.91],[20.34,42.91],[20.35,42.91],[20.35,42.89],[20.35,42.88],[20.35,42.84],[20.35,42.83],[20.2,42.75],[20.19,42.75],[20.11,42.77],[20.1,42.77],[20.01,42.74],[20.08,42.56],[19.83,42.47],[19.66,42.63],[19.28,42.18],[19.38,42],[19.38,41.99],[19.38,41.97],[19.35,41.95],[19.35,41.94],[19.36,41.93],[19.36,41.92],[19.34,41.91],[19.35,41.9],[19.37,41.89],[19.38,41.88],[19.37,41.86],[19.37,41.85],[18.55,42.41],[18.76,42.49],[18.52,42.42]]]}},{"type":"Feature","properties":{"id":"MKD"},"geometry":{"type":"Polygon","coordinates":[[[20.59,41.88],[21.1,42.2],[21.26,42.09],[21.59,42.26],[22.36,42.31],[22.87,42.02],[23.03,41.72],[22.93,41.34],[22.76,41.26],[22.75,41.18],[22.63,41.15],[22.63,41.14],[22.55,41.13],[22.06,41.16],[21.78,40.93],[21.31,40.87],[21.3,40.87],[21.29,40.87],[21.29,40.86],[21.28,40.86],[21.27,40.87],[21.27,40.86],[21.25,40.87],[21.24,40.87],[21.23,40.88],[21.22,40.88],[21.21,40.88],[21.2,40.88],[21.19,40.88],[21.14,40.86],[21.14,40.85],[21.13,40.85],[21.11,40.85],[21.01,41.01],[20.98,40.88],[20.73,40.91],[20.79,40.96],[20.74,41.16],[20.63,41.09],[20.52,41.24],[20.52,41.25],[20.56,41.41],[20.47,41.51],[20.59,41.88]]]}},{"type":"Feature","properties":{"id":"MLT"},"geometry":{"type":"Polygon","coordinates":[[[14.5,35.9],[14.53,35.81],[14.33,35.99],[14.5,35.9]]]}},{"type":"Feature","properties":{"id":"NLD"},"geometry":{"type":"MultiPolygon","coordinates":[[[[7.21,53.24],[7.21,53.23],[7.21,53.22],[7.21,53.18],[7.2,53.18],[7.2,53.17],[7.2,53.07],[7.2,53.06],[7.06,52.64],[6.77,52.65],[6.73,52.62],[6.73,52.61],[6.73,52.56],[6.72,52.56],[6.73,52.56],[7.03,52.27],[7.04,52.27],[6.69,52.05],[6.73,51.9],[6.11,51.89],[6.12,51.89],[6.15,51.84],[6.14,51.85],[6.11,51.85],[6.1,51.85],[6.06,51.87],[6.06,51.86],[6.01,51.73],[6.02,51.73],[6.18,51.54],[6.2,51.53],[6.21,51.51],[6.11,51.26],[6.1,51.26],[6.09,51.12],[6.08,51.12],[5.89,51.01],[6.02,50.98],[6.02,50.75],[5.68,50.76],[5.69,50.76],[5.68,50.81],[5.67,50.82],[5.67,50.88],[5.68,50.89],[5.7,50.9],[5.7,50.91],[5.73,50.93],[5.76,50.95],[5.76,50.96],[5.74,50.96],[5.72,50.96],[5.73,50.97],[5.75,50.98],[5.75,50.99],[5.76,51.03],[5.77,51.05],[5.77,51.06],[5.8,51.06],[5.8,51.08],[5.8,51.09],[5.82,51.09],[5.81,51.11],[5.83,51.13],[5.84,51.15],[5.67,51.19],[5.63,51.21],[5.62,51.21],[5.13,51.32],[5.04,51.49],[4.93,51.4],[4.82,51.42],[4.84,51.48],[4.83,51.48],[4.73,51.49],[4.62,51.43],[4.61,51.43],[4.45,51.47],[4.38,51.45],[4.31,51.38],[4.3,51.38],[4.28,51.38],[4.24,51.37],[3.44,51.54],[3.86,51.6],[4.26,51.44],[3.98,51.59],[4.11,51.65],[3.69,51.68],[4.31,51.65],[3.84,51.76],[3.96,51.84],[4.34,51.65],[4.61,51.7],[3.96,51.96],[4.26,51.9],[4.1,51.98],[4.61,52.47],[4.73,52.96],[5.27,52.76],[4.92,52.38],[5.13,52.32],[5.58,52.6],[5.86,52.58],[5.6,52.64],[5.71,52.84],[5.36,52.87],[5.55,53.29],[6.75,53.47],[7.21,53.24]]],[[[4.23,51.35],[4.16,51.29],[4.15,51.29],[4.14,51.28],[4.13,51.28],[4.12,51.27],[4.1,51.26],[4.09,51.26],[4.07,51.25],[3.97,51.23],[3.97,51.22],[3.96,51.22],[3.95,51.22],[3.94,51.21],[3.92,51.21],[3.91,51.21],[3.86,51.21],[3.8,51.21],[3.79,51.22],[3.79,51.23],[3.79,51.25],[3.8,51.26],[3.79,51.26],[3.78,51.26],[3.77,51.26],[3.76,51.26],[3.76,51.27],[3.75,51.27],[3.74,51.27],[3.73,51.27],[3.72,51.27],[3.71,51.27],[3.7,51.27],[3.69,51.28],[3.68,51.28],[3.64,51.29],[3.63,51.29],[3.61,51.3],[3.59,51.3],[3.59,51.31],[3.59,51.3],[3.58,51.3],[3.59,51.29],[3.58,51.29],[3.57,51.29],[3.56,51.3],[3.56,51.29],[3.54,51.29],[3.54,51.28],[3.53,51.28],[3.53,51.29],[3.52,51.29],[3.52,51.28],[3.52,51.27],[3.52,51.26],[3.53,51.25],[3.52,51.25],[3.51,51.25],[3.51,51.24],[3.49,51.24],[3.48,51.24],[3.47,51.24],[3.46,51.24],[3.45,51.24],[3.44,51.24],[3.43,51.25],[3.43,51.24],[3.43,51.25],[3.42,51.25],[3.42,51.26],[3.41,51.26],[3.4,51.26],[3.4,51.27],[3.39,51.27],[3.38,51.27],[3.38,51.28],[3.38,51.29],[3.37,51.3],[3.38,51.3],[3.36,51.32],[3.37,51.32],[3.37,51.33],[3.38,51.33],[3.38,51.34],[3.37,51.35],[3.37,51.36],[3.37,51.37],[4.23,51.35]]]]}},{"type":"Feature","properties":{"id":"NOR"},"geometry":{"type":"MultiPolygon","coordinates":[[[[30.82,69.79],[30.83,69.78],[30.84,69.78],[30.94,69.58],[30.95,69.58],[30.94,69.56],[30.9,69.55],[30.87,69.54],[30.76,69.53],[30.5,69.55],[30.37,69.61],[30.36,69.61],[30.24,69.65],[30.23,69.65],[30.21,69.66],[30.18,69.66],[30.14,69.67],[30.17,69.88],[30.31,69.67],[30.44,69.82],[30.82,69.79]]],[[[30.13,69.67],[30.14,69.64],[30.15,69.63],[30.15,69.61],[30.16,69.6],[30.15,69.53],[30.13,69.52],[30.12,69.5],[30.11,69.48],[30.1,69.46],[30.07,69.45],[29.94,69.41],[29.93,69.42],[29.92,69.42],[29.88,69.42],[29.86,69.42],[29.79,69.4],[29.76,69.39],[29.75,69.39],[29.73,69.39],[29.72,69.39],[29.71,69.38],[29.68,69.36],[29.53,69.33],[29.52,69.33],[29.49,69.32],[29.48,69.32],[29.38,69.32],[29.37,69.32],[29.36,69.31],[29.35,69.31],[29.33,69.31],[29.3,69.21],[29.24,69.14],[29.24,69.13],[29.23,69.12],[29.24,69.12],[29.18,69.08],[29.17,69.07],[29.16,69.07],[29.15,69.06],[29.14,69.06],[29.13,69.06],[29.11,69.05],[29.1,69.04],[29.09,69.03],[29.07,69.02],[29.03,69.02],[29.02,69.02],[28.93,69.05],[28.84,69.08],[28.84,69.09],[28.82,69.14],[28.82,69.15],[28.83,69.19],[28.83,69.2],[28.83,69.21],[28.96,69.28],[28.97,69.29],[29,69.3],[29.01,69.3],[29.18,69.38],[29.19,69.38],[29.27,69.54],[29.26,69.55],[29.03,69.71],[28.9,69.73],[28.87,69.74],[28.58,69.79],[28.56,69.79],[28.39,69.82],[28.36,69.84],[28.28,69.89],[28.25,69.9],[28.01,70],[27.99,70.01],[27.61,70.07],[27.03,69.91],[27.02,69.92],[27.01,69.92],[27,69.93],[26.99,69.93],[26.95,69.94],[26.94,69.94],[26.92,69.94],[26.89,69.93],[26.87,69.94],[26.86,69.94],[26.86,69.95],[26.86,69.96],[26.84,69.96],[26.82,69.96],[26.8,69.96],[26.77,69.96],[26.76,69.95],[26.74,69.95],[26.72,69.95],[26.71,69.95],[26.7,69.95],[26.69,69.96],[26.68,69.96],[26.67,69.96],[26.64,69.96],[26.63,69.96],[26.62,69.96],[26.61,69.96],[26.59,69.96],[26.59,69.95],[26.57,69.95],[26.56,69.95],[26.55,69.95],[26.54,69.95],[26.53,69.95],[26.51,69.95],[26.49,69.95],[26.48,69.94],[26.46,69.93],[26.46,69.92],[26.45,69.92],[26.44,69.91],[26.41,69.9],[26.4,69.87],[26.39,69.86],[26.38,69.85],[26.37,69.85],[26.35,69.85],[26.34,69.84],[26.33,69.84],[26.32,69.83],[26.3,69.83],[26.28,69.83],[26.27,69.82],[26.26,69.82],[26.25,69.82],[26.24,69.81],[26.25,69.8],[26.24,69.79],[26.23,69.79],[26.22,69.78],[26.19,69.78],[26.19,69.77],[26.18,69.77],[26.18,69.76],[26.16,69.76],[26.15,69.75],[26.13,69.74],[26.05,69.72],[26.04,69.72],[26.02,69.72],[26.01,69.72],[25.96,69.7],[25.95,69.69],[25.94,69.68],[25.91,69.68],[25.9,69.67],[25.89,69.66],[25.9,69.66],[25.92,69.66],[25.93,69.65],[25.95,69.65],[25.96,69.63],[25.96,69.62],[25.97,69.61],[25.97,69.6],[25.96,69.6],[25.95,69.59],[25.95,69.58],[25.94,69.58],[25.93,69.57],[25.92,69.57],[25.9,69.56],[25.88,69.56],[25.86,69.55],[25.85,69.54],[25.86,69.54],[25.87,69.53],[25.88,69.53],[25.88,69.52],[25.87,69.52],[25.85,69.5],[25.85,69.49],[25.86,69.48],[25.86,69.47],[25.85,69.47],[25.84,69.47],[25.83,69.47],[25.83,69.46],[25.82,69.45],[25.81,69.44],[25.81,69.43],[25.82,69.41],[25.81,69.41],[25.82,69.41],[25.83,69.41],[25.83,69.4],[25.84,69.4],[25.85,69.4],[25.83,69.39],[25.81,69.37],[25.82,69.37],[25.82,69.36],[25.8,69.36],[25.78,69.35],[25.74,69.31],[25.75,69.3],[25.75,69.29],[25.73,69.26],[25.71,69.24],[25.71,69.21],[25.69,69.2],[25.7,69.2],[25.7,69.19],[25.71,69.19],[25.71,69.18],[25.72,69.18],[25.72,69.17],[25.72,69.16],[25.73,69.15],[25.74,69.15],[25.74,69.14],[25.74,69.13],[25.73,69.13],[25.73,69.12],[25.72,69.12],[25.72,69.11],[25.73,69.11],[25.73,69.1],[25.73,69.07],[25.74,69.07],[25.75,69.05],[25.75,69.04],[25.75,69.03],[25.78,69.02],[25.77,69.01],[25.76,69],[25.75,69],[25.74,69],[25.72,68.99],[25.71,68.98],[25.71,68.97],[25.69,68.94],[25.67,68.93],[25.67,68.92],[25.66,68.91],[25.51,68.89],[25.44,68.9],[25.4,68.89],[25.32,68.86],[25.31,68.86],[25.29,68.86],[25.29,68.85],[25.23,68.82],[25.22,68.82],[25.18,68.81],[25.14,68.78],[25.13,68.72],[25.11,68.7],[25.11,68.69],[25.11,68.67],[25.11,68.66],[25.12,68.66],[25.11,68.66],[25.11,68.65],[25.12,68.64],[24.88,68.56],[24.86,68.56],[24.8,68.62],[24.79,68.63],[24.65,68.67],[24.48,68.7],[24.04,68.8],[24.03,68.8],[24.01,68.82],[23.99,68.82],[23.42,68.69],[23.38,68.68],[23.33,68.67],[22.94,68.69],[22.93,68.69],[22.46,68.73],[22.45,68.73],[22.37,68.74],[22.31,68.85],[22.3,68.85],[22.28,68.86],[22.28,68.87],[22.23,68.9],[22.2,68.91],[22.02,69.05],[22.01,69.05],[21.97,69.08],[21.66,69.26],[21.65,69.26],[21.53,69.29],[21.51,69.29],[21.49,69.29],[21.05,69.24],[21.02,69.16],[21.07,69.06],[21.07,69.05],[20.66,69.1],[20.65,69.1],[20.55,69.06],[20.06,69.05],[20.33,68.81],[19.94,68.56],[20.23,68.49],[19.92,68.36],[19.65,68.4],[19.51,68.43],[19.47,68.43],[19.42,68.44],[19.28,68.47],[19.26,68.47],[19.12,68.49],[19.11,68.5],[19.06,68.5],[19.02,68.51],[18.93,68.52],[18.74,68.51],[18.63,68.51],[18.62,68.51],[18.53,68.54],[18.45,68.57],[18.37,68.58],[18.33,68.57],[18.27,68.56],[18.14,68.54],[18.13,68.54],[18.12,68.48],[18.11,68.46],[18.1,68.41],[18.1,68.4],[18.11,68.38],[18.11,68.37],[18.11,68.36],[18.11,68.35],[18.12,68.34],[18.12,68.33],[18.14,68.25],[18.12,68.17],[18.07,68.13],[18.01,68.07],[17.93,68.02],[17.87,67.98],[17.86,67.98],[17.73,68.02],[17.71,68.03],[17.53,68.07],[17.49,68.08],[17.35,68.1],[17.31,68.11],[17.28,68.12],[17.25,68.1],[17.24,68.09],[17.21,68.07],[17.04,68.01],[17,68],[16.94,67.98],[16.88,67.96],[16.74,67.91],[16.73,67.9],[16.72,67.89],[16.71,67.86],[16.67,67.81],[16.65,67.78],[16.53,67.62],[16.49,67.59],[16.48,67.59],[16.48,67.58],[16.46,67.57],[16.42,67.54],[16.4,67.53],[16.3,67.53],[16.21,67.52],[16.14,67.49],[16.27,67.31],[16.4,67.19],[16.4,67.16],[16.4,67.14],[16.38,67.04],[16.29,67.01],[16.27,67.01],[16.14,66.96],[16.12,66.95],[16.03,66.91],[15.99,66.87],[15.81,66.73],[15.53,66.56],[15.48,66.54],[15.41,66.5],[15.38,66.48],[15.45,66.36],[15.47,66.28],[15.33,66.24],[15.23,66.21],[15.06,66.16],[14.93,66.15],[14.9,66.15],[14.73,66.14],[14.68,66.14],[14.63,66.14],[14.55,66.13],[14.54,66.13],[14.52,66.13],[14.54,66.04],[14.55,66.04],[14.55,66.03],[14.57,65.98],[14.57,65.96],[14.58,65.95],[14.59,65.89],[14.62,65.83],[14.5,65.42],[14.5,65.34],[14.38,65.25],[14.35,65.19],[14.35,65.18],[14.33,65.13],[14.24,65.06],[14.21,65.04],[14.19,65.03],[14.11,64.96],[14.03,64.9],[14,64.88],[13.99,64.87],[13.98,64.86],[13.94,64.83],[13.81,64.73],[13.71,64.64],[13.7,64.64],[13.68,64.61],[13.66,64.58],[13.65,64.58],[13.7,64.57],[13.75,64.55],[13.87,64.51],[13.97,64.5],[13.98,64.49],[14.1,64.47],[14.11,64.46],[14.15,64.25],[14.16,64.19],[14.1,64.14],[14.1,64.13],[14.09,64.13],[14.05,64.09],[14.03,64.07],[13.99,64.03],[13.81,64.03],[13.29,64.09],[13.26,64.09],[13.16,64.09],[12.96,64.06],[12.9,64.05],[12.88,64.04],[12.83,64.03],[12.77,64],[12.63,63.94],[12.59,63.9],[12.34,63.72],[12.33,63.71],[12.3,63.7],[12.28,63.66],[12.26,63.65],[12.22,63.63],[12.21,63.48],[12.19,63.46],[12.15,63.42],[12.14,63.41],[12.08,63.35],[12.06,63.34],[12.03,63.31],[11.97,63.27],[11.98,63.27],[12.02,63.21],[12.05,63.18],[12.09,63.14],[12.2,63.02],[12.22,63],[12.18,62.97],[12.15,62.95],[12.09,62.91],[12.07,62.9],[12.09,62.86],[12.1,62.83],[12.11,62.82],[12.12,62.79],[12.13,62.78],[12.13,62.77],[12.11,62.71],[12.09,62.67],[12.07,62.64],[12.06,62.61],[12.09,62.56],[12.1,62.55],[12.11,62.53],[12.13,62.51],[12.17,62.46],[12.17,62.45],[12.18,62.44],[12.24,62.35],[12.26,62.32],[12.29,62.29],[12.28,62.29],[12.29,62.29],[12.3,62.27],[12.24,62.27],[12.26,62.12],[12.24,62.07],[12.18,61.87],[12.14,61.73],[12.14,61.72],[12.84,61.38],[12.85,61.37],[12.87,61.36],[12.87,61.35],[12.85,61.29],[12.84,61.26],[12.83,61.26],[12.83,61.25],[12.82,61.24],[12.79,61.2],[12.67,61.06],[12.66,61.05],[12.61,61.05],[12.56,61.05],[12.49,61.05],[12.39,61.04],[12.33,61.03],[12.29,61.03],[12.24,61.02],[12.23,61],[12.26,60.97],[12.27,60.96],[12.3,60.92],[12.32,60.91],[12.33,60.89],[12.33,60.86],[12.34,60.85],[12.49,60.66],[12.57,60.56],[12.59,60.54],[12.6,60.52],[12.61,60.48],[12.59,60.39],[12.58,60.39],[12.57,60.37],[12.55,60.35],[12.54,60.34],[12.52,60.34],[12.5,60.32],[12.5,60.29],[12.51,60.28],[12.51,60.26],[12.52,60.24],[12.52,60.23],[12.53,60.22],[12.53,60.21],[12.52,60.14],[12.5,60.1],[12.5,60.09],[12.49,60.09],[12.48,60.07],[12.47,60.06],[12.44,60.04],[12.39,60.01],[12.38,60],[12.35,59.97],[12.3,59.95],[12.27,59.94],[12.19,59.9],[12.17,59.89],[12.15,59.89],[12.05,59.89],[11.99,59.9],[11.98,59.9],[11.95,59.89],[11.94,59.89],[11.93,59.89],[11.93,59.88],[11.9,59.87],[11.89,59.87],[11.88,59.87],[11.88,59.86],[11.89,59.86],[11.88,59.85],[11.87,59.85],[11.86,59.85],[11.85,59.84],[11.84,59.84],[11.85,59.84],[11.85,59.83],[11.86,59.83],[11.87,59.83],[11.88,59.83],[11.89,59.82],[11.91,59.8],[11.92,59.8],[11.93,59.79],[11.93,59.78],[11.94,59.69],[11.89,59.69],[11.86,59.65],[11.79,59.64],[11.77,59.64],[11.71,59.62],[11.7,59.61],[11.69,59.59],[11.75,59.49],[11.75,59.48],[11.76,59.46],[11.77,59.41],[11.78,59.4],[11.82,59.31],[11.82,59.24],[11.78,59.18],[11.76,59.12],[11.76,59.11],[11.77,59.11],[11.78,59.1],[11.71,59.04],[11.7,59.01],[11.69,58.98],[11.69,58.96],[11.68,58.95],[11.63,58.91],[11.62,58.9],[11.61,58.9],[11.6,58.9],[11.59,58.89],[11.54,58.88],[11.5,58.89],[11.47,58.89],[11.46,58.89],[11.45,58.99],[11.46,58.99],[11.39,59.12],[11.2,59.09],[11.18,59.2],[10.73,59.23],[10.58,59.75],[10.78,59.86],[10.5,59.89],[10.59,59.55],[10.2,59.73],[10.53,59.32],[10.31,59.06],[9.86,58.96],[9.61,59.21],[9.75,58.99],[9.1,58.72],[8.26,58.13],[8.03,58.24],[7.62,58.01],[7.05,57.98],[7.17,58.08],[6.81,58.1],[7.04,58.13],[6.88,58.2],[6.64,58.07],[6.93,58.29],[6.39,58.27],[5.68,58.54],[5.57,59.03],[5.74,58.85],[5.89,58.97],[6.15,58.84],[6.28,58.84],[6.12,58.88],[6.09,58.9],[6.13,58.95],[6.65,59.05],[6.26,59.01],[6.1,58.94],[6.07,58.9],[5.89,59.09],[6.56,59.32],[6.02,59.34],[6.6,59.56],[6.27,59.52],[6.31,59.64],[6.22,59.47],[5.98,59.35],[6.2,59.48],[5.91,59.47],[5.85,59.54],[5.65,59.26],[5.63,59.5],[5.49,59.27],[5.22,59.53],[5.53,59.73],[5.46,59.48],[5.59,59.69],[5.8,59.6],[6.38,59.87],[6.02,59.75],[5.67,59.85],[6.32,60.13],[6.08,60.19],[6.35,60.37],[6.67,60.41],[6.55,60.07],[6.69,60.39],[7.14,60.49],[6.91,60.49],[7.03,60.59],[6.7,60.43],[6.71,60.52],[6.21,60.47],[5.77,59.98],[5.77,60.19],[5.57,60.16],[5.76,60.4],[5.44,60.13],[5.17,60.37],[5.27,60.52],[5.46,60.42],[5.62,60.43],[5.74,60.47],[5.74,60.66],[5.96,60.64],[5.74,60.66],[5.8,60.74],[5.68,60.7],[5.8,60.82],[5.55,60.7],[5.56,60.63],[5.28,60.54],[5.23,60.67],[4.95,60.81],[5.46,60.63],[5.45,60.71],[5.27,60.77],[5.59,60.87],[5.08,60.84],[5.01,60.97],[5.12,60.87],[5.31,60.99],[5.09,61.07],[5.49,60.99],[5.99,61.13],[6.41,61.01],[6.64,61.18],[7.01,61.06],[6.84,60.88],[7.05,60.99],[7.12,60.86],[7.04,61.1],[7.71,61.23],[7.42,61.2],[7.31,61.3],[7.59,61.49],[7.28,61.4],[7.25,61.3],[7.4,61.18],[6.99,61.11],[7.17,61.27],[7,61.16],[6.6,61.21],[6.75,61.42],[6.47,61.12],[5.08,61.17],[5.31,61.19],[4.98,61.28],[5.68,61.36],[5.08,61.32],[5,61.43],[5.85,61.46],[4.99,61.59],[5.43,61.65],[4.97,61.68],[5.38,61.91],[5.98,61.85],[5.91,61.73],[6.02,61.84],[6.84,61.87],[5.12,61.92],[5.43,62.02],[5.18,62.22],[5.46,62],[5.49,62.2],[5.72,62.09],[5.92,62.19],[5.85,62],[5.98,62.14],[6.33,62.06],[5.93,62.22],[6.13,62.2],[5.98,62.27],[6.34,62.37],[6.55,62.1],[6.41,62.39],[6.72,62.45],[7.01,62.28],[6.87,62.08],[7.21,62.1],[6.96,62.12],[7.04,62.28],[7.43,62.25],[6.33,62.61],[7.08,62.65],[7.13,62.52],[7.17,62.63],[7.56,62.5],[7.78,62.58],[7.4,62.63],[8.14,62.68],[8.07,62.78],[7.34,62.7],[7.67,62.8],[6.98,62.72],[7.24,62.81],[6.9,62.91],[7.1,62.99],[7.47,62.9],[8.04,62.97],[8.14,62.82],[8.55,62.67],[8.19,62.83],[7.97,63.08],[8.33,62.96],[8.26,62.83],[8.37,62.89],[8.51,62.84],[8.41,62.9],[8.7,62.81],[8.42,62.95],[8.71,62.97],[8.16,63.11],[8.98,63.2],[8.58,63.2],[8.67,63.41],[9.02,63.46],[9.1,63.29],[9.5,63.4],[9.15,63.49],[9.75,63.65],[9.84,63.3],[10.28,63.32],[10.2,63.45],[10.92,63.45],[10.71,63.62],[11.53,63.78],[11.37,63.95],[11.07,63.86],[11.5,64.01],[11.24,64.03],[11.39,64.11],[10.59,63.8],[10.96,63.91],[10.96,63.75],[10.1,63.5],[9.8,63.66],[10.12,63.78],[9.57,63.65],[9.8,63.77],[9.56,63.77],[10.22,63.93],[9.95,63.91],[10.23,64],[9.95,63.94],[10.02,64.08],[10.68,64.36],[10.53,64.44],[10.84,64.37],[10.65,64.45],[10.98,64.61],[11.34,64.44],[11.22,64.31],[11.8,64.59],[11.38,64.66],[11.87,64.79],[11.69,64.87],[12.46,64.89],[12.06,64.97],[11.18,64.74],[12.08,65.08],[12.18,64.98],[12.96,65.31],[12.49,65.13],[12.25,65.23],[12.47,65.37],[12.04,65.22],[12.29,65.59],[12.71,65.36],[12.35,65.63],[12.51,65.74],[12.79,65.63],[12.67,65.92],[13.21,65.84],[13.05,66.08],[12.68,66.07],[13.52,66.24],[13.55,66.1],[13.83,66.14],[13.6,66.23],[14.18,66.32],[13.01,66.19],[13.56,66.31],[13,66.33],[12.98,66.53],[13.26,66.45],[13.73,66.6],[13.2,66.56],[13.23,66.68],[13.57,66.65],[13.22,66.73],[14,66.8],[13.49,66.95],[14.01,66.96],[14.05,67.08],[14.15,66.97],[14.24,67],[14.23,67.08],[14.31,67.07],[14.4,67.09],[14.58,67.01],[14.59,67.07],[14.48,67.07],[14.4,67.1],[14.33,67.08],[14.24,67.09],[14.8,67.24],[15.47,67.1],[15.43,67.26],[15.04,67.27],[15.26,67.35],[14.31,67.26],[15.05,67.45],[14.65,67.48],[15.06,67.59],[14.93,67.49],[15.76,67.36],[15.53,67.48],[15.92,67.6],[15.52,67.51],[15.16,67.63],[15.65,67.69],[15.51,67.77],[15.85,67.71],[15.37,67.88],[15.17,67.72],[14.76,67.66],[15.14,67.76],[14.82,67.77],[15.14,67.87],[14.85,67.88],[15.87,67.91],[15.94,68.03],[15.28,68.06],[15.63,68.19],[15.81,68.1],[16,68.27],[16.2,67.9],[16.52,67.82],[16.19,68.02],[16.46,67.91],[16.32,68.03],[16.52,67.97],[16.35,68.04],[16.45,68.12],[16.74,68.09],[16.49,68.13],[16.33,68.1],[16.61,68.18],[16.17,68.32],[16.82,68.16],[16.28,68.37],[17.19,68.39],[17.32,68.19],[17.3,68.42],[17.9,68.41],[17.54,68.55],[17.05,68.45],[16.46,68.54],[16.97,68.71],[17.69,68.67],[17.25,68.76],[17.81,68.75],[17.47,68.99],[18.2,69.12],[18.15,69.47],[18.2,69.27],[18.39,69.4],[18.48,69.22],[18.56,69.36],[19.01,69.29],[18.45,69.44],[18.83,69.56],[19.23,69.24],[19.55,69.21],[18.97,69.46],[19.25,69.52],[18.94,69.56],[19.13,69.75],[19.73,69.81],[19.65,69.41],[19.73,69.61],[20.15,69.58],[19.77,69.69],[20.33,69.96],[20.35,69.62],[19.92,69.26],[20.42,69.59],[20.82,69.5],[20.46,69.76],[21.06,69.96],[20.84,69.85],[21.14,69.8],[21.24,70.01],[22.13,69.74],[22.09,70.03],[21.78,70.04],[22.07,70.13],[21.73,70.05],[21.19,70.2],[21.51,70.32],[21.86,70.14],[21.95,70.33],[22.22,70.13],[22.54,70.11],[22.36,70.26],[22.96,70.2],[22.29,70.02],[23.01,70.14],[23,69.92],[23.47,69.98],[23.18,70.22],[23.86,70.49],[24.31,70.45],[24.3,70.69],[24.69,70.63],[24.24,70.78],[24.35,70.88],[24.62,70.79],[24.62,70.99],[25.23,70.8],[25.33,70.98],[25.44,70.85],[25.91,70.88],[25.05,70.5],[25,70.05],[26.67,70.97],[26.48,70.36],[27.1,70.47],[27.11,70.76],[27.72,70.8],[27.1,70.93],[27.28,71.05],[27.55,70.96],[27.65,71.13],[28.55,70.97],[28.24,70.79],[27.73,70.8],[28.14,70.74],[27.64,70.62],[28.3,70.7],[27.86,70.44],[28.51,70.45],[28.83,70.88],[29.4,70.79],[29.27,70.65],[30.18,70.69],[30,70.54],[30.62,70.55],[31.06,70.28],[30.17,70.07],[28.56,70.17],[29.65,69.98],[29.49,69.66],[30.06,69.78],[29.94,69.59],[30.13,69.67]],[[13.38,64.79],[13.23,64.69],[13.65,64.7],[13.38,64.79]],[[12.17,64.19],[12.39,64.26],[11.69,64.12],[12.17,64.19]],[[14.36,65.91],[13.84,65.68],[14.16,65.68],[14.36,65.91]],[[11.91,62.43],[11.71,62.1],[11.94,61.92],[11.91,62.43]],[[11.27,60.59],[11.27,60.61],[11.27,60.59],[10.94,60.87],[10.99,60.71],[10.67,60.84],[11.25,60.4],[11.27,60.59]],[[10.24,60.05],[10.02,60],[10.33,59.96],[10.24,60.05]]],[[[12.32,63.7],[12.31,63.68],[12.3,63.7],[12.32,63.7]]],[[[-8.71,70.92],[-9.04,70.83],[-7.95,71.16],[-8,71.02],[-8.71,70.92]]],[[[8.7,63.78],[8.81,63.69],[8.28,63.67],[8.7,63.78]]],[[[14.05,67.12],[14.29,67.2],[14.19,67],[14.05,67.12]]],[[[29.8,69.76],[29.84,69.91],[30.1,69.82],[29.8,69.76]]],[[[25.84,71.07],[26.22,71.03],[25.56,70.93],[25.25,71.03],[25.73,71.07],[25.67,71.19],[25.84,71.07]]],[[[22.97,70.24],[22.35,70.34],[22.78,70.39],[22.97,70.24]]],[[[23.15,70.54],[23.56,70.62],[23.64,70.49],[23.15,70.27],[22.82,70.41],[23.15,70.54]]],[[[23.76,70.52],[23.68,70.75],[24.13,70.61],[23.76,70.52]]],[[[22.71,70.61],[22.7,70.76],[23.01,70.65],[23.06,70.82],[23.45,70.83],[22.82,70.51],[22.09,70.48],[22.31,70.6],[21.93,70.64],[22.52,70.72],[22.71,70.61]]],[[[13.68,68.31],[14.17,68.26],[13.49,68.06],[13.68,68.31]]],[[[16.47,68.44],[16.07,68.41],[16.34,68.56],[16.47,68.44]]],[[[16.31,68.83],[16.27,68.92],[16.59,68.84],[16.51,68.57],[16.09,68.56],[15.87,68.38],[15.87,68.51],[15.63,68.31],[15.33,68.36],[15.54,68.52],[14.99,68.3],[15.4,68.47],[15.21,68.57],[15.63,68.62],[15.45,68.73],[15.72,68.69],[15.62,68.95],[15.96,68.9],[15.77,68.74],[16.01,68.78],[15.73,68.53],[16.31,68.83]]],[[[14.7,68.69],[14.43,68.6],[14.54,68.82],[14.61,68.73],[14.65,68.84],[14.72,68.74],[15.16,68.81],[15.16,69.02],[15.42,68.69],[15,68.58],[14.79,68.64],[15.18,68.75],[14.7,68.69]]],[[[14.25,68.25],[15.2,68.48],[14.66,68.24],[14.25,68.25]]],[[[20.5,70.06],[20.75,70.23],[20.8,70.05],[20.5,70.06]]],[[[19.64,70.18],[19.59,70.29],[20.13,70.1],[19.74,70.06],[19.64,70.18]]],[[[18.03,69.6],[18.61,69.69],[18.37,69.79],[18.75,69.69],[18.69,69.88],[18.99,69.82],[18.76,69.56],[18.03,69.6]]],[[[18.71,69.93],[19.18,70.09],[19.68,70],[19.13,69.79],[18.71,69.93]]],[[[15.64,68.97],[15.48,68.87],[16.14,69.33],[15.64,68.97]]],[[[17.18,68.77],[16.82,68.73],[17.03,68.87],[17.18,68.77]]],[[[17.25,69.41],[17.31,69.54],[17.68,69.47],[17.48,69.6],[17.68,69.48],[17.87,69.58],[18.01,69.19],[17.49,69.21],[17.05,69.01],[16.78,69.1],[17.19,69.35],[16.87,69.38],[17.25,69.41]]],[[[8.3,63.45],[8.66,63.62],[9.2,63.56],[8.3,63.45]]],[[[7.47,63.05],[7.73,63.01],[7.49,62.94],[7.47,63.05]]],[[[5.83,62.35],[6.11,62.35],[5.87,62.25],[5.83,62.35]]],[[[5.5,60.52],[5.71,60.7],[5.71,60.47],[5.53,60.43],[5.34,60.54],[5.5,60.52]]],[[[5.68,59.98],[5.61,59.87],[5.37,59.99],[5.67,60.08],[5.68,59.98]]],[[[5.33,59.27],[5.2,59.14],[5.24,59.41],[5.33,59.27]]]]}},{"type":"Feature","properties":{"id":"POL"},"geometry":{"type":"Polygon","coordinates":[[[14.41,53.34],[14.28,53.64],[14.28,53.65],[14.27,53.7],[14.61,53.58],[14.62,53.85],[14.21,53.87],[14.19,53.91],[14.23,53.93],[16.17,54.26],[16.53,54.54],[17.97,54.83],[18.33,54.83],[18.78,54.65],[18.42,54.79],[18.78,54.35],[19.64,54.46],[19.65,54.45],[19.24,54.27],[19.8,54.44],[22.06,54.34],[22.19,54.34],[22.24,54.34],[22.32,54.34],[22.33,54.34],[22.79,54.36],[22.8,54.37],[23.04,54.32],[23.16,54.3],[23.16,54.29],[23.16,54.3],[23.39,54.22],[23.4,54.21],[23.41,54.2],[23.42,54.19],[23.42,54.18],[23.52,54.09],[23.51,53.96],[23.51,53.91],[23.52,53.9],[23.58,53.74],[23.59,53.73],[23.79,53.28],[23.8,53.27],[23.81,53.25],[23.91,53.17],[23.9,53.13],[23.89,53.13],[23.9,53.13],[23.9,53.12],[23.89,53.12],[23.89,53.13],[23.89,53.12],[23.89,53.11],[23.94,52.78],[23.94,52.76],[23.94,52.74],[23.94,52.72],[23.85,52.66],[23.8,52.64],[23.2,52.28],[23.2,52.27],[23.21,52.26],[23.2,52.25],[23.19,52.24],[23.2,52.23],[23.21,52.23],[23.25,52.22],[23.26,52.22],[23.27,52.21],[23.31,52.22],[23.3,52.21],[23.35,52.2],[23.36,52.21],[23.4,52.19],[23.42,52.18],[23.42,52.17],[23.46,52.18],[23.47,52.18],[23.5,52.17],[23.49,52.17],[23.49,52.16],[23.5,52.15],[23.51,52.15],[23.53,52.13],[23.54,52.13],[23.56,52.12],[23.57,52.12],[23.6,52.12],[23.62,52.11],[23.62,52.09],[23.65,52.07],[23.64,52.06],[23.66,52.05],[23.66,52.03],[23.69,51.99],[23.68,51.99],[23.67,51.98],[23.67,51.97],[23.65,51.93],[23.64,51.93],[23.61,51.92],[23.62,51.91],[23.62,51.9],[23.62,51.87],[23.62,51.88],[23.6,51.84],[23.6,51.83],[23.62,51.82],[23.63,51.78],[23.59,51.77],[23.56,51.76],[23.55,51.76],[23.55,51.71],[23.58,51.53],[23.59,51.53],[23.6,51.53],[23.61,51.52],[23.62,51.51],[23.64,51.32],[23.64,51.31],[23.65,51.3],[23.69,51.29],[23.71,51.27],[23.73,51.24],[23.73,51.23],[23.81,51.18],[23.84,51.16],[23.86,51.15],[23.87,51.15],[23.86,51.1],[23.88,51.08],[23.93,51.04],[23.93,51.02],[23.92,51.01],[23.97,50.97],[24,50.93],[24.04,50.9],[24.06,50.89],[24.08,50.89],[24.09,50.89],[24.14,50.86],[24.13,50.85],[24.12,50.85],[24.08,50.84],[24.08,50.83],[24.04,50.83],[24.04,50.84],[23.97,50.82],[23.97,50.78],[24.02,50.75],[24.09,50.67],[24.09,50.66],[24,50.41],[23.69,50.35],[23.69,50.34],[23.64,50.32],[23.05,49.89],[22.99,49.84],[22.98,49.84],[22.76,49.64],[22.71,49.17],[22.89,49.01],[22.65,49.05],[22.65,49.06],[22.64,49.06],[22.61,49.08],[22.6,49.09],[22.58,49.1],[22.57,49.09],[22.53,49.09],[22.5,49.09],[22.44,49.1],[22.43,49.1],[22.42,49.1],[22.41,49.1],[22.41,49.11],[22.4,49.11],[22.4,49.12],[22.37,49.14],[22.37,49.15],[22.33,49.14],[22.32,49.14],[22.31,49.14],[22.3,49.14],[22.28,49.14],[22.27,49.15],[22.26,49.15],[22.24,49.15],[22.23,49.17],[22.19,49.17],[22.19,49.18],[21.63,49.45],[20.87,49.34],[20.8,49.35],[20.81,49.35],[20.78,49.37],[20.79,49.37],[20.76,49.37],[20.76,49.38],[20.74,49.4],[20.74,49.41],[20.43,49.41],[20.44,49.41],[20.43,49.4],[20.41,49.4],[20.41,49.39],[20.35,49.4],[20.09,49.18],[20.08,49.18],[19.8,49.2],[19.79,49.2],[19.78,49.21],[19.77,49.21],[19.76,49.21],[19.76,49.22],[19.77,49.22],[19.77,49.23],[19.77,49.24],[19.61,49.45],[19.47,49.61],[19.19,49.41],[18.96,49.46],[18.96,49.49],[18.85,49.52],[18.61,49.76],[18.61,49.77],[18.58,49.81],[18.55,49.92],[18.54,49.93],[18.48,49.91],[18.46,49.92],[18.45,49.92],[18.41,49.94],[18.37,49.94],[18.33,49.95],[18.34,49.94],[18.35,49.93],[17.75,50.07],[17.59,50.16],[17.72,50.32],[17.35,50.26],[16.91,50.45],[17.01,50.22],[16.7,50.1],[16.52,50.24],[16.52,50.25],[16.38,50.34],[16.36,50.35],[16.36,50.37],[16.36,50.38],[16.21,50.42],[16.2,50.43],[16.23,50.45],[16.25,50.47],[16.27,50.48],[16.29,50.48],[16.37,50.51],[16.37,50.52],[16.4,50.54],[16.39,50.54],[16.4,50.55],[16.41,50.56],[16.42,50.57],[16.4,50.62],[16.39,50.62],[16.02,50.6],[15.36,50.85],[15.32,50.86],[15.31,50.86],[15.06,51.02],[14.82,50.87],[14.9,50.94],[14.94,51.01],[14.94,51.03],[14.95,51.04],[14.96,51.04],[14.95,51.04],[14.96,51.05],[14.96,51.06],[14.98,51.1],[14.99,51.12],[15,51.13],[15.01,51.18],[15.03,51.25],[15.03,51.29],[15.01,51.32],[15,51.32],[14.99,51.33],[14.98,51.37],[14.96,51.4],[14.97,51.4],[14.97,51.41],[14.96,51.45],[14.96,51.46],[14.92,51.48],[14.81,51.51],[14.74,51.59],[14.76,51.62],[14.66,51.74],[14.66,51.75],[14.65,51.77],[14.65,51.78],[14.59,51.82],[14.59,51.83],[14.59,51.84],[14.61,51.85],[14.63,51.86],[14.65,51.88],[14.67,51.89],[14.68,51.89],[14.7,51.92],[14.72,51.94],[14.74,52.02],[14.74,52.03],[14.75,52.04],[14.75,52.05],[14.76,52.07],[14.75,52.08],[14.74,52.08],[14.7,52.1],[14.69,52.11],[14.68,52.12],[14.68,52.14],[14.68,52.15],[14.69,52.16],[14.7,52.16],[14.71,52.17],[14.7,52.18],[14.69,52.19],[14.71,52.21],[14.71,52.23],[14.71,52.24],[14.7,52.24],[14.69,52.25],[14.69,52.26],[14.68,52.26],[14.67,52.26],[14.64,52.26],[14.63,52.27],[14.61,52.27],[14.6,52.27],[14.59,52.28],[14.58,52.29],[14.58,52.3],[14.58,52.31],[14.58,52.32],[14.57,52.32],[14.56,52.33],[14.56,52.34],[14.55,52.36],[14.55,52.37],[14.55,52.38],[14.54,52.39],[14.55,52.41],[14.54,52.42],[14.55,52.43],[14.56,52.44],[14.57,52.44],[14.59,52.45],[14.61,52.46],[14.61,52.47],[14.61,52.48],[14.63,52.49],[14.64,52.5],[14.63,52.5],[14.61,52.51],[14.6,52.53],[14.61,52.54],[14.61,52.55],[14.62,52.56],[14.63,52.56],[14.64,52.57],[14.61,52.59],[14.61,52.6],[14.6,52.6],[14.59,52.61],[14.58,52.62],[14.56,52.63],[14.53,52.63],[14.52,52.64],[14.5,52.64],[14.5,52.65],[14.48,52.65],[14.48,52.66],[14.46,52.67],[14.45,52.68],[14.43,52.68],[14.43,52.69],[14.42,52.7],[14.41,52.7],[14.39,52.72],[14.38,52.73],[14.37,52.74],[14.36,52.74],[14.35,52.75],[14.33,52.76],[14.32,52.76],[14.28,52.77],[14.27,52.78],[14.24,52.8],[14.23,52.8],[14.22,52.81],[14.2,52.82],[14.17,52.82],[14.14,52.82],[14.12,52.83],[14.13,52.85],[14.14,52.86],[14.15,52.87],[14.16,52.89],[14.15,52.9],[14.15,52.91],[14.15,52.92],[14.15,52.93],[14.14,52.93],[14.14,52.94],[14.14,52.95],[14.14,52.96],[14.16,52.97],[14.18,52.98],[14.19,52.98],[14.2,52.98],[14.22,52.99],[14.24,52.99],[14.24,53],[14.28,53.01],[14.29,53.02],[14.3,53.03],[14.31,53.03],[14.32,53.04],[14.33,53.04],[14.36,53.07],[14.36,53.08],[14.37,53.08],[14.37,53.09],[14.37,53.1],[14.37,53.11],[14.38,53.11],[14.38,53.13],[14.38,53.15],[14.37,53.17],[14.37,53.18],[14.38,53.19],[14.39,53.21],[14.41,53.21],[14.41,53.22],[14.41,53.23],[14.43,53.24],[14.44,53.25],[14.44,53.27],[14.44,53.28],[14.41,53.34]],[[21.75,53.8],[21.61,53.75],[21.8,53.69],[21.75,53.8]]]}},{"type":"Feature","properties":{"id":"PRT"},"geometry":{"type":"Polygon","coordinates":[[[-8.87,41.87],[-8.85,41.87],[-8.8,41.92],[-8.79,41.92],[-8.78,41.92],[-8.77,41.93],[-8.75,41.94],[-8.75,41.96],[-8.74,41.97],[-8.72,41.98],[-8.71,41.98],[-8.7,41.98],[-8.69,41.99],[-8.67,42],[-8.66,42.03],[-8.65,42.03],[-8.64,42.05],[-8.63,42.05],[-8.61,42.05],[-8.57,42.05],[-8.55,42.05],[-8.53,42.06],[-8.53,42.07],[-8.51,42.08],[-8.5,42.08],[-8.47,42.08],[-8.46,42.08],[-8.44,42.08],[-8.4,42.08],[-8.39,42.08],[-8.32,42.1],[-8.28,42.12],[-8.08,42.05],[-8.22,41.91],[-8.22,41.9],[-8.2,41.87],[-7.91,41.9],[-7.91,41.91],[-7.43,41.81],[-7.14,41.99],[-6.81,41.97],[-6.55,41.94],[-6.55,41.69],[-6.26,41.64],[-6.27,41.49],[-6.26,41.49],[-6.29,41.48],[-6.31,41.45],[-6.3,41.44],[-6.3,41.43],[-6.3,41.42],[-6.33,41.41],[-6.34,41.38],[-6.35,41.38],[-6.37,41.39],[-6.39,41.38],[-6.38,41.36],[-6.41,41.35],[-6.42,41.34],[-6.42,41.33],[-6.42,41.32],[-6.44,41.31],[-6.45,41.3],[-6.46,41.3],[-6.48,41.28],[-6.5,41.27],[-6.51,41.26],[-6.57,41.24],[-6.59,41.24],[-6.59,41.25],[-6.6,41.25],[-6.6,41.24],[-6.63,41.24],[-6.64,41.25],[-6.66,41.23],[-6.7,41.19],[-6.72,41.17],[-6.73,41.16],[-6.74,41.15],[-6.75,41.15],[-6.77,41.14],[-6.77,41.13],[-6.76,41.1],[-6.77,41.09],[-6.77,41.08],[-6.78,41.07],[-6.79,41.06],[-6.81,41.05],[-6.81,41.04],[-6.83,41.03],[-6.85,41.03],[-6.86,41.03],[-6.87,41.03],[-6.88,41.03],[-6.9,41.03],[-6.82,40.61],[-6.79,40.33],[-7.03,40.19],[-6.86,40.01],[-6.97,39.83],[-7.02,39.67],[-7.25,39.67],[-7.33,39.64],[-7.35,39.64],[-7.38,39.65],[-7.39,39.65],[-7.47,39.66],[-7.51,39.67],[-7.52,39.67],[-7.13,39.11],[-7.12,39.1],[-6.95,39.02],[-7.08,38.84],[-7.14,38.81],[-7.14,38.8],[-7.16,38.79],[-7.2,38.76],[-7.21,38.75],[-7.25,38.73],[-7.26,38.71],[-7.27,38.65],[-7.26,38.63],[-7.26,38.6],[-7.29,38.56],[-7.3,38.55],[-7.3,38.52],[-7.31,38.51],[-7.31,38.47],[-7.31,38.46],[-7.31,38.45],[-7.09,38.17],[-6.94,38.22],[-6.99,38.1],[-7.26,37.98],[-7.46,37.65],[-7.47,37.64],[-7.5,37.59],[-7.52,37.57],[-7.52,37.55],[-7.51,37.54],[-7.51,37.53],[-7.51,37.52],[-7.49,37.51],[-7.49,37.5],[-7.47,37.49],[-7.47,37.46],[-7.46,37.46],[-7.46,37.44],[-7.46,37.43],[-7.45,37.42],[-7.44,37.39],[-7.44,37.37],[-7.44,37.34],[-7.44,37.33],[-7.44,37.32],[-7.44,37.31],[-7.44,37.3],[-7.42,37.28],[-7.43,37.27],[-7.43,37.26],[-7.42,37.23],[-7.41,37.22],[-7.88,36.99],[-8.61,37.14],[-9,37.02],[-8.79,37.53],[-8.89,37.95],[-8.78,38.27],[-8.91,38.49],[-8.57,38.4],[-8.74,38.57],[-8.79,38.48],[-8.9,38.52],[-9.22,38.41],[-9.26,38.66],[-8.92,38.76],[-9.01,38.89],[-9.11,38.71],[-9.5,38.78],[-9.41,39.36],[-9.07,39.58],[-8.66,40.93],[-8.87,41.87]]]}},{"type":"Feature","properties":{"id":"ROU"},"geometry":{"type":"MultiPolygon","coordinates":[[[[20.26,46.13],[20.48,46.16],[20.5,46.19],[20.5,46.18],[20.5,46.19],[20.52,46.18],[20.54,46.18],[20.55,46.18],[20.59,46.16],[20.59,46.15],[20.62,46.13],[20.65,46.13],[20.65,46.15],[20.66,46.15],[20.68,46.15],[21.2,46.36],[21.26,46.41],[21.27,46.41],[21.3,46.56],[21.44,46.65],[21.45,46.65],[21.45,46.67],[21.44,46.67],[21.79,47.11],[21.86,47.25],[22.02,47.52],[22.03,47.53],[22.32,47.77],[22.71,47.82],[22.71,47.83],[22.9,47.95],[22.93,47.96],[23.17,48.12],[23.53,48.02],[23.55,48.01],[23.57,48],[23.58,48],[23.62,48.01],[23.62,48],[23.68,47.99],[23.69,47.99],[23.73,47.99],[23.76,47.99],[23.83,47.96],[23.84,47.96],[23.84,47.95],[23.86,47.93],[23.88,47.94],[23.89,47.94],[23.93,47.95],[23.95,47.96],[23.96,47.96],[23.97,47.96],[24.02,47.96],[24.1,47.93],[24.12,47.92],[24.13,47.92],[24.15,47.91],[24.15,47.92],[24.58,47.97],[25.04,47.73],[25.31,47.91],[26.18,47.99],[26.34,48.18],[26.35,48.18],[26.37,48.2],[26.46,48.21],[26.52,48.21],[26.6,48.24],[26.61,48.24],[26.63,48.25],[26.63,48.26],[26.65,48.25],[26.66,48.26],[26.79,48.25],[26.8,48.25],[26.81,48.25],[26.83,48.24],[26.83,48.23],[26.84,48.23],[26.89,48.19],[26.91,48.18],[26.92,48.18],[26.91,48.2],[26.92,48.2],[26.94,48.18],[26.94,48.17],[26.93,48.17],[26.96,48.16],[26.95,48.14],[27,48.12],[27.01,48.13],[27.02,48.14],[27.03,48.14],[27.03,48.13],[27.03,48.12],[27.04,48.12],[27.03,48.09],[27.05,48.07],[27.11,48.03],[27.09,48.01],[27.11,48.01],[27.12,48],[27.13,47.99],[27.16,47.98],[27.15,47.96],[27.18,47.95],[27.16,47.92],[27.15,47.92],[27.16,47.92],[27.18,47.91],[27.22,47.83],[27.24,47.81],[27.24,47.8],[27.25,47.8],[27.27,47.77],[27.29,47.72],[27.27,47.73],[27.27,47.71],[27.29,47.68],[27.29,47.67],[27.29,47.66],[27.31,47.65],[27.38,47.6],[27.38,47.59],[27.4,47.59],[27.43,47.58],[27.42,47.58],[27.42,47.56],[27.44,47.55],[27.44,47.54],[27.45,47.53],[27.46,47.5],[27.47,47.5],[27.48,47.49],[27.49,47.49],[27.51,47.49],[27.51,47.48],[27.52,47.47],[27.53,47.48],[27.53,47.49],[27.55,47.47],[27.56,47.47],[27.58,47.42],[27.57,47.41],[27.58,47.4],[27.57,47.4],[27.57,47.38],[27.57,47.37],[27.59,47.37],[27.6,47.37],[27.6,47.33],[27.59,47.33],[27.6,47.32],[27.61,47.32],[27.62,47.32],[27.63,47.32],[27.64,47.3],[27.66,47.3],[27.66,47.31],[27.68,47.3],[27.68,47.29],[27.71,47.29],[27.7,47.3],[27.72,47.3],[27.73,47.29],[27.75,47.28],[27.76,47.25],[27.75,47.25],[27.77,47.22],[27.78,47.22],[27.78,47.21],[27.78,47.2],[27.78,47.21],[27.79,47.19],[27.8,47.19],[27.8,47.15],[27.79,47.14],[27.84,47.13],[27.84,47.11],[27.86,47.1],[27.88,47.1],[27.95,47.05],[27.99,47.04],[28.01,47.03],[28.04,47.03],[28.04,47.02],[28.04,47.01],[28.09,46.97],[28.08,46.96],[28.09,46.94],[28.08,46.94],[28.09,46.93],[28.09,46.91],[28.08,46.91],[28.09,46.9],[28.11,46.89],[28.12,46.88],[28.11,46.88],[28.1,46.87],[28.13,46.85],[28.12,46.85],[28.11,46.85],[28.1,46.85],[28.11,46.84],[28.13,46.82],[28.13,46.81],[28.14,46.8],[28.15,46.8],[28.16,46.78],[28.17,46.78],[28.18,46.76],[28.17,46.75],[28.19,46.72],[28.21,46.71],[28.21,46.7],[28.23,46.68],[28.24,46.68],[28.25,46.62],[28.24,46.59],[28.23,46.59],[28.23,46.56],[28.23,46.53],[28.21,46.5],[28.22,46.5],[28.23,46.49],[28.23,46.48],[28.26,46.44],[28.26,46.42],[28.25,46.42],[28.23,46.41],[28.23,46.4],[28.24,46.39],[28.23,46.39],[28.22,46.39],[28.19,46.35],[28.2,46.35],[28.19,46.33],[28.17,46.29],[28.17,46.28],[28.15,46.29],[28.14,46.29],[28.13,46.26],[28.14,46.26],[28.15,46.25],[28.13,46.24],[28.12,46.24],[28.11,46.23],[28.13,46.21],[28.13,46.2],[28.12,46.2],[28.12,46.19],[28.13,46.19],[28.14,46.18],[28.13,46.19],[28.1,46.16],[28.12,46.15],[28.13,46.14],[28.13,46.13],[28.13,46.12],[28.12,46.11],[28.1,46.05],[28.1,46],[28.1,45.98],[28.11,45.97],[28.11,45.96],[28.12,45.94],[28.13,45.92],[28.12,45.92],[28.12,45.91],[28.12,45.9],[28.12,45.89],[28.11,45.86],[28.11,45.84],[28.11,45.82],[28.11,45.81],[28.12,45.81],[28.12,45.79],[28.15,45.77],[28.16,45.74],[28.17,45.74],[28.17,45.72],[28.16,45.72],[28.16,45.71],[28.17,45.68],[28.17,45.67],[28.17,45.65],[28.1,45.59],[28.12,45.58],[28.13,45.57],[28.14,45.57],[28.15,45.56],[28.15,45.57],[28.17,45.54],[28.16,45.54],[28.16,45.51],[28.19,45.48],[28.21,45.47],[28.22,45.47],[28.23,45.46],[28.24,45.46],[28.26,45.46],[28.27,45.45],[28.29,45.44],[28.29,45.42],[28.29,45.39],[28.31,45.37],[28.32,45.36],[28.32,45.35],[28.33,45.34],[28.35,45.32],[28.38,45.31],[28.4,45.3],[28.41,45.3],[28.51,45.27],[28.52,45.27],[28.55,45.25],[28.56,45.25],[28.58,45.25],[28.6,45.25],[28.71,45.22],[28.72,45.22],[28.72,45.23],[28.73,45.23],[28.76,45.22],[28.75,45.23],[28.78,45.24],[28.79,45.24],[28.79,45.26],[28.78,45.26],[28.76,45.27],[28.75,45.28],[28.77,45.29],[28.8,45.3],[28.8,45.31],[28.79,45.32],[28.78,45.32],[28.82,45.33],[28.83,45.33],[28.84,45.32],[28.86,45.32],[28.88,45.31],[28.89,45.3],[28.91,45.29],[28.92,45.29],[28.93,45.28],[28.94,45.28],[28.95,45.29],[28.95,45.3],[28.95,45.31],[28.97,45.33],[29,45.34],[29.02,45.35],[29.03,45.35],[29.07,45.36],[29.07,45.37],[29.11,45.38],[29.12,45.38],[29.14,45.38],[29.15,45.39],[29.17,45.39],[29.18,45.4],[29.19,45.41],[29.21,45.42],[29.23,45.43],[29.24,45.43],[29.25,45.43],[29.3,45.43],[29.31,45.44],[29.32,45.45],[29.35,45.44],[29.36,45.44],[29.37,45.44],[29.39,45.44],[29.41,45.44],[29.43,45.44],[29.46,45.43],[29.47,45.42],[29.5,45.42],[29.51,45.42],[29.52,45.41],[29.53,45.41],[29.54,45.41],[29.55,45.41],[29.57,45.4],[29.58,45.4],[29.58,45.39],[29.61,45.37],[29.63,45.36],[29.63,45.35],[29.65,45.34],[29.66,45.33],[29.67,45.31],[29.67,45.3],[29.68,45.28],[29.68,45.27],[29.69,45.2],[29.59,44.83],[29.14,44.77],[29.09,45.02],[28.85,44.93],[28.95,44.78],[28.72,44.72],[28.85,44.65],[28.74,44.48],[28.9,44.57],[28.56,44.26],[28.71,44.11],[28.58,43.74],[27.28,44.12],[27.26,44.12],[27.18,44.12],[27.15,44.13],[27.09,44.14],[27.08,44.15],[27.03,44.14],[27.01,44.14],[26.96,44.14],[26.95,44.14],[26.94,44.14],[26.93,44.14],[26.91,44.14],[26.91,44.13],[26.89,44.13],[26.86,44.12],[26.85,44.11],[26.82,44.1],[26.81,44.1],[26.76,44.08],[26.75,44.08],[26.65,44.06],[26.51,44.05],[26.5,44.05],[26.39,44.04],[26.38,44.04],[26.24,44],[26.22,43.99],[26.17,43.99],[26.14,43.98],[26.11,43.97],[26.09,43.95],[26.08,43.93],[26.07,43.92],[26.06,43.91],[26.05,43.91],[26.03,43.89],[26.01,43.89],[25.98,43.87],[25.97,43.87],[25.96,43.86],[25.95,43.86],[25.94,43.85],[25.93,43.84],[25.92,43.83],[25.91,43.82],[25.91,43.81],[25.9,43.8],[25.88,43.79],[25.88,43.78],[25.84,43.76],[25.82,43.75],[25.8,43.74],[25.78,43.71],[25.77,43.71],[25.75,43.7],[25.74,43.7],[25.66,43.7],[25.64,43.68],[25.63,43.68],[25.62,43.67],[25.61,43.67],[25.58,43.65],[25.57,43.65],[25.48,43.64],[25.47,43.64],[25.41,43.62],[25.39,43.62],[25.38,43.62],[25.36,43.62],[25.33,43.64],[25.32,43.64],[25.31,43.65],[25.3,43.65],[25.28,43.66],[25.26,43.68],[25.25,43.68],[25.16,43.7],[25.15,43.69],[25.1,43.68],[25.09,43.69],[25.05,43.7],[25.04,43.7],[25.01,43.72],[24.97,43.73],[24.91,43.71],[24.9,43.71],[24.89,43.71],[24.79,43.7],[24.78,43.7],[24.7,43.7],[24.68,43.71],[24.64,43.73],[24.63,43.74],[24.61,43.75],[24.6,43.75],[24.46,43.75],[24.43,43.74],[24.42,43.74],[24.41,43.74],[24.4,43.73],[24.39,43.72],[24.38,43.71],[24.35,43.7],[24.34,43.7],[24.32,43.7],[24.31,43.7],[24.2,43.68],[24.18,43.68],[24.17,43.68],[24.16,43.69],[24.12,43.7],[24.09,43.7],[24.06,43.72],[24.05,43.72],[24.02,43.73],[24.01,43.73],[23.94,43.75],[23.92,43.75],[23.84,43.76],[23.83,43.77],[23.8,43.78],[23.8,43.79],[23.78,43.8],[23.65,43.8],[23.63,43.79],[23.61,43.79],[23.59,43.8],[23.57,43.81],[23.54,43.82],[23.53,43.83],[23.51,43.84],[23.47,43.84],[23.45,43.85],[23.26,43.84],[23.25,43.84],[23.2,43.83],[23.19,43.83],[23.18,43.82],[23.17,43.82],[23.14,43.81],[22.91,43.83],[22.89,43.83],[22.87,43.83],[22.86,43.84],[22.84,43.89],[22.85,43.9],[22.86,43.92],[22.87,43.93],[22.87,43.95],[22.87,43.96],[22.88,43.98],[22.92,44],[22.93,44],[22.99,44.01],[23.01,44.01],[23.02,44.02],[23.03,44.03],[23.03,44.04],[23.04,44.05],[23.03,44.08],[23.02,44.09],[23.01,44.09],[22.99,44.1],[22.88,44.13],[22.87,44.13],[22.85,44.14],[22.84,44.14],[22.81,44.16],[22.8,44.16],[22.78,44.17],[22.77,44.18],[22.76,44.19],[22.75,44.2],[22.7,44.2],[22.68,44.21],[22.67,44.23],[22.68,44.24],[22.68,44.28],[22.66,44.29],[22.59,44.3],[22.58,44.3],[22.56,44.31],[22.55,44.32],[22.53,44.34],[22.52,44.35],[22.51,44.37],[22.5,44.4],[22.49,44.43],[22.47,44.45],[22.46,44.46],[22.47,44.48],[22.48,44.48],[22.5,44.48],[22.56,44.5],[22.57,44.54],[22.59,44.55],[22.6,44.55],[22.64,44.54],[22.65,44.54],[22.71,44.52],[22.72,44.52],[22.73,44.53],[22.75,44.54],[22.75,44.57],[22.73,44.58],[22.72,44.59],[22.71,44.6],[22.7,44.6],[22.69,44.61],[22.59,44.63],[22.58,44.64],[22.56,44.65],[22.54,44.66],[22.53,44.67],[22.52,44.68],[22.51,44.68],[22.49,44.7],[22.41,44.7],[22.4,44.69],[22.31,44.66],[22.3,44.65],[22.29,44.63],[22.28,44.63],[22.28,44.62],[22.27,44.61],[22.26,44.6],[22.26,44.59],[22.25,44.58],[22.19,44.51],[22.18,44.48],[22.17,44.48],[22.07,44.53],[22.03,44.56],[22.03,44.57],[22.03,44.58],[22.02,44.6],[22,44.62],[21.92,44.64],[21.91,44.65],[21.78,44.66],[21.77,44.66],[21.75,44.66],[21.74,44.66],[21.72,44.65],[21.7,44.66],[21.61,44.7],[21.61,44.72],[21.61,44.73],[21.59,44.76],[21.58,44.76],[21.56,44.77],[21.55,44.77],[21.39,44.79],[21.36,44.83],[21.36,44.84],[21.36,44.86],[21.56,44.9],[21.36,45.02],[21.51,45.17],[21.02,45.32],[20.79,45.59],[20.82,45.77],[20.26,46.13]]],[[[28.11,45.82],[28.12,45.81],[28.11,45.81],[28.11,45.82]]],[[[28.13,45.57],[28.14,45.58],[28.14,45.57],[28.13,45.57]]],[[[23.15,43.81],[23.14,43.8],[23.14,43.81],[23.15,43.81]]],[[[22.21,44.52],[22.2,44.51],[22.19,44.51],[22.21,44.52]]]]}},{"type":"Feature","properties":{"id":"SRB"},"geometry":{"type":"Polygon","coordinates":[[[18.82,45.91],[18.89,45.92],[19.57,46.18],[20.07,46.16],[20.1,46.16],[20.26,46.13],[20.82,45.77],[20.79,45.59],[21.02,45.32],[21.51,45.17],[21.36,45.02],[21.56,44.9],[21.36,44.86],[21.36,44.84],[21.36,44.83],[21.35,44.83],[21.2,44.77],[21.39,44.79],[21.55,44.77],[21.56,44.77],[21.58,44.76],[21.59,44.76],[21.61,44.73],[21.61,44.72],[21.61,44.7],[21.7,44.66],[21.72,44.65],[21.74,44.66],[21.75,44.66],[21.77,44.66],[21.78,44.66],[21.91,44.65],[21.92,44.64],[22,44.62],[22.02,44.6],[22.03,44.57],[22.03,44.56],[22.17,44.48],[22.18,44.48],[22.2,44.51],[22.21,44.52],[22.22,44.54],[22.22,44.55],[22.25,44.58],[22.26,44.59],[22.26,44.6],[22.27,44.61],[22.28,44.62],[22.28,44.63],[22.29,44.63],[22.3,44.65],[22.31,44.66],[22.4,44.69],[22.41,44.7],[22.49,44.7],[22.52,44.68],[22.53,44.67],[22.54,44.66],[22.56,44.65],[22.58,44.64],[22.59,44.63],[22.62,44.61],[22.64,44.61],[22.69,44.61],[22.7,44.6],[22.71,44.6],[22.72,44.59],[22.73,44.58],[22.75,44.57],[22.75,44.54],[22.73,44.53],[22.72,44.52],[22.71,44.52],[22.7,44.52],[22.65,44.54],[22.64,44.54],[22.6,44.55],[22.59,44.55],[22.57,44.55],[22.54,44.51],[22.56,44.5],[22.48,44.48],[22.47,44.48],[22.46,44.46],[22.47,44.45],[22.48,44.43],[22.49,44.42],[22.5,44.37],[22.51,44.37],[22.52,44.35],[22.53,44.34],[22.55,44.32],[22.56,44.31],[22.58,44.3],[22.59,44.3],[22.66,44.29],[22.68,44.28],[22.68,44.24],[22.67,44.23],[22.67,44.21],[22.36,43.81],[22.53,43.47],[23.01,43.19],[22.74,42.89],[22.44,42.82],[22.56,42.48],[22.36,42.31],[21.59,42.26],[21.79,42.66],[21.4,42.74],[21.25,42.93],[21.24,42.94],[20.83,43.27],[20.67,43.14],[20.68,43.13],[20.68,43.12],[20.69,43.1],[20.69,43.08],[20.66,43.08],[20.67,43.06],[20.67,43.05],[20.67,43.04],[20.66,43.03],[20.65,43.02],[20.64,43.01],[20.63,43.01],[20.62,43],[20.57,43],[20.53,42.97],[20.51,42.97],[20.52,42.97],[20.49,42.94],[20.49,42.93],[20.49,42.92],[20.5,42.91],[20.51,42.9],[20.52,42.89],[20.54,42.89],[20.44,42.84],[20.44,42.83],[20.38,42.84],[20.37,42.84],[20.36,42.83],[20.35,42.83],[20.35,42.84],[20.35,42.88],[20.35,42.89],[20.35,42.91],[20.34,42.91],[20.33,42.91],[20.31,42.92],[20.29,42.93],[20.26,42.94],[20.18,42.97],[20.16,42.98],[20.15,42.99],[20.14,42.99],[20.14,42.98],[20.14,42.97],[20.13,42.97],[20.12,42.97],[20.12,42.96],[20.12,42.97],[20.11,42.97],[20.09,42.99],[20.08,42.99],[20.05,43],[20.05,43.02],[20.04,43.03],[20.01,43.04],[19.97,43.1],[19.97,43.11],[19.96,43.11],[19.92,43.09],[19.91,43.09],[19.9,43.1],[19.89,43.1],[19.86,43.11],[19.85,43.1],[19.84,43.1],[19.83,43.12],[19.82,43.12],[19.78,43.13],[19.78,43.14],[19.78,43.15],[19.77,43.16],[19.77,43.17],[19.76,43.16],[19.75,43.16],[19.74,43.16],[19.73,43.17],[19.71,43.17],[19.7,43.17],[19.69,43.17],[19.68,43.17],[19.68,43.18],[19.67,43.19],[19.66,43.19],[19.64,43.19],[19.63,43.22],[19.62,43.23],[19.59,43.24],[19.54,43.25],[19.54,43.26],[19.53,43.28],[19.54,43.3],[19.38,43.41],[19.37,43.41],[19.23,43.53],[19.38,43.6],[19.38,43.59],[19.52,43.71],[19.24,43.98],[19.25,44.01],[19.29,44],[19.37,43.97],[19.39,43.96],[19.4,43.96],[19.42,43.96],[19.44,43.96],[19.45,43.96],[19.53,43.96],[19.56,43.98],[19.59,44.01],[19.6,44.01],[19.62,44.02],[19.62,44.03],[19.62,44.05],[19.6,44.05],[19.6,44.06],[19.58,44.06],[19.56,44.07],[19.57,44.07],[19.55,44.07],[19.53,44.08],[19.51,44.09],[19.5,44.1],[19.49,44.11],[19.47,44.15],[19.46,44.15],[19.45,44.13],[19.44,44.13],[19.42,44.15],[19.38,44.18],[19.36,44.19],[19.36,44.21],[19.35,44.21],[19.34,44.25],[19.33,44.25],[19.33,44.26],[19.31,44.27],[19.25,44.26],[19.23,44.26],[19.23,44.27],[19.21,44.29],[19.2,44.29],[19.18,44.28],[19.16,44.3],[19.13,44.34],[19.11,44.35],[19.11,44.4],[19.12,44.4],[19.14,44.46],[19.14,44.47],[19.13,44.48],[19.13,44.49],[19.13,44.5],[19.13,44.52],[19.14,44.52],[19.15,44.52],[19.16,44.52],[19.18,44.54],[19.19,44.54],[19.18,44.57],[19.19,44.58],[19.21,44.58],[19.21,44.59],[19.22,44.59],[19.22,44.6],[19.23,44.61],[19.29,44.69],[19.3,44.69],[19.31,44.72],[19.32,44.74],[19.32,44.76],[19.3,44.78],[19.3,44.79],[19.36,44.83],[19.36,44.86],[19.37,44.88],[19.35,44.89],[19.34,44.89],[19.32,44.9],[19.31,44.91],[19.29,44.91],[19.25,44.91],[19.23,44.9],[19.21,44.9],[19.2,44.91],[19.2,44.92],[19.19,44.92],[19.17,44.92],[19.16,44.91],[19.14,44.9],[19.13,44.9],[19.12,44.89],[19.11,44.88],[19.08,44.87],[19.06,44.86],[19.05,44.86],[19.04,44.86],[19.02,44.86],[19.07,44.97],[19.09,45.15],[19.42,45.23],[19.33,45.23],[19.28,45.24],[19.24,45.25],[19.23,45.25],[19.22,45.26],[19.2,45.26],[19.19,45.27],[19.17,45.27],[19.15,45.28],[19.14,45.28],[19.13,45.29],[19.1,45.3],[19.09,45.33],[19.09,45.34],[19.06,45.34],[19.03,45.35],[19.02,45.35],[19.01,45.36],[18.99,45.36],[18.97,45.38],[18.97,45.39],[19,45.4],[19.01,45.4],[19.02,45.4],[19.03,45.42],[19.02,45.43],[18.99,45.44],[18.99,45.45],[18.99,45.47],[18.99,45.48],[19,45.49],[19.01,45.5],[19.02,45.49],[19.04,45.49],[19.06,45.49],[19.09,45.49],[19.1,45.5],[19.1,45.51],[19.1,45.52],[19.09,45.52],[19.07,45.53],[19.06,45.53],[19.03,45.54],[19.02,45.56],[19.01,45.56],[19,45.54],[18.98,45.54],[18.94,45.54],[18.93,45.54],[18.89,45.57],[18.9,45.57],[18.9,45.58],[18.9,45.59],[18.92,45.6],[18.91,45.6],[18.92,45.63],[18.92,45.62],[18.93,45.62],[18.93,45.63],[18.95,45.65],[18.96,45.65],[18.96,45.66],[18.97,45.67],[18.95,45.68],[18.94,45.68],[18.94,45.69],[18.93,45.69],[18.9,45.72],[18.9,45.75],[18.9,45.77],[18.89,45.78],[18.88,45.78],[18.87,45.78],[18.87,45.79],[18.87,45.78],[18.85,45.81],[18.86,45.83],[18.86,45.85],[18.86,45.86],[18.84,45.87],[18.83,45.89],[18.83,45.9],[18.82,45.91]]]}},{"type":"Feature","properties":{"id":"SWE"},"geometry":{"type":"MultiPolygon","coordinates":[[[[11.46,58.99],[11.45,58.99],[11.46,58.89],[11.47,58.89],[11.5,58.89],[11.54,58.88],[11.59,58.89],[11.6,58.9],[11.61,58.9],[11.62,58.9],[11.63,58.91],[11.66,58.92],[11.68,58.95],[11.69,58.96],[11.69,58.98],[11.7,59.01],[11.71,59.04],[11.78,59.1],[11.77,59.11],[11.76,59.11],[11.76,59.12],[11.78,59.18],[11.82,59.24],[11.82,59.31],[11.78,59.4],[11.77,59.41],[11.76,59.46],[11.75,59.48],[11.75,59.49],[11.69,59.59],[11.7,59.61],[11.71,59.62],[11.77,59.64],[11.79,59.64],[11.86,59.65],[11.89,59.69],[11.94,59.69],[11.93,59.78],[11.93,59.79],[11.92,59.8],[11.91,59.8],[11.89,59.82],[11.88,59.83],[11.87,59.83],[11.86,59.83],[11.85,59.83],[11.85,59.84],[11.84,59.84],[11.85,59.84],[11.86,59.85],[11.87,59.85],[11.88,59.85],[11.89,59.86],[11.88,59.86],[11.88,59.87],[11.89,59.87],[11.9,59.87],[11.93,59.88],[11.93,59.89],[11.94,59.89],[11.95,59.89],[11.98,59.9],[11.99,59.9],[12.05,59.89],[12.15,59.89],[12.17,59.89],[12.19,59.9],[12.27,59.94],[12.3,59.95],[12.35,59.97],[12.38,60],[12.39,60.01],[12.44,60.04],[12.47,60.06],[12.48,60.07],[12.49,60.09],[12.5,60.09],[12.5,60.1],[12.52,60.14],[12.53,60.21],[12.53,60.22],[12.52,60.23],[12.52,60.24],[12.51,60.26],[12.51,60.28],[12.5,60.29],[12.5,60.32],[12.52,60.34],[12.54,60.34],[12.55,60.35],[12.57,60.37],[12.58,60.39],[12.59,60.39],[12.61,60.48],[12.6,60.52],[12.59,60.54],[12.57,60.56],[12.49,60.66],[12.34,60.85],[12.33,60.86],[12.33,60.89],[12.32,60.91],[12.3,60.92],[12.27,60.96],[12.26,60.97],[12.23,61],[12.24,61.02],[12.29,61.03],[12.33,61.03],[12.39,61.04],[12.49,61.05],[12.56,61.05],[12.61,61.05],[12.66,61.05],[12.67,61.06],[12.79,61.2],[12.82,61.24],[12.83,61.25],[12.83,61.26],[12.84,61.26],[12.85,61.29],[12.87,61.35],[12.87,61.36],[12.85,61.37],[12.84,61.38],[12.14,61.72],[12.14,61.73],[12.18,61.87],[12.24,62.07],[12.26,62.12],[12.3,62.27],[12.29,62.29],[12.28,62.29],[12.26,62.32],[12.52,62.26],[12.24,62.35],[12.18,62.44],[12.17,62.45],[12.17,62.46],[12.13,62.51],[12.11,62.53],[12.1,62.55],[12.09,62.56],[12.06,62.61],[12.07,62.64],[12.09,62.67],[12.11,62.71],[12.13,62.77],[12.13,62.78],[12.12,62.79],[12.11,62.82],[12.1,62.83],[12.09,62.86],[12.07,62.9],[12.09,62.91],[12.15,62.95],[12.18,62.97],[12.22,63],[12.2,63.02],[12.09,63.14],[12.05,63.18],[12.02,63.21],[11.98,63.27],[11.97,63.27],[12.03,63.31],[12.06,63.34],[12.08,63.35],[12.14,63.41],[12.15,63.42],[12.19,63.46],[12.21,63.48],[12.22,63.63],[12.26,63.65],[12.28,63.66],[12.31,63.68],[12.32,63.7],[12.33,63.71],[12.34,63.72],[12.59,63.9],[12.63,63.94],[12.77,64],[12.83,64.03],[12.88,64.04],[12.9,64.05],[12.96,64.06],[13.16,64.09],[13.26,64.09],[13.29,64.09],[13.81,64.03],[13.99,64.03],[14.03,64.07],[14.05,64.09],[14.09,64.13],[14.1,64.14],[14.1,64.13],[14.16,64.19],[14.15,64.25],[14.11,64.46],[14.1,64.47],[13.98,64.49],[13.97,64.5],[13.87,64.51],[13.75,64.55],[13.7,64.57],[13.65,64.58],[13.66,64.58],[13.68,64.61],[13.7,64.64],[14.15,64.51],[13.71,64.64],[13.81,64.73],[13.94,64.83],[13.98,64.86],[13.99,64.87],[14,64.88],[14.03,64.9],[14.11,64.96],[14.19,65.03],[14.21,65.04],[14.24,65.06],[14.33,65.13],[14.35,65.18],[14.35,65.19],[14.38,65.25],[14.5,65.34],[14.5,65.42],[14.62,65.83],[14.59,65.89],[14.58,65.95],[14.57,65.96],[14.57,65.98],[14.55,66.03],[14.55,66.04],[14.54,66.04],[14.88,66.04],[14.63,66.14],[14.68,66.14],[14.73,66.14],[14.9,66.15],[14.93,66.15],[15.06,66.16],[15.23,66.21],[15.33,66.24],[15.47,66.28],[15.45,66.36],[15.38,66.48],[15.41,66.5],[15.48,66.54],[15.53,66.56],[15.81,66.73],[15.99,66.87],[16.03,66.91],[16.12,66.95],[16.14,66.96],[16.27,67.01],[16.29,67.01],[16.38,67.04],[16.4,67.14],[16.4,67.16],[16.4,67.19],[16.27,67.31],[16.14,67.49],[16.21,67.52],[16.3,67.53],[16.4,67.53],[16.42,67.54],[16.46,67.57],[16.48,67.58],[16.49,67.59],[16.48,67.59],[16.53,67.62],[16.65,67.78],[16.67,67.81],[16.71,67.86],[16.72,67.89],[16.73,67.9],[16.74,67.91],[16.88,67.96],[16.94,67.98],[17,68],[17.04,68.01],[17.21,68.07],[17.24,68.09],[17.45,67.98],[17.25,68.1],[17.28,68.12],[17.31,68.11],[17.35,68.1],[17.49,68.08],[17.53,68.07],[17.71,68.03],[17.73,68.02],[17.86,67.98],[17.87,67.98],[17.88,67.97],[17.9,67.97],[17.95,68.02],[18.01,68.07],[18.07,68.13],[18.12,68.17],[18.14,68.25],[18.12,68.33],[18.12,68.34],[18.11,68.35],[18.11,68.36],[18.11,68.37],[18.11,68.38],[18.1,68.4],[18.1,68.41],[18.11,68.46],[18.12,68.48],[18.13,68.54],[18.14,68.54],[18.27,68.56],[18.33,68.57],[18.37,68.58],[18.45,68.57],[18.53,68.54],[18.62,68.51],[18.63,68.51],[18.74,68.51],[18.93,68.52],[19.02,68.51],[19.06,68.5],[19.11,68.5],[19.12,68.49],[19.26,68.47],[19.28,68.47],[19.42,68.44],[19.47,68.43],[19.51,68.43],[19.65,68.4],[19.92,68.36],[20.23,68.49],[19.94,68.56],[20.37,68.78],[20.06,69.05],[20.55,69.06],[20.56,69.06],[20.57,69.06],[20.61,69.05],[20.64,69.04],[20.65,69.04],[20.83,69],[20.85,68.99],[20.86,68.94],[20.85,68.93],[20.87,68.92],[20.88,68.92],[20.89,68.91],[20.9,68.9],[20.87,68.89],[20.94,68.9],[20.96,68.9],[20.96,68.89],[20.97,68.89],[20.99,68.9],[21.02,68.89],[21.03,68.88],[21.06,68.88],[21.07,68.87],[21.08,68.86],[21.1,68.86],[21.12,68.86],[21.13,68.85],[21.14,68.84],[21.17,68.83],[21.18,68.83],[21.23,68.81],[21.24,68.81],[21.25,68.8],[21.26,68.79],[21.25,68.78],[21.28,68.78],[21.29,68.77],[21.31,68.76],[21.32,68.76],[21.36,68.77],[21.39,68.76],[21.41,68.75],[21.41,68.74],[21.41,68.73],[21.42,68.72],[21.42,68.71],[21.42,68.7],[21.44,68.69],[21.45,68.69],[21.48,68.68],[21.49,68.68],[21.51,68.68],[21.53,68.68],[21.54,68.68],[21.56,68.68],[21.6,68.67],[21.62,68.66],[21.64,68.65],[21.65,68.65],[21.66,68.64],[21.67,68.64],[21.71,68.63],[21.71,68.62],[21.7,68.61],[21.7,68.6],[21.7,68.59],[21.71,68.59],[21.73,68.59],[21.75,68.59],[21.76,68.59],[21.78,68.59],[21.83,68.59],[21.85,68.59],[21.86,68.59],[21.86,68.58],[21.87,68.58],[21.88,68.58],[21.89,68.58],[21.9,68.58],[21.92,68.57],[21.94,68.56],[21.95,68.56],[21.96,68.55],[21.97,68.55],[21.94,68.51],[22.02,68.49],[22.03,68.49],[22.04,68.48],[22.06,68.48],[22.07,68.48],[22.1,68.48],[22.11,68.48],[22.13,68.47],[22.15,68.47],[22.21,68.48],[22.23,68.48],[22.24,68.48],[22.26,68.48],[22.35,68.48],[22.35,68.47],[22.34,68.47],[22.35,68.46],[22.35,68.45],[22.36,68.45],[22.39,68.46],[22.4,68.46],[22.42,68.46],[22.44,68.46],[22.45,68.45],[22.46,68.44],[22.49,68.44],[22.51,68.44],[22.53,68.44],[22.56,68.43],[22.57,68.43],[22.58,68.42],[22.59,68.42],[22.62,68.43],[22.63,68.43],[22.64,68.43],[22.64,68.42],[22.65,68.42],[22.66,68.41],[22.69,68.41],[22.69,68.4],[22.7,68.4],[22.71,68.4],[22.73,68.39],[22.75,68.38],[22.77,68.39],[22.78,68.39],[22.79,68.39],[22.8,68.39],[22.82,68.39],[22.84,68.38],[22.85,68.38],[22.84,68.37],[22.85,68.36],[22.87,68.35],[22.88,68.35],[22.9,68.35],[22.91,68.34],[22.96,68.33],[23,68.32],[23.02,68.31],[23.03,68.31],[23.07,68.3],[23.07,68.29],[23.07,68.28],[23.07,68.27],[23.08,68.27],[23.09,68.26],[23.1,68.26],[23.11,68.25],[23.12,68.25],[23.14,68.25],[23.15,68.24],[23.15,68.23],[23.15,68.22],[23.14,68.22],[23.15,68.21],[23.14,68.21],[23.15,68.2],[23.16,68.2],[23.16,68.19],[23.15,68.18],[23.14,68.18],[23.14,68.17],[23.14,68.16],[23.14,68.15],[23.15,68.14],[23.17,68.13],[23.18,68.14],[23.19,68.14],[23.23,68.15],[23.24,68.15],[23.25,68.15],[23.26,68.16],[23.27,68.16],[23.28,68.16],[23.29,68.15],[23.3,68.15],[23.31,68.15],[23.31,68.14],[23.32,68.14],[23.33,68.13],[23.33,68.12],[23.33,68.11],[23.34,68.1],[23.35,68.09],[23.36,68.08],[23.37,68.07],[23.37,68.06],[23.39,68.06],[23.39,68.05],[23.4,68.04],[23.41,68.04],[23.42,68.04],[23.44,68.04],[23.45,68.04],[23.47,68.03],[23.47,68.02],[23.48,68.02],[23.5,68.01],[23.52,68.01],[23.54,67.99],[23.56,67.98],[23.57,67.97],[23.58,67.97],[23.59,67.97],[23.6,67.97],[23.61,67.97],[23.65,67.95],[23.66,67.95],[23.65,67.94],[23.65,67.93],[23.64,67.92],[23.64,67.91],[23.62,67.91],[23.6,67.9],[23.59,67.9],[23.58,67.89],[23.56,67.9],[23.54,67.89],[23.53,67.89],[23.52,67.88],[23.51,67.88],[23.51,67.87],[23.5,67.87],[23.49,67.86],[23.49,67.85],[23.48,67.84],[23.48,67.83],[23.48,67.82],[23.47,67.82],[23.48,67.8],[23.49,67.8],[23.49,67.79],[23.49,67.78],[23.48,67.78],[23.49,67.76],[23.49,67.75],[23.48,67.74],[23.49,67.73],[23.48,67.72],[23.48,67.71],[23.48,67.7],[23.49,67.7],[23.49,67.69],[23.5,67.68],[23.49,67.67],[23.5,67.66],[23.52,67.64],[23.53,67.64],[23.54,67.63],[23.56,67.62],[23.54,67.61],[23.54,67.6],[23.54,67.59],[23.54,67.58],[23.53,67.58],[23.52,67.57],[23.51,67.57],[23.5,67.56],[23.49,67.57],[23.47,67.56],[23.46,67.56],[23.46,67.55],[23.48,67.55],[23.48,67.54],[23.48,67.53],[23.43,67.51],[23.41,67.5],[23.39,67.48],[23.4,67.48],[23.41,67.48],[23.41,67.47],[23.42,67.47],[23.44,67.46],[23.45,67.46],[23.48,67.45],[23.49,67.45],[23.52,67.45],[23.55,67.46],[23.57,67.46],[23.58,67.46],[23.59,67.45],[23.63,67.45],[23.64,67.45],[23.65,67.45],[23.68,67.44],[23.69,67.44],[23.72,67.44],[23.74,67.44],[23.75,67.44],[23.76,67.43],[23.76,67.42],[23.75,67.42],[23.75,67.41],[23.75,67.4],[23.74,67.4],[23.73,67.39],[23.72,67.38],[23.73,67.37],[23.74,67.36],[23.74,67.35],[23.75,67.35],[23.76,67.35],[23.77,67.34],[23.76,67.33],[23.75,67.32],[23.75,67.31],[23.74,67.3],[23.72,67.28],[23.7,67.28],[23.68,67.28],[23.66,67.28],[23.63,67.27],[23.61,67.27],[23.59,67.27],[23.58,67.27],[23.57,67.26],[23.56,67.26],[23.57,67.26],[23.57,67.25],[23.55,67.25],[23.56,67.24],[23.56,67.23],[23.55,67.22],[23.57,67.22],[23.59,67.21],[23.59,67.2],[23.59,67.19],[23.58,67.19],[23.57,67.19],[23.55,67.17],[23.56,67.16],[23.58,67.15],[23.59,67.14],[23.6,67.14],[23.61,67.13],[23.62,67.13],[23.62,67.12],[23.63,67.12],[23.65,67.11],[23.66,67.1],[23.66,67.09],[23.67,67.08],[23.67,67.07],[23.68,67.06],[23.7,67.05],[23.71,67.05],[23.71,67.04],[23.72,67.03],[23.74,67.02],[23.75,67.01],[23.76,67.01],[23.76,67],[23.78,67],[23.8,66.99],[23.81,66.98],[23.82,66.97],[23.84,66.96],[23.87,66.92],[23.9,66.9],[23.91,66.9],[23.91,66.89],[23.93,66.88],[23.94,66.88],[23.95,66.86],[23.96,66.86],[23.96,66.85],[23.97,66.85],[23.98,66.84],[23.99,66.83],[24,66.82],[23.99,66.81],[23.99,66.8],[23.98,66.8],[23.95,66.79],[23.94,66.79],[23.91,66.78],[23.92,66.77],[23.91,66.77],[23.9,66.77],[23.88,66.76],[23.88,66.75],[23.89,66.75],[23.89,66.74],[23.9,66.73],[23.9,66.71],[23.89,66.7],[23.87,66.67],[23.87,66.66],[23.87,66.63],[23.88,66.62],[23.87,66.57],[23.86,66.57],[23.84,66.55],[23.83,66.55],[23.8,66.54],[23.79,66.54],[23.8,66.52],[23.79,66.52],[23.77,66.51],[23.73,66.5],[23.72,66.5],[23.71,66.49],[23.72,66.48],[23.7,66.48],[23.67,66.46],[23.66,66.46],[23.64,66.46],[23.65,66.42],[23.65,66.41],[23.66,66.36],[23.65,66.31],[23.65,66.3],[23.67,66.26],[23.68,66.26],[23.7,66.23],[23.72,66.22],[23.73,66.21],[23.73,66.19],[23.74,66.19],[23.75,66.19],[23.77,66.19],[23.79,66.18],[23.82,66.17],[23.83,66.17],[23.85,66.17],[23.86,66.17],[23.88,66.17],[23.91,66.16],[23.92,66.16],[23.93,66.15],[23.92,66.14],[23.92,66.13],[23.94,66.11],[23.95,66.11],[23.95,66.1],[23.94,66.1],[23.94,66.09],[23.95,66.07],[23.99,66.04],[24,66.03],[24.02,66.02],[24.04,65.96],[24.05,65.96],[24.06,65.95],[24.07,65.95],[24.08,65.94],[24.09,65.93],[24.11,65.93],[24.12,65.93],[24.11,65.92],[24.11,65.91],[24.14,65.86],[24.13,65.86],[24.13,65.85],[24.14,65.84],[23.38,65.75],[23.12,65.87],[23.1,65.7],[22.67,65.9],[22.68,65.75],[22.3,65.85],[22.4,65.54],[22.06,65.62],[21.83,65.35],[21.45,65.39],[21.75,65.19],[21.52,65.23],[21.54,65.06],[21,64.84],[21.61,64.43],[20.57,63.73],[20.49,63.83],[20.39,63.67],[20.29,63.81],[19.74,63.45],[19.46,63.57],[19.34,63.45],[19.03,63.19],[18.71,63.29],[18.88,63.2],[18.2,63.01],[18.54,62.99],[18.45,62.87],[17.93,62.84],[17.85,62.49],[17.32,62.47],[17.66,62.23],[17.32,61.93],[17.49,61.62],[17.11,61.73],[17.04,61.58],[17.35,60.75],[17.16,60.69],[17.73,60.5],[17.99,60.6],[18.61,60.25],[18.31,60.32],[18.59,60.05],[18.74,60.12],[18.81,59.97],[18.81,60.12],[19.08,59.88],[18.87,59.94],[18.71,59.75],[19.08,59.74],[18.33,59.38],[18.08,59.42],[18.08,59.3],[18.35,59.36],[18.46,59.31],[18.42,59.42],[18.67,59.31],[18.36,59.29],[18.3,59.33],[18.46,59.16],[18,59.04],[17.89,58.85],[17.63,59.19],[17.51,58.78],[17.09,58.77],[16.92,58.61],[16.18,58.64],[16.95,58.48],[16.41,58.48],[16.86,58.2],[16.77,58.11],[16.6,58.2],[16.79,57.87],[16.47,57.91],[16.72,57.73],[16.41,57.9],[16.73,57.7],[16.52,57.73],[16.71,57.49],[16.45,57.27],[16.48,56.77],[15.85,56.07],[15.59,56.21],[15.01,56.2],[14.34,55.96],[14.18,55.38],[12.93,55.41],[13.07,55.68],[12.45,56.3],[12.79,56.22],[12.62,56.42],[12.94,56.59],[12.35,56.93],[12.11,57.43],[11.91,57.39],[11.91,57.69],[11.7,57.71],[11.91,58.35],[11.5,58.25],[11.57,58.48],[11.46,58.27],[11.46,58.46],[11.24,58.36],[11.11,59],[11.34,59.11],[11.46,58.99]],[[15.57,58.54],[15.6,58.44],[15.97,58.52],[15.57,58.54]],[[13.58,58.68],[13.91,58.77],[13.64,58.84],[13.95,58.81],[13.97,59.01],[14.02,59.34],[13.58,59.4],[13.51,59.25],[13.32,59.37],[13.23,59.26],[13.18,59.36],[13.28,58.9],[12.83,59.1],[12.46,58.79],[12.67,58.65],[12.35,58.37],[13.14,58.71],[13.25,58.49],[13.58,58.68]],[[14.85,58.81],[14.28,58.3],[14.17,57.78],[15.01,58.52],[14.85,58.81]],[[12.79,59.58],[12.44,59.67],[12.7,59.47],[12.79,59.58]],[[17.36,59.6],[17.43,59.47],[17.09,59.45],[17.35,59.4],[17.28,59.24],[17.59,59.24],[17.45,59.41],[17.71,59.45],[17.36,59.6]],[[17.05,59.51],[17.26,59.49],[16.57,59.61],[16.33,59.45],[17.05,59.51]],[[15.46,59.31],[15.27,59.28],[15.82,59.13],[16.22,59.24],[15.46,59.31]],[[14.58,61.02],[14.99,60.74],[15.12,60.89],[14.58,61.02]],[[16.79,61.27],[16.58,61.21],[16.83,61.18],[16.79,61.27]],[[14.09,63.31],[14.5,62.79],[14.43,63.13],[14.81,63.11],[14.09,63.31]],[[17.74,63],[17.91,62.86],[17.78,63.09],[17.74,63]],[[12.91,63.69],[13.1,63.51],[13.22,63.61],[12.91,63.69]],[[16.89,64.38],[17.12,64.32],[16.9,64.38],[16.89,64.38]],[[17.71,66.08],[17.8,65.83],[17.99,65.95],[17.71,66.08]],[[18.19,65.78],[18,65.82],[18.06,65.68],[18.5,65.65],[18.19,65.78]],[[18.02,66.06],[18.23,66.04],[17.75,66.12],[18.02,66.06]],[[18.42,67.08],[18.13,67.07],[18.58,66.97],[18.42,67.08]],[[16.48,67.42],[16.88,67.51],[16.32,67.51],[16.48,67.42]]],[[[21.97,68.54],[21.98,68.54],[22,68.53],[21.97,68.54]]],[[[23.65,66.46],[23.65,66.45],[23.64,66.46],[23.65,66.46]]],[[[16.45,56.63],[17.12,57.36],[16.4,56.19],[16.45,56.63]]],[[[11.65,58.25],[11.83,58.12],[11.48,58.07],[11.65,58.25]]],[[[18.78,57.7],[18.92,57.4],[18.13,56.91],[18.3,57.1],[18.11,57.53],[18.7,57.92],[18.79,57.83],[19.01,57.92],[19.1,57.82],[18.78,57.7]]]]}},{"type":"Feature","properties":{"id":"SVN"},"geometry":{"type":"Polygon","coordinates":[[[13.71,46.52],[14.56,46.37],[14.98,46.6],[14.99,46.6],[15.66,46.71],[15.67,46.71],[15.73,46.7],[15.75,46.7],[15.84,46.72],[15.85,46.72],[15.9,46.71],[15.91,46.71],[15.93,46.7],[16,46.68],[16.02,46.66],[16.04,46.68],[16.11,46.87],[16.34,46.85],[16.6,46.48],[16.57,46.47],[16.51,46.5],[16.5,46.5],[16.48,46.51],[16.46,46.52],[16.43,46.53],[16.42,46.53],[16.41,46.53],[16.33,46.53],[16.26,46.38],[16.25,46.38],[16.24,46.38],[16.2,46.38],[16.19,46.38],[16.18,46.39],[16.17,46.39],[16.15,46.4],[16.13,46.4],[16.11,46.39],[16.1,46.39],[16.07,46.39],[16.06,46.39],[15.69,46.23],[15.68,46.23],[15.69,45.86],[15.71,45.85],[15.7,45.84],[15.28,45.74],[15.34,45.65],[15.34,45.64],[15.3,45.61],[15.29,45.61],[15.3,45.57],[15.21,45.43],[15.2,45.43],[15.18,45.42],[15.17,45.42],[14.82,45.46],[14.57,45.67],[14.32,45.47],[13.59,45.47],[13.72,45.59],[13.92,45.63],[13.61,45.9],[13.64,45.98],[13.48,46.01],[13.66,46.18],[13.4,46.3],[13.57,46.41],[13.58,46.42],[13.71,46.52]]]}},{"type":"Feature","properties":{"id":"SVK"},"geometry":{"type":"Polygon","coordinates":[[[16.94,48.62],[16.97,48.66],[16.99,48.69],[17.09,48.79],[17.12,48.83],[17.16,48.85],[17.18,48.86],[17.18,48.87],[17.89,48.93],[18.25,49.29],[18.72,49.5],[18.77,49.5],[18.85,49.52],[18.96,49.49],[18.96,49.46],[19.19,49.41],[19.47,49.61],[19.61,49.45],[19.77,49.24],[19.77,49.23],[19.77,49.22],[19.76,49.22],[19.76,49.21],[19.77,49.21],[19.78,49.21],[19.79,49.2],[19.8,49.2],[20.08,49.18],[20.09,49.18],[20.35,49.4],[20.41,49.39],[20.41,49.4],[20.43,49.4],[20.44,49.41],[20.43,49.41],[20.74,49.41],[20.74,49.4],[20.76,49.38],[20.76,49.37],[20.79,49.37],[20.78,49.37],[20.81,49.35],[20.81,49.36],[20.8,49.35],[20.87,49.34],[21.63,49.45],[22.19,49.18],[22.19,49.17],[22.23,49.17],[22.24,49.15],[22.26,49.15],[22.27,49.15],[22.28,49.14],[22.3,49.14],[22.31,49.14],[22.32,49.14],[22.33,49.14],[22.37,49.15],[22.37,49.14],[22.4,49.12],[22.4,49.11],[22.41,49.11],[22.41,49.1],[22.42,49.1],[22.43,49.1],[22.44,49.1],[22.5,49.09],[22.53,49.09],[22.57,49.09],[22.27,48.66],[22.27,48.65],[22.26,48.65],[22.19,48.61],[22.16,48.56],[22.16,48.53],[22.15,48.48],[22.14,48.45],[22.16,48.4],[22.14,48.39],[22.13,48.38],[21.76,48.34],[21.53,48.52],[21.32,48.56],[21.31,48.53],[21.28,48.53],[21.27,48.53],[20.51,48.53],[20,48.17],[19.99,48.17],[19.56,48.21],[19.51,48.18],[19.38,48.09],[19.25,48.06],[19.05,48.06],[18.76,47.89],[18.76,47.87],[18.85,47.83],[18.85,47.82],[18.83,47.82],[18.81,47.82],[18.77,47.82],[18.73,47.8],[18.73,47.79],[18.72,47.78],[18.71,47.78],[18.7,47.78],[18.68,47.77],[18.66,47.76],[18.65,47.76],[18.62,47.76],[18.61,47.76],[18.6,47.76],[18.58,47.76],[18.57,47.77],[18.54,47.76],[18.51,47.76],[18.49,47.75],[18.48,47.76],[18.46,47.77],[18.45,47.76],[18.44,47.76],[18.39,47.75],[18.38,47.75],[18.37,47.74],[18.36,47.74],[18.29,47.73],[18.27,47.73],[18.25,47.74],[18.24,47.74],[18.22,47.74],[18.21,47.74],[18.18,47.74],[18.17,47.74],[18.16,47.74],[18.14,47.75],[18.09,47.76],[18.08,47.76],[18.07,47.76],[18.06,47.76],[18.05,47.76],[18.03,47.75],[17.99,47.75],[17.96,47.75],[17.95,47.75],[17.94,47.74],[17.91,47.74],[17.9,47.74],[17.89,47.74],[17.88,47.74],[17.85,47.74],[17.83,47.74],[17.81,47.74],[17.79,47.74],[17.76,47.75],[17.75,47.75],[17.74,47.75],[17.73,47.75],[17.72,47.75],[17.71,47.76],[17.7,47.76],[17.7,47.77],[17.69,47.78],[17.67,47.79],[17.66,47.79],[17.65,47.79],[17.64,47.8],[17.63,47.81],[17.62,47.81],[17.61,47.82],[17.59,47.82],[17.56,47.82],[17.56,47.83],[17.54,47.84],[17.54,47.86],[17.54,47.89],[17.49,47.87],[17.45,47.88],[17.45,47.9],[17.44,47.91],[17.43,47.92],[17.41,47.94],[17.45,47.94],[17.38,47.96],[17.37,47.96],[17.37,47.97],[17.36,47.98],[17.34,47.98],[17.25,48.04],[17.24,48.02],[17.23,48.02],[17.16,48.01],[17.06,48.14],[17.05,48.14],[17.04,48.14],[17.03,48.14],[16.99,48.16],[16.98,48.17],[16.96,48.21],[16.95,48.24],[16.94,48.27],[16.9,48.3],[16.89,48.31],[16.9,48.31],[16.9,48.33],[16.88,48.34],[16.88,48.35],[16.87,48.35],[16.83,48.38],[16.84,48.38],[16.86,48.4],[16.85,48.4],[16.85,48.41],[16.86,48.41],[16.86,48.43],[16.85,48.43],[16.88,48.47],[16.9,48.49],[16.89,48.49],[16.91,48.5],[16.92,48.51],[16.92,48.52],[16.94,48.53],[16.95,48.53],[16.94,48.59],[16.94,48.6],[16.94,48.61],[16.94,48.62]]]}},{"type":"Feature","properties":{"id":"TUR"},"geometry":{"type":"MultiPolygon","coordinates":[[[[26.36,41.71],[26.62,41.98],[26.98,42.03],[26.98,42.04],[27.27,42.1],[27.57,41.9],[27.97,41.98],[28.01,41.98],[28.02,41.98],[28.03,41.98],[28.21,41.53],[29.12,41.23],[28.98,41],[28.62,40.96],[28.52,41.1],[28.54,40.98],[28.22,41.08],[27.51,40.97],[27.31,40.7],[26.7,40.45],[26.19,40.04],[26.22,40.32],[26.84,40.59],[26.13,40.59],[26.07,40.73],[26.13,40.75],[26.15,40.8],[26.17,40.81],[26.19,40.82],[26.2,40.83],[26.21,40.85],[26.21,40.87],[26.22,40.87],[26.23,40.89],[26.24,40.89],[26.26,40.91],[26.3,40.93],[26.32,41.25],[26.54,41.34],[26.55,41.34],[26.59,41.32],[26.63,41.36],[26.63,41.39],[26.63,41.4],[26.63,41.41],[26.6,41.49],[26.37,41.71],[26.36,41.71]],[[27.92,40.25],[27.83,40.18],[28.06,40.15],[27.92,40.25]]],[[[41.55,41.52],[41.63,41.49],[41.7,41.5],[41.71,41.5],[41.71,41.48],[42.52,41.44],[42.83,41.59],[43.2,41.23],[43.23,41.19],[43.47,41.12],[43.75,40.69],[43.75,40.68],[43.72,40.65],[43.67,40.57],[43.64,40.53],[43.57,40.5],[43.57,40.49],[43.55,40.47],[43.57,40.46],[43.59,40.45],[43.68,40.1],[44.23,40.04],[44.23,40.05],[44.25,40.05],[44.29,40.04],[44.34,40.03],[44.36,40.02],[44.52,39.93],[44.54,39.91],[44.56,39.88],[44.6,39.82],[44.61,39.83],[44.67,39.79],[44.69,39.79],[44.71,39.76],[44.74,39.75],[44.76,39.71],[44.77,39.71],[44.78,39.69],[44.8,39.68],[44.8,39.67],[44.81,39.67],[44.81,39.66],[44.82,39.65],[44.81,39.64],[44.8,39.64],[44.61,39.78],[44.6,39.78],[44.42,39.41],[44.03,39.38],[44.2,38.93],[44.3,38.39],[44.51,38.34],[44.22,37.89],[44.62,37.73],[44.58,37.45],[44.78,37.14],[44.63,37.19],[44.31,36.96],[44.13,37.32],[43.83,37.19],[43.15,37.37],[42.74,37.33],[42.73,37.33],[42.58,37.15],[42.57,37.14],[42.57,37.15],[42.35,37.11],[42.35,37.12],[42.34,37.14],[42.34,37.15],[42.32,37.17],[42.32,37.19],[42.34,37.21],[42.35,37.21],[42.34,37.23],[42.34,37.24],[42.32,37.25],[42.31,37.25],[42.3,37.26],[42.28,37.28],[42.21,37.28],[42.21,37.29],[42.21,37.3],[42.22,37.3],[42.22,37.32],[42.21,37.32],[41.52,37.08],[40.77,37.13],[39.49,36.7],[38.03,36.86],[38.03,36.84],[38.03,36.83],[37.44,36.63],[36.67,36.83],[36.54,36.49],[36.69,36.25],[36.38,36.22],[36.16,35.81],[35.92,35.93],[35.78,36.32],[36.22,36.66],[36.01,36.93],[35.34,36.54],[34.65,36.81],[33.96,36.23],[33.87,36.32],[33.69,36.14],[32.8,36.02],[32.39,36.16],[32.02,36.54],[31.01,36.86],[30.61,36.84],[30.41,36.21],[30.18,36.31],[29.68,36.13],[29.1,36.39],[29.09,36.68],[28.93,36.76],[28.85,36.59],[28.46,36.88],[28.03,36.56],[28.13,36.81],[27.41,36.66],[27.64,36.81],[28.03,36.79],[28.02,36.93],[28.33,37.05],[27.26,36.96],[27.25,37.13],[27.47,37.08],[27.64,37.25],[27.46,37.25],[27.42,37.42],[27.19,37.35],[27.23,37.58],[27,37.66],[27.25,37.74],[27.25,37.98],[26.87,38.03],[26.76,38.22],[26.59,38.1],[26.23,38.27],[26.52,38.43],[26.42,38.68],[26.67,38.31],[26.71,38.43],[26.8,38.36],[27.17,38.44],[26.94,38.43],[26.72,38.65],[27.07,38.88],[26.8,38.95],[26.88,39.09],[26.61,39.28],[26.95,39.56],[26.06,39.48],[26.18,39.99],[26.4,40.2],[26.75,40.4],[27.29,40.48],[27.31,40.38],[27.78,40.31],[27.75,40.53],[28.03,40.48],[27.96,40.35],[29.05,40.36],[29.15,40.44],[28.79,40.55],[29.94,40.73],[29.26,40.8],[29.01,41.01],[29.17,41.22],[31.25,41.1],[31.4,41.32],[32.28,41.72],[33.34,42.02],[34.72,41.94],[35.02,42.09],[35.21,42.02],[35.09,41.92],[35.28,41.72],[36.07,41.68],[36.4,41.25],[36.66,41.38],[37.51,41.03],[37.68,41.14],[38.36,40.91],[39.42,41.11],[40.18,40.91],[41.55,41.52]],[[38.85,37.72],[38.41,37.5],[38.36,37.6],[38.45,37.63],[38.25,37.58],[38.36,37.46],[38.58,37.42],[38.85,37.72]],[[31.32,37.96],[31.43,37.61],[31.71,37.65],[31.32,37.96]],[[30.2,37.79],[30.07,37.65],[30.34,37.79],[30.2,37.79]],[[33.56,38.82],[33.62,38.5],[33.73,38.62],[33.56,38.82]],[[43.39,38.99],[43.04,38.93],[43.18,38.89],[43.07,38.78],[42.45,38.74],[42.29,38.48],[42.87,38.48],[43.12,38.31],[43.32,38.48],[43.1,38.65],[43.66,38.93],[43.39,38.99]],[[33.32,39.13],[33.37,38.93],[33.17,38.79],[33.38,38.58],[33.52,38.7],[33.32,39.13]],[[39.47,38.72],[39.33,38.59],[39.73,38.63],[39.47,38.72]],[[43.52,38.74],[43.55,38.59],[43.65,38.69],[43.52,38.74]],[[39.24,38.86],[38.89,39],[38.73,38.89],[39.24,38.86]],[[33.77,39.1],[33.44,39.23],[33.93,39.03],[33.77,39.1]],[[43.24,41],[43.29,41.1],[43.13,41.08],[43.24,41]]],[[[44.81,39.64],[44.81,39.63],[44.8,39.63],[44.81,39.64]]],[[[25.74,40.19],[26.01,40.15],[25.74,40.09],[25.74,40.19]]]]}},{"type":"Feature","properties":{"id":"UKR"},"geometry":{"type":"MultiPolygon","coordinates":[[[[22.14,48.45],[22.15,48.48],[22.16,48.53],[22.16,48.56],[22.19,48.61],[22.26,48.65],[22.27,48.65],[22.27,48.66],[22.57,49.09],[22.58,49.1],[22.6,49.09],[22.61,49.08],[22.64,49.06],[22.65,49.06],[22.65,49.05],[22.89,49.01],[22.71,49.17],[22.76,49.64],[22.98,49.84],[22.99,49.84],[23.05,49.89],[23.64,50.32],[23.69,50.34],[23.69,50.35],[24,50.41],[24.09,50.66],[24.09,50.67],[24.02,50.75],[23.97,50.78],[23.97,50.82],[24.04,50.84],[24.04,50.83],[24.08,50.83],[24.08,50.84],[24.12,50.85],[24.13,50.85],[24.14,50.86],[24.09,50.89],[24.08,50.89],[24.06,50.89],[24.04,50.9],[24,50.93],[23.97,50.97],[23.92,51.01],[23.93,51.01],[23.93,51.02],[23.93,51.04],[23.88,51.08],[23.86,51.1],[23.87,51.15],[23.86,51.15],[23.84,51.16],[23.81,51.18],[23.73,51.23],[23.73,51.24],[23.71,51.27],[23.71,51.28],[23.71,51.27],[23.69,51.29],[23.65,51.3],[23.64,51.31],[23.64,51.32],[23.62,51.51],[23.65,51.56],[23.65,51.57],[24.12,51.67],[24.31,51.82],[24.32,51.83],[24.33,51.84],[24.34,51.85],[24.57,51.89],[24.6,51.9],[24.61,51.9],[24.94,51.89],[24.96,51.9],[24.98,51.91],[25.09,51.95],[25.49,51.93],[25.78,51.93],[25.77,51.94],[25.82,51.93],[25.83,51.93],[25.83,51.92],[25.9,51.92],[25.93,51.91],[25.94,51.92],[25.95,51.92],[26.66,51.82],[26.7,51.82],[26.76,51.79],[27.21,51.77],[27.24,51.6],[27.73,51.6],[27.76,51.47],[27.86,51.63],[28.26,51.68],[28.36,51.56],[28.35,51.54],[28.74,51.47],[28.91,51.59],[28.97,51.59],[28.97,51.58],[28.99,51.57],[29,51.57],[29.07,51.62],[29.09,51.63],[29.1,51.64],[29.14,51.65],[29.15,51.65],[29.16,51.65],[29.18,51.65],[29.17,51.64],[29.16,51.63],[29.17,51.63],[29.19,51.62],[29.19,51.61],[29.21,51.59],[29.2,51.58],[29.21,51.58],[29.21,51.57],[29.22,51.57],[29.45,51.41],[29.46,51.41],[29.95,51.49],[29.95,51.47],[29.97,51.47],[29.97,51.48],[29.99,51.48],[30.5,51.28],[30.53,51.27],[30.55,51.26],[30.56,51.26],[30.57,51.27],[30.59,51.28],[30.62,51.33],[30.64,51.33],[30.66,51.35],[30.63,51.36],[30.64,51.39],[30.63,51.41],[30.62,51.43],[30.59,51.43],[30.58,51.44],[30.59,51.45],[30.6,51.46],[30.59,51.48],[30.59,51.5],[30.57,51.51],[30.58,51.53],[30.59,51.54],[30.57,51.55],[30.56,51.55],[30.54,51.55],[30.53,51.56],[30.53,51.57],[30.54,51.57],[30.55,51.58],[30.54,51.58],[30.53,51.59],[30.52,51.59],[30.51,51.59],[30.53,51.6],[30.54,51.61],[30.53,51.62],[30.55,51.62],[30.55,51.64],[30.56,51.64],[30.57,51.64],[30.57,51.66],[30.58,51.67],[30.58,51.68],[30.57,51.69],[30.56,51.71],[30.58,51.71],[30.59,51.71],[30.62,51.71],[30.63,51.73],[30.64,51.74],[30.65,51.75],[30.65,51.76],[30.63,51.76],[30.61,51.76],[30.61,51.77],[30.63,51.77],[30.64,51.78],[30.65,51.78],[30.66,51.79],[30.67,51.8],[30.67,51.81],[30.66,51.82],[30.67,51.82],[30.68,51.82],[30.69,51.83],[30.7,51.86],[30.71,51.87],[30.73,51.88],[30.73,51.89],[30.74,51.89],[30.75,51.9],[30.76,51.9],[30.77,51.9],[30.79,51.9],[30.8,51.9],[30.81,51.91],[30.83,51.92],[30.82,51.93],[30.81,51.94],[30.81,51.95],[30.85,51.96],[30.86,51.97],[30.87,51.97],[30.89,51.98],[30.9,51.98],[30.91,51.99],[30.89,52],[30.92,52.01],[30.95,52.03],[30.95,52.05],[30.94,52.06],[30.93,52.07],[30.94,52.08],[30.95,52.08],[30.96,52.08],[30.98,52.08],[31.17,52.08],[31.18,52.08],[31.3,52.05],[31.3,52.06],[31.32,52.08],[31.48,52.12],[31.49,52.12],[31.5,52.12],[31.54,52.12],[31.78,52.11],[32.2,52.07],[32.38,52.34],[32.82,52.27],[32.83,52.27],[33.41,52.36],[33.42,52.36],[33.84,52.36],[34.42,51.83],[34.08,51.67],[34.31,51.37],[34.32,51.37],[34.34,51.36],[34.33,51.35],[34.32,51.34],[34.32,51.33],[34.31,51.33],[34.26,51.28],[34.25,51.28],[34.23,51.27],[34.24,51.26],[34.8,51.17],[34.81,51.17],[35.12,51.23],[35.28,51.07],[35.29,51.07],[35.34,50.96],[35.33,50.96],[35.46,50.71],[35.46,50.7],[35.42,50.66],[35.41,50.66],[35.55,50.46],[35.63,50.35],[36.14,50.44],[36.37,50.29],[36.65,50.22],[37.4,50.43],[38.03,49.9],[38.31,50.09],[39.64,49.64],[40.14,49.62],[40.03,49.47],[40.22,49.25],[39.75,48.98],[40.08,48.87],[39.8,48.84],[39.66,48.61],[39.66,48.6],[39.69,48.59],[39.72,48.59],[39.73,48.59],[39.77,48.59],[39.83,48.58],[39.84,48.57],[39.85,48.56],[39.86,48.53],[39.86,48.5],[39.85,48.5],[39.9,48.45],[39.89,48.44],[39.89,48.43],[39.9,48.43],[39.91,48.42],[39.91,48.41],[39.92,48.4],[39.92,48.38],[39.94,48.39],[39.94,48.37],[39.94,48.36],[39.91,48.17],[39.91,48.16],[39.87,48.04],[39.78,48.04],[39.78,48.03],[39.8,48.01],[39.81,48.01],[39.81,48],[39.82,47.97],[39.82,47.96],[39.77,47.87],[39.11,47.84],[38.94,47.87],[38.86,47.87],[38.84,47.85],[38.83,47.84],[38.82,47.84],[38.83,47.83],[38.83,47.82],[38.81,47.82],[38.79,47.82],[38.77,47.69],[38.33,47.58],[38.32,47.58],[38.23,47.12],[38.09,47.02],[37.57,47.1],[36.83,46.71],[36.34,46.71],[36.35,46.69],[36.3,46.66],[36.31,46.65],[36.23,46.55],[36.17,46.5],[36.12,46.49],[36.15,46.54],[36.16,46.51],[36.22,46.55],[36.29,46.64],[36.29,46.65],[36.26,46.6],[36.25,46.64],[36.2,46.67],[35.86,46.66],[35.45,46.44],[35.29,46.69],[35.38,46.38],[35.17,46.14],[34.98,46.08],[35.36,46.36],[35.22,46.46],[34.4,46.01],[34.53,46.13],[34.32,46.26],[34.3,46.1],[34.23,46.28],[34.12,46.26],[34.25,46.1],[34.27,46.16],[34.25,46.06],[34.15,46.21],[34.15,46.11],[33.72,46.2],[34.01,46.12],[34.02,46.12],[34.47,45.94],[34.65,45.94],[34.52,45.79],[34.77,45.88],[34.65,45.79],[35.03,45.64],[35.02,45.41],[35.4,45.26],[35.04,45.67],[35.53,45.28],[35.85,45.47],[35.98,45.37],[36.6,45.44],[36.39,45.15],[35.84,45],[35.5,45.12],[35.08,44.79],[34.73,44.81],[34.13,44.43],[33.74,44.39],[33.38,44.58],[33.61,44.6],[33.53,45.25],[33.15,45.2],[32.99,45.33],[33.19,45.45],[32.98,45.33],[32.48,45.39],[33.17,45.8],[33.77,45.89],[33.61,46.13],[33.5,46.03],[33.2,46.17],[32.54,46.07],[32.23,46.13],[32.28,46.16],[31.9,46.33],[31.78,46.27],[31.78,46.32],[32.06,46.39],[31.86,46.52],[32.49,46.51],[31.98,46.65],[32.01,46.98],[31.84,47.08],[32,46.92],[31.88,46.63],[31.42,46.63],[31.59,46.84],[31.35,46.6],[30.89,46.63],[30.52,46.13],[30.26,46.39],[30.15,46.39],[30.1,46.36],[30.06,46.37],[30.47,46.07],[30.15,45.83],[29.97,45.93],[29.79,45.64],[29.66,45.84],[29.69,45.2],[29.68,45.27],[29.68,45.28],[29.67,45.3],[29.67,45.31],[29.66,45.33],[29.65,45.34],[29.63,45.35],[29.63,45.36],[29.61,45.37],[29.58,45.39],[29.58,45.4],[29.57,45.4],[29.55,45.41],[29.54,45.41],[29.53,45.41],[29.52,45.41],[29.51,45.42],[29.5,45.42],[29.47,45.42],[29.46,45.43],[29.43,45.44],[29.41,45.44],[29.39,45.44],[29.37,45.44],[29.36,45.44],[29.35,45.44],[29.32,45.45],[29.31,45.44],[29.3,45.43],[29.25,45.43],[29.24,45.43],[29.23,45.43],[29.21,45.42],[29.19,45.41],[29.18,45.4],[29.17,45.39],[29.15,45.39],[29.14,45.38],[29.12,45.38],[29.11,45.38],[29.07,45.37],[29.07,45.36],[29.03,45.35],[29.02,45.35],[29,45.34],[28.97,45.33],[28.96,45.35],[28.95,45.31],[28.91,45.29],[28.89,45.3],[28.88,45.31],[28.86,45.32],[28.84,45.32],[28.83,45.33],[28.82,45.33],[28.78,45.32],[28.8,45.3],[28.77,45.29],[28.75,45.28],[28.76,45.27],[28.78,45.26],[28.78,45.24],[28.75,45.23],[28.73,45.23],[28.68,45.23],[28.67,45.24],[28.6,45.25],[28.58,45.25],[28.56,45.25],[28.55,45.25],[28.52,45.27],[28.51,45.27],[28.48,45.28],[28.46,45.29],[28.41,45.3],[28.4,45.3],[28.38,45.31],[28.35,45.32],[28.43,45.49],[28.59,45.74],[28.98,46],[29,46.32],[28.98,46.49],[29.24,46.56],[29.23,46.44],[29.23,46.43],[29.27,46.4],[29.27,46.41],[29.36,46.5],[29.49,46.44],[29.49,46.43],[29.6,46.35],[29.74,46.47],[29.89,46.35],[29.94,46.4],[30.1,46.38],[30.16,46.42],[30.13,46.42],[30.12,46.43],[30.1,46.43],[30.1,46.44],[30.08,46.43],[30.08,46.42],[30.06,46.44],[30.04,46.44],[30.03,46.44],[30.01,46.47],[29.99,46.48],[29.99,46.49],[29.99,46.5],[29.95,46.5],[29.89,46.55],[29.88,46.55],[29.95,46.59],[29.97,46.7],[29.97,46.71],[29.97,46.72],[29.97,46.74],[29.97,46.75],[29.89,46.86],[29.89,46.87],[29.78,46.87],[29.76,46.86],[29.75,46.86],[29.74,46.9],[29.62,46.95],[29.56,46.96],[29.57,47.37],[29.43,47.29],[29.33,47.4],[29.33,47.41],[29.32,47.42],[29.32,47.43],[29.32,47.45],[29.3,47.44],[29.29,47.44],[29.26,47.43],[29.21,47.44],[29.2,47.43],[29.19,47.46],[29.19,47.48],[29.19,47.51],[29.18,47.51],[29.19,47.52],[29.18,47.52],[29.17,47.51],[29.16,47.57],[29.17,47.57],[29.21,47.61],[29.22,47.68],[29.22,47.69],[29.22,47.7],[29.22,47.71],[29.21,47.71],[29.2,47.72],[29.26,47.78],[29.27,47.78],[29.18,47.99],[28.5,48.12],[28.49,48.12],[28.5,48.1],[28.5,48.09],[28.5,48.07],[28.48,48.07],[28.47,48.07],[28.45,48.09],[28.44,48.09],[28.44,48.1],[28.44,48.11],[28.43,48.11],[28.43,48.13],[28.43,48.14],[28.44,48.15],[28.44,48.16],[28.43,48.17],[28.42,48.18],[28.41,48.18],[28.38,48.17],[28.37,48.16],[28.37,48.15],[28.36,48.15],[28.35,48.14],[28.34,48.13],[28.32,48.13],[28.31,48.15],[28.31,48.16],[28.32,48.17],[28.33,48.17],[28.34,48.18],[28.35,48.18],[28.36,48.19],[28.36,48.2],[28.37,48.2],[28.37,48.22],[28.37,48.23],[28.36,48.24],[28.33,48.24],[28.3,48.24],[28.28,48.23],[28.27,48.23],[28.26,48.22],[28.24,48.21],[28.23,48.21],[28.22,48.21],[28.2,48.21],[28.19,48.21],[28.18,48.22],[28.18,48.23],[28.19,48.25],[28.18,48.26],[28.17,48.26],[28.14,48.26],[28.14,48.25],[28.13,48.24],[28.12,48.24],[28.09,48.23],[28.08,48.24],[28.08,48.26],[28.09,48.27],[28.08,48.31],[28.07,48.32],[28.05,48.33],[28.03,48.33],[28,48.33],[27.98,48.33],[27.97,48.32],[27.93,48.34],[27.92,48.34],[27.9,48.35],[27.9,48.36],[27.88,48.37],[27.88,48.4],[27.86,48.41],[27.84,48.42],[27.83,48.42],[27.82,48.43],[27.81,48.43],[27.79,48.44],[27.79,48.45],[27.76,48.46],[27.75,48.46],[27.74,48.46],[27.73,48.45],[27.69,48.44],[27.68,48.44],[27.65,48.44],[27.64,48.44],[27.6,48.46],[27.59,48.46],[27.6,48.47],[27.6,48.48],[27.6,48.49],[27.58,48.49],[27.56,48.48],[27.55,48.48],[27.54,48.47],[27.53,48.47],[27.46,48.43],[27.07,48.43],[26.71,48.4],[26.72,48.4],[26.83,48.3],[26.63,48.26],[26.63,48.25],[26.61,48.24],[26.6,48.24],[26.52,48.21],[26.46,48.21],[26.37,48.2],[26.35,48.18],[26.34,48.18],[26.18,47.99],[25.31,47.91],[25.04,47.73],[24.58,47.97],[24.15,47.92],[24.15,47.91],[24.13,47.92],[24.12,47.92],[24.1,47.93],[24.02,47.96],[23.97,47.96],[23.96,47.96],[23.95,47.96],[23.93,47.95],[23.89,47.94],[23.88,47.94],[23.86,47.93],[23.84,47.95],[23.84,47.96],[23.83,47.96],[23.76,47.99],[23.73,47.99],[23.69,47.99],[23.68,47.99],[23.62,48],[23.62,48.01],[23.58,48],[23.57,48],[23.55,48.01],[23.53,48.02],[23.17,48.12],[22.93,47.96],[22.9,47.95],[22.85,47.98],[22.84,47.98],[22.83,48.09],[22.83,48.1],[22.83,48.11],[22.81,48.11],[22.8,48.11],[22.81,48.12],[22.8,48.12],[22.79,48.12],[22.77,48.12],[22.76,48.12],[22.75,48.12],[22.74,48.12],[22.7,48.11],[22.68,48.09],[22.67,48.09],[22.65,48.1],[22.26,48.37],[22.24,48.39],[22.26,48.4],[22.27,48.41],[22.26,48.41],[22.25,48.41],[22.24,48.41],[22.23,48.41],[22.22,48.42],[22.21,48.43],[22.2,48.42],[22.19,48.42],[22.18,48.41],[22.16,48.41],[22.16,48.4],[22.14,48.45]],[[30.54,50.63],[30.59,51.03],[30.45,51.22],[30.26,51.04],[30.54,50.63]],[[32.89,49.44],[32.72,49.58],[32.7,49.34],[31.77,49.64],[32.81,49.07],[33.22,49.05],[32.89,49.44]],[[30.74,50.17],[31.07,49.97],[31.42,49.99],[31.41,49.78],[31.55,49.81],[31.51,50.02],[31.11,50],[30.74,50.17]],[[35.18,47.72],[34.98,47.56],[34.28,47.61],[33.93,47.56],[33.97,47.29],[33.66,47.09],[33.59,46.86],[33.3,46.77],[33.44,46.8],[33.62,46.82],[33.73,46.92],[33.75,46.92],[33.73,46.92],[33.73,47.01],[34.08,47.34],[34.06,47.43],[34.6,47.55],[34.94,47.39],[35.29,47.47],[35.18,47.72]],[[35.05,48.09],[35.06,48.12],[35.05,48.09],[35.09,47.99],[35.07,47.86],[35.19,48],[35.05,48.09]]],[[[28.95,45.3],[28.95,45.29],[28.94,45.28],[28.93,45.28],[28.92,45.29],[28.95,45.3]]],[[[28.31,45.37],[28.29,45.39],[28.29,45.42],[28.29,45.44],[28.27,45.45],[28.26,45.46],[28.24,45.46],[28.23,45.46],[28.22,45.47],[28.21,45.47],[28.22,45.48],[28.23,45.48],[28.23,45.49],[28.24,45.5],[28.26,45.52],[28.28,45.53],[28.42,45.5],[28.31,45.37]]],[[[32.76,46.03],[32.55,46.07],[33.08,46.02],[32.76,46.03]]]]}},{"type":"Feature","properties":{"id":"XKX"},"geometry":{"type":"Polygon","coordinates":[[[20.1,42.77],[20.11,42.77],[20.19,42.75],[20.2,42.75],[20.35,42.83],[20.36,42.83],[20.37,42.84],[20.38,42.84],[20.44,42.83],[20.44,42.84],[20.54,42.89],[20.52,42.89],[20.51,42.9],[20.5,42.91],[20.49,42.92],[20.49,42.93],[20.49,42.94],[20.52,42.97],[20.51,42.97],[20.52,42.97],[20.53,42.97],[20.57,43],[20.62,43],[20.63,43.01],[20.64,43.01],[20.65,43.02],[20.66,43.03],[20.67,43.04],[20.67,43.05],[20.67,43.06],[20.66,43.08],[20.69,43.08],[20.69,43.1],[20.68,43.12],[20.68,43.13],[20.67,43.14],[20.83,43.27],[21.24,42.94],[21.25,42.93],[21.4,42.74],[21.79,42.66],[21.59,42.26],[21.26,42.09],[21.1,42.2],[20.59,41.88],[20.55,42.16],[20.54,42.17],[20.08,42.56],[20.01,42.74],[20.1,42.77]]]}}]}