{"type":"FeatureCollection","features":[{"type":"Feature","properties":{"id":"CPV"},"geometry":{"type":"MultiPolygon","coordinates":[[[[-24.39,14.81],[-24.5,14.92],[-24.37,15.05],[-24.28,14.88],[-24.39,14.81]]],[[[-23.68,15.31],[-23.48,14.91],[-23.78,15.06],[-23.68,15.31]]],[[[-24.32,16.49],[-24.42,16.65],[-24.01,16.57],[-24.32,16.49]]],[[[-25.09,17.2],[-24.99,17.06],[-25.3,16.91],[-25.34,17.09],[-25.09,17.2]]],[[[-23.12,15.14],[-23.23,15.15],[-23.18,15.34],[-23.12,15.14]]],[[[-22.91,16.15],[-22.79,16.23],[-22.67,16.08],[-22.88,15.97],[-22.91,16.15]]]]}},{"type":"Feature","properties":{"id":"BES"},"geometry":{"type":"Polygon","coordinates":[[[-68.31,12.2],[-68.39,12.31],[-68.21,12.11],[-68.31,12.2]]]}},{"type":"Feature","properties":{"id":"PNG"},"geometry":{"type":"MultiPolygon","coordinates":[[[[140.91,-6.56],[141,-2.6],[142.53,-3.23],[143.5,-3.44],[144,-3.82],[144.53,-3.82],[144.49,-3.99],[145.32,-4.39],[145.81,-4.85],[145.76,-5.48],[147.57,-6.06],[147.86,-6.65],[146.94,-6.71],[147.18,-7.46],[147.75,-7.96],[148.13,-8.06],[148.23,-8.58],[148.44,-8.68],[148.6,-9.08],[149.29,-9.01],[149.24,-9.5],[150.06,-9.68],[149.71,-9.81],[149.86,-10.02],[150.61,-10.29],[150.87,-10.22],[150.34,-10.33],[150.7,-10.56],[150.2,-10.7],[149.85,-10.55],[150.11,-10.41],[149.91,-10.5],[149.75,-10.35],[148.74,-10.24],[148.72,-10.1],[148.4,-10.21],[148.17,-10.09],[148.25,-10],[147.99,-10.16],[147.73,-10.1],[147.3,-9.5],[146.9,-9.27],[146.98,-9],[146.89,-9.11],[146.59,-9],[146.62,-8.79],[146.1,-8.08],[145.78,-7.89],[145.41,-7.95],[145.05,-7.71],[145.05,-7.85],[144.85,-7.61],[145.01,-7.56],[144.77,-7.45],[144.76,-7.57],[144.76,-7.38],[144.66,-7.49],[144.45,-7.3],[144.27,-7.34],[144.39,-7.42],[144.23,-7.35],[144.25,-7.59],[144.06,-7.58],[144.15,-7.8],[143.62,-7.45],[143.92,-7.98],[143.44,-7.97],[143.69,-8.23],[142.52,-8.33],[142.19,-8.19],[142.36,-8.18],[142.45,-8.37],[143.1,-8.45],[143.4,-8.76],[143.34,-9.03],[142.64,-9.33],[142.23,-9.08],[141.18,-9.23],[141.02,-9.12],[140.91,-6.56]]],[[[152.52,-3.9],[152.17,-3.5],[150.72,-2.75],[150.86,-2.7],[150.8,-2.55],[152.05,-3.24],[152.55,-3.81],[152.93,-3.98],[153.12,-4.37],[152.88,-4.85],[152.52,-3.9]]],[[[150.45,-2.65],[150.17,-2.68],[149.94,-2.47],[150.2,-2.36],[150.44,-2.48],[150.45,-2.65]]],[[[154.62,-5.46],[154.52,-5.13],[154.62,-5],[154.62,-5.46]]],[[[155.41,-6.06],[155.92,-6.51],[155.92,-6.8],[155.6,-6.86],[155.25,-6.63],[155.21,-6.31],[154.74,-5.93],[154.67,-5.43],[155.07,-5.54],[155.41,-6.06]]],[[[149.54,-1.34],[149.75,-1.53],[149.51,-1.44],[149.54,-1.34]]],[[[152.42,-9.03],[152.79,-9],[153.02,-9.16],[152.74,-9.26],[152.7,-9.09],[152.42,-9.03]]],[[[150.76,-9.77],[151.11,-10.04],[151.27,-9.92],[151.22,-10.19],[150.96,-10.11],[150.76,-9.77]]],[[[150.69,-9.43],[150.93,-9.68],[150.44,-9.63],[150.44,-9.35],[150.69,-9.43]]],[[[150.35,-9.51],[150.1,-9.37],[150.16,-9.22],[150.34,-9.27],[150.35,-9.51]]],[[[151.06,-8.75],[151.13,-8.59],[151,-8.51],[151.12,-8.4],[151.06,-8.75]]],[[[153.49,-11.46],[153.78,-11.61],[153.55,-11.65],[153.17,-11.35],[153.49,-11.46]]],[[[150.42,-6.25],[149.61,-6.29],[149.33,-6.05],[149.04,-6.16],[149.03,-6.02],[148.37,-5.75],[148.32,-5.56],[148.42,-5.44],[149.87,-5.52],[150.09,-5],[150.09,-5.52],[150.9,-5.49],[151.35,-4.91],[151.69,-4.87],[151.49,-4.21],[151.95,-4.34],[152.17,-4.13],[152.16,-4.3],[152.4,-4.32],[152.33,-4.84],[151.95,-4.99],[152.09,-5.45],[151.81,-5.59],[151.47,-5.52],[151.51,-5.68],[151.19,-5.96],[150.42,-6.25]]],[[[147.09,-5.21],[147.22,-5.35],[147.13,-5.44],[147,-5.35],[147.09,-5.21]]],[[[147.86,-5.71],[147.77,-5.46],[148.09,-5.64],[148.02,-5.83],[147.86,-5.71]]],[[[145.99,-4.52],[146.05,-4.71],[145.93,-4.75],[145.99,-4.52]]],[[[147,-1.97],[147.44,-2.04],[147.19,-2.2],[146.51,-2.21],[146.57,-1.99],[147,-1.97]]],[[[143.42,-8.59],[143.19,-8.41],[143.64,-8.69],[143.42,-8.59]]]]}},{"type":"Feature","properties":{"id":"MAR"},"geometry":{"type":"Polygon","coordinates":[[[-5.38,35.91],[-5.06,35.41],[-4.3,35.17],[-3.71,35.29],[-3.34,35.19],[-2.98,35.44],[-2.81,35.1],[-2.21,35.09],[-1.74,34.74],[-1.85,34.62],[-1.69,34.49],[-1.54,32.96],[-1,32.52],[-1.25,32.33],[-1.3,32.17],[-1.15,32.11],[-2.87,32.11],[-2.82,31.79],[-3.66,31.63],[-3.78,31.1],[-3.64,31.17],[-3.54,31.01],[-3.67,30.66],[-4.32,30.53],[-5.29,29.9],[-5.56,29.48],[-5.8,29.61],[-7.15,29.52],[-8.67,28.71],[-8.77,26.99],[-9.47,26.96],[-9.91,26.73],[-10.58,26.9],[-11.33,26.85],[-11.26,26.72],[-11.67,26],[-12,26],[-12.05,25.29],[-12.93,24.42],[-13.04,23.99],[-13.77,23.76],[-14.16,22.42],[-14.49,22.04],[-14.52,21.62],[-15.04,21.34],[-17.03,21.34],[-16.81,22.16],[-16.49,22.33],[-16.2,23.11],[-15.71,23.83],[-15.77,23.92],[-16,23.63],[-15.9,23.82],[-14.88,24.7],[-14.83,25.3],[-14.48,26.18],[-13.57,26.74],[-12.92,27.95],[-11.51,28.31],[-10.22,29.31],[-9.67,30.05],[-9.61,30.41],[-9.89,30.63],[-9.84,31.39],[-9.26,32.18],[-9.28,32.54],[-8.53,33.26],[-6.82,34.03],[-6.26,34.83],[-5.93,35.79],[-5.38,35.91]]]}},{"type":"Feature","properties":{"id":"CMR"},"geometry":{"type":"Polygon","coordinates":[[[8.62,4.82],[8.92,5.56],[8.84,5.82],[9.47,6.45],[9.71,6.51],[9.78,6.79],[10.15,7.04],[10.22,6.89],[10.49,6.9],[10.57,7.16],[11.1,6.52],[11.52,6.61],[11.62,6.98],[11.88,7.1],[12.26,8.44],[12.78,8.75],[12.85,9.37],[13.23,9.58],[13.25,10.03],[13.47,10.16],[13.73,11],[13.98,11.31],[14.19,11.24],[14.62,11.51],[14.67,12.18],[14.22,12.37],[14.08,13.08],[14.35,13.08],[14.3,12.85],[14.49,12.77],[14.46,12.9],[14.37,12.83],[14.53,12.96],[15.06,12.06],[15.07,10.81],[14.88,10.88],[15.69,10],[14.2,10],[13.98,9.64],[14.49,9.06],[15.11,8.66],[15.59,7.67],[14.8,6.34],[14.42,6.04],[14.62,5.89],[14.53,5.28],[14.66,5.2],[14.73,4.61],[16.06,3.02],[16.15,1.7],[15.74,1.92],[14.91,2],[14.6,2.21],[9.87,2.24],[9.97,3.09],[9.58,3.77],[9.78,3.94],[9.62,3.95],[9.67,4.13],[9.41,3.89],[8.98,4.1],[8.97,4.54],[8.8,4.8],[8.8,4.54],[8.68,4.65],[8.76,4.83],[8.63,4.71],[8.72,4.5],[8.56,4.49],[8.62,4.82]]]}},{"type":"Feature","properties":{"id":"GAB"},"geometry":{"type":"Polygon","coordinates":[[[9.76,1.06],[11.35,1],[11.37,2.29],[13.19,2.28],[13.29,2.17],[13.13,1.58],[13.26,1.33],[13.15,1.24],[13.8,1.44],[14.24,1.4],[14.5,0.96],[13.88,0.24],[13.91,-0.22],[14.54,-0.59],[14.43,-1.89],[14.16,-2.24],[14.26,-2.35],[13.87,-2.47],[13.76,-2.09],[13.48,-2.44],[12.98,-2.37],[12.65,-1.82],[12.44,-1.9],[12.48,-2.33],[11.74,-2.44],[11.57,-2.33],[11.54,-2.86],[11.8,-3.01],[11.7,-3.18],[11.97,-3.31],[11.93,-3.64],[11.68,-3.69],[11.5,-3.51],[11.13,-3.94],[10.94,-3.6],[9.65,-2.42],[9.27,-1.88],[9.55,-2.1],[9.5,-1.9],[9.27,-1.87],[9.3,-1.54],[9.18,-1.48],[9.34,-1.41],[9.09,-1.36],[9.15,-1.51],[8.7,-0.64],[8.85,-0.85],[8.96,-0.66],[9.12,-0.7],[9.35,0.35],[9.47,0.03],[9.51,0.17],[9.58,0.02],[9.62,0.15],[9.85,0],[9.76,0.12],[9.93,0.2],[9.67,0.22],[9.31,0.52],[9.5,0.67],[9.59,0.46],[9.55,0.95],[9.76,1.06]]]}},{"type":"Feature","properties":{"id":"SGS"},"geometry":{"type":"Polygon","coordinates":[[[-35.87,-54.8],[-36.12,-54.76],[-35.94,-54.86],[-36.11,-54.89],[-36.49,-54.51],[-37.42,-54.28],[-37.24,-54.15],[-37.63,-54.19],[-37.61,-54.05],[-38.02,-54.01],[-36.64,-54.12],[-36.49,-54.2],[-36.7,-54.3],[-36.3,-54.27],[-36.12,-54.58],[-35.89,-54.55],[-35.87,-54.8]]]}},{"type":"Feature","properties":{"id":"SOM"},"geometry":{"type":"Polygon","coordinates":[[[41.9,3.98],[42.07,4.17],[42.82,4.27],[43.12,4.63],[43.81,4.9],[44.98,4.92],[45.41,5.54],[47.98,8],[46.99,8],[44.06,8.99],[43.3,9.61],[42.71,10.62],[43.26,11.46],[43.51,11.37],[43.65,10.98],[44.11,10.56],[44.59,10.38],[44.96,10.41],[45.8,10.87],[46.44,10.68],[47.41,11.18],[48.14,11.13],[48.53,11.31],[49.42,11.34],[50.27,11.59],[50.79,11.99],[51.29,11.83],[51.08,11.27],[51.17,10.58],[51.03,10.45],[51.41,10.44],[50.9,10.31],[50.83,9.42],[50.13,8.2],[49.82,7.92],[48.93,5.96],[47.96,4.47],[46.01,2.43],[44.6,1.6],[43.51,0.66],[42.07,-0.84],[41.56,-1.66],[40.99,-0.83],[40.99,2.83],[41.9,3.98]]]}},{"type":"Feature","properties":{"id":"PRY"},"geometry":{"type":"MultiPolygon","coordinates":[[[[-62.64,-22.25],[-62.26,-21.06],[-62.27,-20.56],[-61.74,-19.63],[-59.97,-19.29],[-59.07,-19.29],[-58.16,-19.83],[-58.16,-20.27],[-57.85,-20.84],[-57.99,-22.09],[-56.64,-22.27],[-56.39,-22.07],[-56.21,-22.28],[-55.85,-22.28],[-55.61,-22.66],[-55.43,-23.94],[-55.04,-23.98],[-54.67,-23.81],[-54.31,-24.05],[-54.42,-24.85],[-54.6,-24.85],[-54.44,-24.93],[-54.62,-25.07],[-54.45,-25.13],[-54.79,-26.64],[-55.83,-27.41],[-56.2,-27.15],[-56.34,-27.33],[-56.82,-27.38],[-56.63,-27.4],[-56.75,-27.48],[-58.21,-27.23],[-58.61,-27.29],[-58.1,-26.13],[-57.59,-25.57],[-57.7,-25.28],[-57.86,-25.08],[-59.13,-24.62],[-60.04,-24.01],[-60.99,-23.82],[-62.64,-22.25]]],[[[-56.7,-27.52],[-56.74,-27.61],[-57.01,-27.49],[-56.7,-27.52]]]]}},{"type":"Feature","properties":{"id":"TLS"},"geometry":{"type":"MultiPolygon","coordinates":[[[[124.48,-9.17],[124.35,-9.49],[124.04,-9.34],[124.48,-9.17]]],[[[125.09,-9.46],[125,-9.19],[125.19,-9.16],[124.95,-8.96],[125.21,-8.61],[127,-8.32],[127.3,-8.39],[126.48,-8.95],[125.09,-9.46]]]]}},{"type":"Feature","properties":{"id":"SYR"},"geometry":{"type":"Polygon","coordinates":[[[35.92,35.93],[36.16,35.81],[36.38,36.22],[36.69,36.25],[36.54,36.49],[36.67,36.83],[37.44,36.63],[38.03,36.83],[39.49,36.7],[40.77,37.13],[41.52,37.08],[42.21,37.32],[42.34,37.15],[41.82,36.59],[41.29,36.37],[41.38,35.65],[41.23,34.81],[41.14,34.88],[40.98,34.4],[36.84,32.31],[36.08,32.51],[35.76,32.75],[35.9,32.94],[35.77,33.34],[36.06,33.58],[35.93,33.65],[36.07,33.82],[36.39,33.83],[36.28,33.92],[36.63,34.2],[36.32,34.69],[35.98,34.63],[35.91,35.42],[35.72,35.59],[35.92,35.93]]]}},{"type":"Feature","properties":{"id":"PHL"},"geometry":{"type":"MultiPolygon","coordinates":[[[[121.51,19.25],[121.35,19.36],[121.52,19.39],[121.51,19.25]]],[[[124.32,13.91],[124.42,13.66],[124.19,13.52],[124.02,13.66],[124.13,14.06],[124.32,13.91]]],[[[123.1,13.04],[123.39,12.69],[122.93,13.11],[123.1,13.04]]],[[[122.05,13.48],[122.15,13.37],[122.01,13.2],[121.81,13.46],[121.87,13.57],[122.05,13.48]]],[[[121.85,14.9],[121.84,15.04],[122.05,15.01],[121.95,14.63],[121.85,14.9]]],[[[125.42,11.91],[125.63,11.36],[125.53,11.2],[125.76,11.01],[124.98,11.28],[124.82,11.52],[125.04,11.75],[124.39,12.2],[124.27,12.57],[125.15,12.58],[125.52,12.19],[125.42,11.91]]],[[[124.36,11.64],[124.54,11.68],[124.61,11.49],[124.36,11.64]]],[[[123.66,12.34],[124.05,11.97],[124.07,11.72],[123.53,12.22],[123.14,11.93],[123.3,12.21],[123.24,12.6],[123.66,12.34]]],[[[123.59,12.64],[123.73,12.61],[123.79,12.34],[123.59,12.64]]],[[[122.43,12.45],[122.66,12.48],[122.68,12.33],[122.43,12.45]]],[[[121.99,12.16],[121.92,12.31],[122.12,12.67],[121.99,12.16]]],[[[120.89,13.5],[121.2,13.44],[121.56,13.12],[121.56,12.61],[121.24,12.21],[120.93,12.5],[120.67,13.16],[120.3,13.44],[120.89,13.5]]],[[[121.73,14.18],[122.23,13.9],[122.25,14.24],[122.33,14.11],[122.42,14.31],[122.71,14.34],[123.04,14.1],[123.11,13.71],[123.33,13.79],[123.23,14],[123.34,14.11],[123.42,13.89],[123.94,13.8],[123.56,13.74],[123.53,13.57],[123.83,13.24],[123.93,13.33],[123.76,13.06],[124.19,13.06],[124.1,12.56],[123.83,12.83],[124.03,12.96],[123.74,12.85],[123.32,13.01],[123.2,13.43],[122.54,13.96],[122.42,13.95],[122.67,13.39],[122.6,13.16],[122.4,13.52],[121.75,13.97],[121.29,13.6],[121.04,13.63],[121,13.78],[120.89,13.68],[120.79,13.93],[120.65,13.77],[120.59,14.23],[120.99,14.49],[120.95,14.73],[120.58,14.9],[120.5,14.41],[120.27,14.85],[120.08,14.79],[119.77,16.28],[119.93,16.38],[120.14,16.04],[120.41,16.13],[120.28,16.62],[120.45,16.98],[120.35,17.68],[120.56,18.49],[120.85,18.65],[121.86,18.26],[122.22,18.52],[122.34,18.31],[122.14,17.78],[122.25,17.37],[122.52,17.13],[122.46,16.89],[122.07,16.09],[122.12,16.26],[121.56,15.9],[121.64,15.71],[121.37,15.34],[121.73,14.7],[121.6,14.65],[121.73,14.18]]],[[[119.88,11.96],[120.07,11.79],[119.96,11.66],[119.88,11.96]]],[[[119.89,12.28],[120.16,12.12],[120.22,12.23],[120.34,11.99],[119.98,12.01],[119.89,12.28]]],[[[126.1,9.84],[126.05,9.75],[125.96,9.88],[126.06,10.06],[126.1,9.84]]],[[[125.66,10.34],[125.67,9.85],[125.47,10.14],[125.64,10.47],[125.66,10.34]]],[[[124.76,9.21],[124.77,9.08],[124.63,9.18],[124.76,9.21]]],[[[124.96,11.42],[125,10.73],[125.27,10.3],[125.13,10.16],[124.97,10.38],[125.03,10],[124.76,10.16],[124.69,10.93],[124.38,10.92],[124.29,11.53],[124.64,11.3],[124.96,11.42]]],[[[123.97,11.09],[124.06,11.29],[124,10.4],[123.64,10.08],[123.3,9.42],[123.37,9.99],[123.97,11.09]]],[[[124.06,10.05],[124.37,10.15],[124.56,10.02],[124.59,9.76],[123.87,9.63],[123.8,9.84],[124.06,10.05]]],[[[123.45,9.19],[123.62,9.3],[123.7,9.14],[123.45,9.19]]],[[[122.52,10.51],[122.67,10.75],[122.68,10.5],[122.52,10.4],[122.52,10.51]]],[[[122.19,10.63],[121.92,10.44],[122.1,11.69],[121.84,11.76],[121.88,11.9],[122.39,11.73],[122.56,11.51],[122.83,11.61],[122.87,11.41],[123.15,11.6],[123.13,11.17],[122.77,11.01],[122.58,10.69],[122.19,10.63]]],[[[119.77,10.5],[119.83,10.65],[120,10.57],[119.77,10.5]]],[[[122.72,9.38],[122.38,9.84],[122.87,10.1],[122.79,10.52],[122.96,10.9],[123.5,10.93],[123.57,10.79],[123.1,9.63],[123.28,9.21],[123.01,9.04],[122.72,9.38]]],[[[122.81,7.31],[122.82,7.44],[122.98,7.37],[122.81,7.31]]],[[[118.42,9.25],[117.17,8.34],[117.63,9.05],[118.13,9.34],[118.99,10.41],[119.26,10.48],[119.34,10.73],[119.22,10.95],[119.46,10.72],[119.3,11.01],[119.5,11.42],[119.48,10.87],[119.72,10.51],[119.32,10.31],[119.2,10.05],[118.75,9.93],[118.76,9.67],[118.42,9.25]]],[[[117.03,7.81],[116.93,7.94],[117.07,8.08],[117.03,7.81]]],[[[121.42,5.99],[121.29,5.86],[120.87,5.94],[121.03,6.09],[121.42,5.99]]],[[[122.17,6.46],[121.96,6.41],[121.8,6.64],[122.06,6.75],[122.32,6.63],[122.17,6.46]]],[[[125.49,6.99],[125.38,6.62],[125.58,6.52],[125.72,6.1],[125.33,5.55],[125.17,5.81],[125.27,6.08],[124.92,5.86],[124.06,6.38],[123.96,6.91],[124.26,7.38],[123.69,7.81],[123.42,7.81],[123.41,7.36],[123.3,7.53],[123.12,7.51],[123.11,7.74],[122.99,7.46],[122.81,7.43],[122.81,7.75],[122.62,7.78],[122.16,6.91],[121.9,7.11],[122.23,7.96],[122.92,8.15],[123.03,8.49],[123.3,8.52],[123.38,8.73],[123.84,8.43],[123.87,8.16],[123.66,7.95],[124.23,8.22],[124.39,8.59],[124.74,8.5],[124.8,9],[125.08,8.83],[125.21,9.09],[125.54,8.97],[125.45,9.82],[125.96,9.48],[126.06,9.23],[126.21,9.31],[126.33,8.84],[126.08,8.61],[126.4,8.49],[126.36,7.89],[126.57,7.72],[126.61,7.29],[126.28,6.93],[126.35,6.8],[126.16,6.91],[126.19,6.27],[125.85,7.36],[125.49,6.99]]],[[[120.2,5.19],[119.82,5.06],[120.21,5.35],[120.2,5.19]]]]}},{"type":"Feature","properties":{"id":"GLP"},"geometry":{"type":"MultiPolygon","coordinates":[[[[-61.81,16.27],[-61.55,16.28],[-61.62,15.97],[-61.81,16.27]]],[[[-61.35,16.24],[-61.55,16.25],[-61.46,16.51],[-61.17,16.25],[-61.35,16.24]]]]}},{"type":"Feature","properties":{"id":"BRA"},"geometry":{"type":"MultiPolygon","coordinates":[[[[-69.95,-4.23],[-69.46,-1.56],[-69.13,-1.76],[-69.41,-1.56],[-69.61,-0.5],[-70.04,-0.19],[-70.05,0.56],[-69.18,0.72],[-69.23,1.03],[-69.79,1.09],[-69.84,1.72],[-68.16,1.73],[-68.29,1.83],[-68.2,2.03],[-67.9,1.81],[-67.4,2.23],[-67.15,1.83],[-67.09,1.17],[-66.85,1.23],[-66.12,0.75],[-65.62,1.01],[-65.5,0.87],[-65.6,0.69],[-65.44,0.69],[-65.16,1.12],[-64.8,1.32],[-64.74,1.23],[-64.39,1.53],[-64.34,1.36],[-63.99,1.98],[-63.4,2.15],[-63.42,2.45],[-64.06,2.5],[-63.98,2.72],[-64.23,3.12],[-64.17,3.57],[-64.81,4.27],[-64.56,4.11],[-64.16,4.13],[-63.96,3.87],[-63.68,4.02],[-63.5,3.84],[-63.43,3.98],[-63.2,3.95],[-62.96,3.61],[-62.74,3.67],[-62.75,4.03],[-62.55,4.02],[-62.46,4.18],[-61.93,4.12],[-61.56,4.25],[-61.32,4.54],[-60.99,4.52],[-60.59,4.93],[-60.73,5.19],[-60.22,5.28],[-60.03,5.1],[-60.16,4.52],[-59.67,4.38],[-59.73,4.18],[-59.52,3.94],[-59.87,3.58],[-59.8,3.36],[-59.98,2.93],[-59.69,1.76],[-58.83,1.17],[-58.5,1.27],[-58.32,1.6],[-58,1.5],[-57.99,1.66],[-57.54,1.7],[-57.31,2],[-56.8,1.85],[-55.9,1.89],[-56.14,2.27],[-55.97,2.53],[-55.39,2.42],[-55,2.59],[-54.11,2.11],[-53.74,2.37],[-52.96,2.17],[-52.55,2.52],[-52.29,3.22],[-51.6,4.24],[-51.53,4.16],[-51.51,4.44],[-51.21,4.15],[-51.2,3.72],[-51.06,3.88],[-51.04,3.12],[-50.68,2.18],[-50.78,2.1],[-50.47,1.82],[-49.93,1.7],[-49.88,1.34],[-50.16,1.21],[-49.87,1.2],[-51.06,0.03],[-50.62,-0.08],[-51.08,-0.4],[-50.77,-0.45],[-51.04,-0.65],[-51.17,-0.49],[-51.26,-1.18],[-51.41,-1.19],[-51.25,-1.01],[-51.94,-1.47],[-51.88,-1.19],[-51.67,-1.12],[-51.77,-1.07],[-52.01,-1.42],[-54.01,-1.96],[-54.07,-2.25],[-54.1,-2.04],[-54.51,-2.33],[-54.25,-2.38],[-54.56,-2.45],[-54.53,-2.13],[-55.04,-2.14],[-54.48,-2.11],[-54.94,-2.01],[-54.74,-1.93],[-54.84,-1.89],[-55.2,-1.93],[-55.09,-2.14],[-55.33,-2.11],[-55.42,-1.88],[-55.46,-2.08],[-55.53,-1.98],[-55.91,-2.15],[-55.37,-2.32],[-54.87,-2.18],[-54.71,-2.43],[-54.36,-2.53],[-54.06,-2.39],[-54.01,-2.11],[-53.77,-1.95],[-51.99,-1.45],[-51.88,-1.54],[-52.24,-1.54],[-52.34,-1.71],[-52.03,-2.78],[-51.95,-2.6],[-52.2,-1.63],[-51.26,-1.22],[-51.15,-0.69],[-51.13,-0.88],[-50.89,-0.56],[-50.81,-0.68],[-50.96,-0.73],[-50.81,-0.73],[-50.76,-1.05],[-50.76,-0.56],[-50.57,-0.66],[-50.7,-0.37],[-50.34,-0.09],[-49.61,-0.25],[-49.2,-0.13],[-48.44,-0.23],[-48.49,-0.74],[-48.66,-0.7],[-48.51,-0.88],[-48.89,-1.5],[-49.39,-1.55],[-49.3,-1.69],[-49.79,-1.82],[-50.38,-1.82],[-50.37,-1.97],[-49.97,-1.81],[-49.84,-2.04],[-49.83,-1.89],[-49.28,-1.71],[-49.51,-2.61],[-49.13,-1.77],[-48.86,-1.55],[-48.96,-1.77],[-48.58,-1.31],[-48.49,-1.6],[-48.47,-1.14],[-48.26,-1.1],[-48.31,-0.94],[-48.06,-0.67],[-47.93,-0.89],[-47.96,-0.64],[-47.84,-0.78],[-47.65,-0.58],[-47.73,-0.82],[-47.58,-0.78],[-47.56,-0.58],[-47.5,-0.82],[-47.48,-0.59],[-47.34,-0.73],[-47.32,-0.59],[-47.18,-0.84],[-47.09,-0.72],[-47.11,-0.93],[-46.95,-0.72],[-47,-0.97],[-46.84,-0.75],[-46.82,-0.93],[-46.65,-0.82],[-46.74,-0.99],[-46.35,-1.01],[-46.35,-1.13],[-46.2,-0.89],[-46.27,-1.16],[-46.08,-1.02],[-46.06,-1.22],[-45.98,-1.05],[-46.06,-1.21],[-45.9,-1.12],[-45.92,-1.31],[-45.72,-1.11],[-45.77,-1.38],[-45.52,-1.3],[-45.55,-1.53],[-45.31,-1.37],[-45.42,-1.72],[-45.22,-1.87],[-45.2,-1.5],[-45.01,-1.49],[-45.06,-1.61],[-44.83,-1.42],[-45.01,-1.67],[-44.81,-1.59],[-44.88,-1.77],[-44.6,-1.74],[-44.48,-1.99],[-44.83,-2.31],[-44.66,-2.29],[-44.76,-2.43],[-44.65,-2.45],[-44.46,-2.15],[-44.36,-2.34],[-44.58,-2.42],[-44.7,-2.71],[-44.61,-3.04],[-44.83,-3.38],[-44.42,-2.97],[-44.36,-2.64],[-44.22,-2.89],[-43.93,-2.56],[-43.53,-2.42],[-43.47,-2.53],[-43.4,-2.34],[-42.19,-2.82],[-41.79,-2.73],[-41.34,-3.03],[-41.19,-2.98],[-41.26,-2.89],[-40.5,-2.78],[-39.99,-2.84],[-38.46,-3.71],[-37.15,-4.95],[-35.42,-5.22],[-34.83,-6.97],[-34.84,-7.62],[-35.35,-9.26],[-36.39,-10.5],[-37.18,-11.07],[-37.76,-12.23],[-38.28,-12.88],[-38.53,-13.01],[-38.42,-12.77],[-38.71,-12.58],[-38.81,-12.84],[-38.84,-12.66],[-38.93,-12.73],[-38.93,-12.86],[-38.72,-12.88],[-39.1,-13.54],[-38.99,-13.53],[-38.98,-13.83],[-39.15,-13.75],[-39,-13.97],[-39.09,-14.17],[-38.93,-13.91],[-39.08,-14.8],[-38.86,-15.86],[-39.21,-17.17],[-39.14,-17.69],[-39.73,-18.52],[-39.77,-19.55],[-40.18,-19.93],[-40.42,-20.64],[-40.75,-20.86],[-41.07,-21.5],[-40.98,-21.95],[-41.62,-22.21],[-41.96,-22.54],[-41.86,-22.75],[-42.01,-23],[-42.16,-22.95],[-42.1,-22.82],[-43.05,-22.98],[-43.09,-22.68],[-43.28,-22.78],[-43.19,-22.99],[-43.99,-23.1],[-43.59,-23.03],[-43.84,-22.9],[-44.24,-23.06],[-44.36,-22.92],[-44.69,-23.08],[-44.71,-23.23],[-44.5,-23.29],[-45.42,-23.63],[-45.41,-23.82],[-45.9,-23.76],[-46.8,-24.18],[-48.05,-25.01],[-48.03,-25.18],[-47.89,-25.11],[-48.21,-25.46],[-48.11,-25.26],[-48.43,-25.24],[-48.47,-25.48],[-48.74,-25.36],[-48.35,-25.57],[-48.53,-25.85],[-48.73,-25.87],[-48.56,-25.89],[-48.74,-26.35],[-48.53,-26.16],[-48.69,-26.68],[-48.61,-27.11],[-48.46,-27.14],[-48.61,-27.24],[-48.57,-27.89],[-48.76,-28.5],[-48.7,-28.25],[-48.89,-28.34],[-48.76,-28.54],[-49.7,-29.31],[-50.79,-31.14],[-52.08,-32.14],[-52.1,-31.84],[-51.88,-31.88],[-51.28,-31.5],[-51.17,-31.07],[-51,-31.03],[-50.98,-31.15],[-50.96,-30.9],[-50.72,-30.82],[-50.74,-30.37],[-50.58,-30.49],[-50.54,-30.2],[-51.06,-30.4],[-51.02,-30.27],[-51.32,-29.99],[-51.33,-30.26],[-51.12,-30.41],[-51.41,-30.64],[-51.47,-31.09],[-51.96,-31.35],[-52.02,-31.69],[-52.24,-31.73],[-52.12,-31.95],[-52.25,-32.07],[-52.12,-31.97],[-52.1,-32.16],[-52.6,-33.07],[-53.37,-33.74],[-53.51,-33.69],[-53.46,-33.21],[-53.14,-32.81],[-52.72,-32.84],[-52.6,-32.16],[-52.75,-32.18],[-52.76,-32.44],[-53.18,-32.65],[-53.4,-32.58],[-53.75,-32.08],[-54.59,-31.46],[-55.24,-31.26],[-55.58,-30.83],[-56.01,-31.08],[-56.02,-30.79],[-56.78,-30.15],[-57.57,-30.26],[-55.89,-28.38],[-55.69,-28.41],[-55.61,-28.12],[-53.78,-27.05],[-53.64,-26.21],[-53.96,-25.64],[-54.15,-25.52],[-54.44,-25.69],[-54.6,-25.51],[-54.3,-25.28],[-54.44,-25.09],[-54.28,-25.02],[-54.43,-25.01],[-54.27,-24.86],[-54.33,-24.18],[-54.19,-24.05],[-54.67,-23.81],[-55.04,-23.98],[-55.43,-23.94],[-55.61,-22.66],[-55.85,-22.28],[-56.21,-22.28],[-56.39,-22.07],[-56.64,-22.27],[-58.01,-22.04],[-57.82,-20.96],[-58.14,-20.15],[-57.86,-19.98],[-58.13,-19.76],[-57.7,-19.02],[-57.59,-18.35],[-57.43,-18.44],[-57.69,-17.81],[-57.54,-17.7],[-57.71,-17.73],[-57.73,-17.43],[-58.12,-17.43],[-58.47,-16.93],[-58.32,-16.27],[-60.17,-16.27],[-60.23,-15.55],[-60.58,-15.1],[-60.25,-15.1],[-60.53,-13.79],[-61.1,-13.53],[-61.79,-13.54],[-62.17,-13.11],[-62.78,-13.01],[-63.16,-12.61],[-64.42,-12.44],[-64.71,-12.09],[-65.01,-11.99],[-65.36,-11.28],[-65.26,-10.97],[-65.39,-9.69],[-65.56,-9.84],[-65.77,-9.73],[-66.62,-9.89],[-67.71,-10.71],[-68.03,-10.66],[-68.24,-10.96],[-68.72,-11.14],[-68.75,-11.01],[-69.39,-10.94],[-70.62,-11],[-70.5,-9.5],[-71.2,-9.96],[-72.18,-10],[-72.36,-9.49],[-73.2,-9.41],[-72.94,-8.98],[-73.54,-8.35],[-73.77,-7.91],[-73.68,-7.78],[-73.98,-7.53],[-73.95,-7.36],[-73.7,-7.31],[-73.71,-6.84],[-73.14,-6.51],[-73.24,-6.04],[-72.96,-5.66],[-72.87,-5.14],[-71.91,-4.52],[-70.94,-4.38],[-70.76,-4.16],[-70.36,-4.15],[-70.03,-4.37],[-69.95,-4.23]]],[[[-38.67,-12.89],[-38.61,-12.99],[-38.79,-13.13],[-38.67,-12.89]]],[[[-39.03,-13.49],[-38.91,-13.37],[-38.9,-13.67],[-39.03,-13.49]]],[[[-49.68,-0.14],[-49.83,-0.08],[-49.59,0.09],[-49.37,0.04],[-49.44,-0.12],[-49.68,-0.14]]],[[[-50.21,0.88],[-50.01,0.9],[-50.28,0.74],[-50.21,0.88]]],[[[-49.57,0.3],[-50,-0.05],[-50.39,0.14],[-49.57,0.3]]],[[[-50.28,0.56],[-50.04,0.57],[-50.29,0.35],[-50.28,0.56]]],[[[-50.43,1.87],[-50.52,2.01],[-50.4,2.12],[-50.31,1.95],[-50.43,1.87]]],[[[-50.55,0.26],[-50.3,0.63],[-50.3,0.29],[-50.43,0.16],[-50.55,0.26]]],[[[-50.64,0.11],[-50.51,0.17],[-50.43,0.02],[-50.64,0.11]]],[[[-44.36,-2.54],[-44.03,-2.41],[-44.31,-2.77],[-44.36,-2.54]]],[[[-45.36,-23.78],[-45.23,-23.78],[-45.24,-23.96],[-45.46,-23.92],[-45.36,-23.78]]],[[[-44.18,-23.18],[-44.38,-23.17],[-44.24,-23.08],[-44.18,-23.18]]],[[[-48.43,-27.59],[-48.57,-27.84],[-48.42,-27.38],[-48.43,-27.59]]]]}},{"type":"Feature","properties":{"id":"MOZ"},"geometry":{"type":"Polygon","coordinates":[[[33.24,-14],[33.67,-14.62],[34.36,-14.39],[34.52,-14.56],[34.6,-15.27],[34.26,-15.92],[34.43,-16.26],[35.16,-16.84],[35.1,-17.13],[35.31,-17.13],[35.14,-16.56],[35.31,-16.22],[35.76,-16.07],[35.87,-14.67],[34.87,-13.48],[34.69,-12.21],[34.89,-12.06],[34.96,-11.57],[35.64,-11.56],[35.83,-11.41],[36.28,-11.72],[37.62,-11.61],[37.89,-11.28],[38.44,-11.4],[39.38,-11.09],[40.39,-10.52],[40.52,-10.48],[40.64,-10.69],[40.48,-10.75],[40.62,-10.83],[40.36,-11.33],[40.55,-12],[40.45,-12.41],[40.63,-12.75],[40.4,-12.92],[40.5,-13.06],[40.59,-12.97],[40.46,-13.52],[40.6,-13.55],[40.64,-14.03],[40.51,-14.18],[40.74,-14.28],[40.63,-14.6],[40.71,-14.44],[40.83,-14.5],[40.83,-14.84],[40.64,-14.86],[40.77,-15.01],[40.64,-14.97],[40.71,-15.08],[40.52,-15.16],[40.68,-15.27],[40.03,-16.19],[39.76,-16.28],[39.95,-16.3],[39.91,-16.41],[39.24,-16.73],[39.07,-17.01],[38.67,-17.02],[38.15,-17.3],[38.08,-17.21],[37.35,-17.6],[36.32,-18.86],[36.25,-18.77],[36.28,-18.88],[35.88,-18.94],[34.89,-19.85],[34.67,-19.66],[34.78,-20.14],[34.66,-20.57],[35.13,-20.93],[35.03,-21.25],[35.37,-22.23],[35.55,-22.14],[35.6,-22.94],[35.34,-23.69],[35.33,-24.01],[35.54,-23.79],[35.47,-24.17],[35.12,-24.61],[33.03,-25.4],[32.7,-25.88],[32.41,-26.03],[32.43,-26.14],[32.55,-25.97],[32.9,-26.34],[32.96,-26.08],[32.89,-26.86],[32.33,-26.86],[32.21,-26.84],[32,-25.99],[32.12,-25.11],[32.03,-25.17],[31.99,-24.3],[31.56,-23.48],[31.31,-22.43],[32.41,-21.32],[32.89,-21.51],[32.37,-21.14],[32.49,-20.63],[32.86,-20.29],[33.06,-19.78],[32.83,-19.67],[32.88,-19.1],[32.7,-18.94],[32.93,-18.77],[32.89,-18.51],[33.07,-18.35],[32.94,-18.03],[33.05,-17.34],[32.84,-16.93],[32.9,-16.71],[31.91,-16.41],[31.28,-16.01],[30.42,-16],[30.22,-15.08],[33.24,-14]]]}},{"type":"Feature","properties":{"id":"ATG"},"geometry":{"type":"Polygon","coordinates":[[[-61.87,17.12],[-61.67,17.05],[-61.89,17.02],[-61.87,17.12]]]}},{"type":"Feature","properties":{"id":"QAT"},"geometry":{"type":"Polygon","coordinates":[[[51.3,24.51],[50.99,24.5],[50.81,24.74],[50.76,25.5],[50.85,25.65],[50.91,25.51],[50.99,25.98],[51.26,26.16],[51.66,25.9],[51.47,25.51],[51.66,25.02],[51.37,24.58],[51.22,24.64],[51.3,24.51]]]}},{"type":"Feature","properties":{"id":"TCA"},"geometry":{"type":"Polygon","coordinates":[[[-72.15,21.82],[-72.36,21.76],[-72.33,21.87],[-72.15,21.82]]]}},{"type":"Feature","properties":{"id":"GUM"},"geometry":{"type":"Polygon","coordinates":[[[144.77,13.39],[144.68,13.25],[144.62,13.45],[144.87,13.65],[144.77,13.39]]]}},{"type":"Feature","properties":{"id":"JAM"},"geometry":{"type":"Polygon","coordinates":[[[-76.87,17.98],[-76.95,17.84],[-77.13,17.89],[-77.18,17.71],[-77.74,17.85],[-78.05,18.2],[-78.37,18.27],[-77.88,18.52],[-76.9,18.41],[-76.34,18.16],[-76.18,17.91],[-76.87,17.98]]]}},{"type":"Feature","properties":{"id":"GTM"},"geometry":{"type":"Polygon","coordinates":[[[-92.23,14.53],[-92.06,15.07],[-92.21,15.26],[-91.69,16.07],[-90.45,16.08],[-90.39,16.35],[-91.38,17.21],[-90.99,17.25],[-90.99,17.82],[-89.15,17.82],[-89.19,15.9],[-88.62,15.69],[-88.49,15.85],[-88.59,15.96],[-88.23,15.72],[-89.15,15.07],[-89.15,14.58],[-89.57,14.42],[-90.13,13.74],[-91.14,13.92],[-92.23,14.53]]]}},{"type":"Feature","properties":{"id":"MYT"},"geometry":{"type":"Polygon","coordinates":[[[45.2,-12.73],[45.11,-12.99],[45.04,-12.72],[45.2,-12.73]]]}},{"type":"Feature","properties":{"id":"COD"},"geometry":{"type":"Polygon","coordinates":[[[12.2,-5.77],[12.52,-5.66],[12.46,-5.09],[13.1,-4.69],[13.43,-4.92],[13.7,-4.74],[13.73,-4.44],[13.95,-4.51],[14.4,-4.28],[14.41,-4.89],[14.73,-4.88],[15.19,-4.33],[15.51,-4.32],[15.52,-4.08],[15.92,-3.88],[16.2,-3.34],[16.19,-2.31],[16.79,-1.35],[17.35,-0.98],[18.06,-0.2],[17.73,-0.48],[17.68,-0.15],[17.97,0.44],[17.84,1],[18.07,1.56],[18.1,2.24],[18.64,3.32],[18.56,4.28],[19.37,5.09],[19.83,5.09],[20.53,4.45],[22.44,4.13],[22.98,4.83],[23.37,4.59],[24.38,5.11],[24.72,4.89],[25.27,5.02],[25.35,5.28],[26.16,5.26],[26.5,5.05],[26.87,5.04],[27.13,5.21],[28.38,4.29],[28.78,4.56],[29.22,4.34],[29.49,4.69],[29.66,4.65],[30.21,3.94],[30.55,3.84],[30.56,3.62],[30.78,3.68],[30.94,3.4],[30.74,2.45],[31.28,2.18],[30.52,1.54],[30.36,1.27],[30.47,1.21],[30.02,0.86],[29.73,-0.08],[29.49,-0.19],[29.3,-0.57],[29.53,-0.64],[29.69,-0.45],[29.59,-1.39],[29.24,-1.7],[29.11,-1.63],[28.85,-2.15],[28.99,-2.32],[28.9,-2.65],[29.25,-3.1],[29.1,-5.07],[29.42,-5.62],[29.21,-6.1],[29.71,-7],[30.15,-7.28],[30.56,-8.3],[28.92,-8.48],[28.43,-9.02],[28.34,-9.49],[28.57,-9.52],[28.68,-9.81],[28.44,-11.79],[29.1,-12.38],[29.52,-12.43],[29.51,-12.23],[29.81,-12.15],[29.81,-13.44],[29.64,-13.43],[29.59,-13.2],[29.01,-13.42],[28.78,-12.94],[28.46,-12.73],[28.45,-12.52],[27.93,-12.24],[27.62,-12.27],[27.21,-11.56],[27.02,-11.61],[26.88,-11.98],[25.98,-11.95],[25.33,-11.63],[25.35,-11.2],[24.44,-11.47],[24.28,-11.39],[24.38,-11.09],[24,-10.89],[23.86,-11.04],[23.48,-10.94],[23.2,-11.11],[22.51,-11.04],[22.25,-11.26],[22.17,-10.87],[22.33,-10.76],[22.33,-10.39],[22.19,-9.92],[21.82,-9.45],[21.94,-8.47],[21.75,-7.93],[21.84,-7.38],[20.55,-7.23],[20.61,-7.01],[20.33,-6.92],[19.55,-7],[19.38,-8],[18.53,-7.92],[18.1,-8.1],[17.53,-8.1],[16.98,-7.29],[16.53,-5.86],[13.18,-5.87],[12.4,-6.03],[12.2,-5.77]]]}},{"type":"Feature","properties":{"id":"HKG"},"geometry":{"type":"Polygon","coordinates":[[[114.03,22.51],[114.4,22.44],[114.3,22.26],[113.92,22.37],[114.03,22.51]]]}},{"type":"Feature","properties":{"id":"BDI"},"geometry":{"type":"Polygon","coordinates":[[[29.04,-2.74],[29.15,-2.59],[29.37,-2.84],[29.72,-2.82],[30.01,-2.34],[30.54,-2.41],[30.41,-2.85],[30.84,-2.98],[30.84,-3.25],[30.5,-3.52],[30.04,-4.28],[29.66,-4.45],[29.04,-2.74]]]}},{"type":"Feature","properties":{"id":"PSE"},"geometry":{"type":"MultiPolygon","coordinates":[[[[34.49,31.6],[34.27,31.22],[34.22,31.32],[34.49,31.6]]],[[[35.15,31.74],[34.98,31.83],[35.08,32.46],[35.37,32.52],[35.55,32.39],[35.56,31.77],[35.4,31.49],[34.91,31.35],[35.15,31.74]]]]}},{"type":"Feature","properties":{"id":"BRB"},"geometry":{"type":"Polygon","coordinates":[[[-59.54,13.23],[-59.42,13.15],[-59.53,13.04],[-59.64,13.33],[-59.54,13.23]]]}},{"type":"Feature","properties":{"id":"COG"},"geometry":{"type":"Polygon","coordinates":[[[11.13,-3.94],[11.5,-3.51],[11.68,-3.69],[11.93,-3.64],[11.97,-3.31],[11.7,-3.18],[11.8,-3.01],[11.54,-2.86],[11.57,-2.33],[11.74,-2.44],[12.48,-2.33],[12.44,-1.9],[12.65,-1.82],[12.98,-2.37],[13.48,-2.44],[13.76,-2.09],[13.87,-2.47],[14.1,-2.5],[14.26,-2.35],[14.26,-1.97],[14.43,-1.89],[14.54,-0.59],[13.91,-0.22],[13.88,0.24],[14.5,0.96],[14.24,1.4],[13.8,1.44],[13.15,1.24],[13.29,2.17],[14.6,2.21],[16.13,1.7],[16.08,2.11],[16.66,3.53],[17.48,3.71],[18.18,3.48],[18.48,3.64],[18.62,3.15],[18.05,2.04],[17.86,1.06],[17.92,0.32],[17.67,-0.21],[17.7,-0.55],[16.89,-1.16],[16.58,-1.77],[16.13,-2.19],[16.19,-3.37],[15.91,-3.93],[15.35,-4.27],[15.3,-4.17],[14.84,-4.82],[14.62,-4.91],[14.41,-4.89],[14.4,-4.28],[13.95,-4.51],[13.73,-4.44],[13.7,-4.74],[13.43,-4.92],[12.77,-4.39],[12.08,-4.97],[11.13,-3.94]]]}},{"type":"Feature","properties":{"id":"KOR"},"geometry":{"type":"MultiPolygon","coordinates":[[[[126.58,37.76],[126.67,37.65],[126.67,37.83],[127.13,38.31],[128.16,38.35],[128.36,38.62],[129.43,37.06],[129.37,36.01],[129.58,36.02],[129.36,35.36],[128.83,34.99],[128.58,35.21],[128.63,35.07],[128.36,35.05],[128.5,35.02],[128.42,34.76],[128.33,34.96],[128.04,34.94],[128.05,35.08],[127.87,34.94],[128.06,34.71],[127.86,34.73],[127.87,34.95],[127.72,34.99],[127.57,34.9],[127.78,34.85],[127.64,34.63],[127.51,34.89],[127.35,34.84],[127.51,34.59],[127.34,34.45],[127.11,34.55],[127.34,34.71],[127.23,34.76],[126.96,34.64],[126.89,34.42],[126.79,34.64],[126.53,34.29],[126.51,34.56],[126.26,34.7],[126.59,34.63],[126.47,34.72],[126.65,34.82],[126.37,34.78],[126.43,34.98],[126.31,34.93],[126.39,35.03],[126.24,35.11],[126.43,35.03],[126.31,35.24],[126.68,35.55],[126.46,35.61],[126.48,35.81],[126.57,35.69],[126.89,35.91],[126.59,35.95],[126.45,35.81],[126.85,36.06],[126.5,36.13],[126.59,36.47],[126.45,36.7],[126.29,36.58],[126.11,36.77],[126.3,36.98],[126.37,36.83],[126.33,37],[126.47,36.93],[126.5,37.06],[126.84,36.83],[127,36.92],[126.65,37.15],[126.78,37.3],[126.58,37.35],[126.58,37.76]]],[[[126.52,37.75],[126.54,37.62],[126.37,37.61],[126.35,37.79],[126.52,37.75]]],[[[128.62,34.89],[128.71,35.03],[128.74,34.79],[128.58,34.7],[128.47,34.88],[128.62,34.89]]],[[[126.33,34.54],[126.34,34.4],[126.13,34.36],[126.33,34.54]]],[[[126.57,33.52],[126.95,33.46],[126.61,33.24],[126.18,33.26],[126.26,33.44],[126.57,33.52]]]]}},{"type":"Feature","properties":{"id":"ATF"},"geometry":{"type":"Polygon","coordinates":[[[70.31,-49.35],[70.44,-49.44],[69.61,-49.39],[69.94,-49.6],[70.3,-49.55],[70.22,-49.7],[69.86,-49.71],[69.67,-49.48],[69.68,-49.66],[69.11,-49.47],[69.08,-49.69],[68.77,-49.73],[68.92,-49.42],[68.76,-49.2],[68.92,-49.14],[68.73,-49.08],[68.93,-48.67],[69.12,-48.73],[68.89,-48.9],[69.18,-48.78],[69.05,-49.12],[69.1,-48.99],[69.22,-49.13],[69.63,-48.97],[69.66,-49.12],[69.22,-49.21],[69.43,-49.13],[69.54,-49.24],[69.4,-49.28],[69.71,-49.32],[70.39,-49.06],[70.56,-49.24],[70.31,-49.35]]]}},{"type":"Feature","properties":{"id":"MYS"},"geometry":{"type":"MultiPolygon","coordinates":[[[[100.12,6.42],[100.21,6.73],[100.42,6.52],[100.74,6.51],[100.85,6.23],[101.11,6.25],[100.98,5.81],[101.14,5.61],[101.58,5.93],[101.82,5.73],[102.09,6.24],[102.35,6.17],[102.47,5.9],[103.12,5.4],[103.44,4.78],[103.49,4.31],[103.33,3.8],[103.47,3.51],[103.43,2.94],[103.6,2.64],[103.82,2.58],[104.3,1.43],[104.14,1.34],[103.97,1.62],[104,1.43],[103.73,1.46],[103.51,1.27],[103.38,1.53],[101.29,2.84],[101.3,3.25],[100.73,3.86],[100.87,4.03],[100.56,4.31],[100.66,4.68],[100.36,5.09],[100.35,5.97],[100.12,6.42]]],[[[114.08,4.59],[114.65,4.01],[114.88,4.37],[114.77,4.72],[114.99,4.87],[115.09,4.39],[115.34,4.31],[115.16,4.87],[115.6,5.22],[115.37,5.4],[115.59,5.63],[115.6,5.52],[115.87,5.58],[116.74,7.04],[116.86,6.89],[116.79,6.56],[117.15,7.01],[117.29,6.61],[117.52,6.63],[117.74,6.43],[117.54,6.15],[117.68,5.97],[117.53,5.88],[117.98,6.07],[118.13,5.85],[117.9,5.79],[117.95,5.67],[118.35,5.83],[118.6,5.65],[118.54,5.51],[118.63,5.64],[119.26,5.31],[119.1,5.08],[118.12,4.88],[118.62,4.48],[118.55,4.35],[118,4.22],[117.58,4.43],[117.59,4.18],[117.25,4.37],[116.17,4.39],[116.08,4.28],[115.88,4.39],[115.56,3.92],[115.57,3.16],[115.09,2.82],[115.24,2.51],[114.8,2.25],[114.88,1.92],[114.72,1.86],[114.56,1.43],[113.98,1.45],[113.63,1.22],[112.97,1.41],[113,1.58],[112.5,1.58],[111.83,0.99],[111.22,1.09],[110.58,0.85],[109.66,1.62],[109.54,1.92],[109.65,2.08],[109.91,1.69],[110.29,1.71],[110.32,1.59],[110.34,1.81],[110.73,1.55],[110.7,1.43],[110.79,1.58],[111.16,1.37],[110.99,1.57],[111.18,1.63],[111.21,2.09],[111.44,2.13],[111.16,2.16],[111.23,2.43],[111.49,2.36],[111.43,2.7],[113.03,3.18],[114.08,4.59]]],[[[117.9,4.17],[117.68,4.17],[117.68,4.26],[117.9,4.17]]],[[[100.18,5.45],[100.35,5.42],[100.28,5.26],[100.18,5.45]]],[[[99.84,6.47],[99.91,6.33],[99.73,6.26],[99.64,6.44],[99.84,6.47]]],[[[117.06,7.13],[117.06,7.29],[117.28,7.35],[117.06,7.13]]]]}},{"type":"Feature","properties":{"id":"SLE"},"geometry":{"type":"MultiPolygon","coordinates":[[[[-13.3,9.04],[-12.78,9.32],[-12.44,9.88],[-11.21,10],[-10.66,9.31],[-10.73,9.08],[-10.57,9.05],[-10.5,8.62],[-10.7,8.28],[-10.28,8.48],[-10.3,8.2],[-10.61,8.04],[-10.6,7.77],[-11.42,6.97],[-12.52,7.39],[-12.32,7.38],[-12.49,7.45],[-12.34,7.55],[-12.54,7.65],[-12.46,7.78],[-12.59,7.69],[-12.87,7.82],[-12.99,8.24],[-13.16,8.17],[-13.29,8.42],[-13.07,8.33],[-13.14,8.45],[-12.89,8.58],[-13.17,8.53],[-13.25,8.81],[-13.1,8.85],[-13.3,9.04]]],[[[-12.56,7.4],[-12.96,7.57],[-12.59,7.64],[-12.56,7.4]]]]}},{"type":"Feature","properties":{"id":"EGY"},"geometry":{"type":"MultiPolygon","coordinates":[[[[34.22,31.32],[34.9,29.49],[34.25,27.72],[33.24,28.56],[33.18,29],[32.72,29.45],[32.59,30.18],[32.37,30.41],[32.31,31.09],[32.37,31.25],[32.61,31.06],[32.92,31.15],[32.71,31.03],[33.09,31.18],[33.16,31.04],[33.46,31.08],[33.27,31.21],[33.69,31.12],[34.22,31.32]]],[[[36.88,22],[31.4,22],[31.71,22.35],[31.89,22.31],[31.96,22.72],[31.77,22.58],[31.51,22.73],[31.69,22.43],[31.3,22],[25,22],[25,29.25],[24.71,30.16],[25.02,30.79],[24.87,31.38],[25.14,31.67],[25.29,31.51],[25.91,31.63],[27.34,31.37],[27.46,31.21],[27.85,31.25],[27.93,31.1],[28.43,31.09],[29.04,30.82],[29.48,30.86],[29.38,30.89],[30.39,31.48],[30.86,31.54],[30.63,31.38],[31.05,31.6],[31.57,31.44],[31.93,31.52],[32.1,31.35],[31.82,31.42],[31.77,31.28],[32.08,31.15],[32.3,31.23],[32.3,30.35],[32.56,30.2],[32.34,29.59],[32.59,29.34],[32.62,28.98],[33.58,27.85],[33.49,27.64],[33.85,27.25],[33.94,26.67],[35.14,24.51],[35.79,23.91],[35.47,23.93],[35.67,22.95],[36.88,22]]]]}},{"type":"Feature","properties":{"id":"MNG"},"geometry":{"type":"Polygon","coordinates":[[[87.81,49.17],[88.17,49.29],[88.22,49.48],[89.15,49.5],[89.19,49.63],[89.72,49.73],[89.59,49.91],[90.67,50.21],[90.92,50.42],[91.41,50.46],[91.79,50.72],[92.27,50.73],[92.35,50.88],[92.65,50.71],[93.01,50.79],[92.23,50.43],[92.55,49.99],[93.42,50.26],[93.16,50.35],[93.31,50.37],[93.06,50.62],[94.25,50.58],[94.55,50.12],[95.1,49.96],[95.87,50.04],[97.33,49.75],[98.07,50.04],[98.31,50.46],[97.82,51.01],[98.05,51.45],[98.93,52.15],[99.8,51.92],[99.91,51.74],[100.59,51.73],[102.12,51.36],[102.3,50.68],[102.65,50.4],[103.24,50.32],[103.26,50.19],[104.14,50.14],[105.35,50.48],[106.82,50.3],[107.26,49.99],[107.97,49.94],[107.95,49.67],[108.53,49.32],[110.2,49.15],[112.78,49.51],[113.77,50.08],[114.51,50.23],[115.53,49.9],[116.23,50.04],[116.69,49.81],[115.79,48.52],[115.81,48.26],[115.52,48.15],[115.75,47.8],[115.94,47.68],[116.25,47.88],[116.87,47.89],[117.57,47.64],[117.91,47.88],[117.75,47.97],[118.55,47.99],[119.71,47.19],[119.9,46.67],[119.3,46.61],[118.9,46.78],[117.83,46.53],[117.41,46.58],[117.37,46.36],[116.59,46.3],[116.28,45.77],[115.69,45.45],[114.74,45.44],[113.63,44.74],[112.76,44.86],[112.42,45.07],[111.79,44.99],[111.41,44.34],[111.95,43.69],[111.01,43.32],[110.1,42.64],[108.84,42.4],[107.45,42.46],[105.01,41.58],[104.52,41.66],[104.52,41.87],[103.39,41.89],[102.07,42.22],[101.8,42.5],[100.86,42.67],[99.5,42.57],[96.38,42.77],[95.52,44],[95.32,44.03],[95.41,44.29],[94.73,44.34],[93.5,44.97],[90.88,45.19],[90.67,45.55],[91.02,46.02],[90.89,46.31],[91.05,46.72],[90.06,47.89],[89.06,47.99],[87.97,48.57],[88.09,48.71],[87.74,48.87],[87.81,49.17]]]}},{"type":"Feature","properties":{"id":"TON"},"geometry":{"type":"Polygon","coordinates":[[[-175.19,-21.14],[-175.03,-21.15],[-175.12,-21.27],[-175.36,-21.09],[-175.19,-21.14]]]}},{"type":"Feature","properties":{"id":"FSM"},"geometry":{"type":"Polygon","coordinates":[[[158.18,6.97],[158.3,6.79],[158.16,6.81],[158.18,6.97]]]}},{"type":"Feature","properties":{"id":"IRQ"},"geometry":{"type":"Polygon","coordinates":[[[38.79,33.38],[40.98,34.4],[41.2,34.75],[41.18,34.62],[41.4,36.52],[41.82,36.59],[42.73,37.33],[43.83,37.19],[44.13,37.32],[44.31,36.96],[44.63,37.19],[44.78,37.14],[44.84,36.78],[45.27,36.39],[45.35,35.98],[45.76,35.8],[46.34,35.82],[45.97,35.58],[46.19,35.11],[45.92,35.08],[45.65,34.72],[45.74,34.54],[45.53,34.6],[45.44,34.46],[45.58,34.15],[45.41,33.98],[46.19,33.26],[46.1,32.98],[47.39,32.46],[47.82,31.68],[47.68,31.39],[47.73,31],[48.01,31],[48.03,30.5],[48.51,29.96],[47.98,30.01],[47.84,30.34],[47.96,30.01],[47.17,30.02],[46.55,29.1],[44.72,29.2],[42.98,30.48],[42.98,30.73],[40,32.06],[39.3,32.23],[39.26,32.36],[39.04,32.3],[38.79,33.38]]]}},{"type":"Feature","properties":{"id":"SUR"},"geometry":{"type":"Polygon","coordinates":[[[-54.01,5.56],[-54.48,4.91],[-54.25,3.91],[-54,3.56],[-54.21,2.78],[-54.6,2.33],[-55,2.59],[-55.39,2.42],[-55.97,2.53],[-56.14,2.27],[-55.9,1.89],[-56.69,2.03],[-57.21,2.85],[-57.3,3.38],[-57.65,3.36],[-58.04,4],[-57.84,4.65],[-57.92,4.83],[-57.19,5.15],[-57.3,5.33],[-56.96,6.01],[-55.94,5.81],[-55.9,5.66],[-55.89,5.97],[-55.09,5.87],[-55.15,5.96],[-54.85,6],[-54.04,5.84],[-54.01,5.56]]]}},{"type":"Feature","properties":{"id":"WSM"},"geometry":{"type":"MultiPolygon","coordinates":[[[[-172.2,-13.73],[-172.54,-13.8],[-172.8,-13.52],[-172.33,-13.44],[-172.2,-13.73]]],[[[-171.74,-13.84],[-171.43,-14.05],[-172.07,-13.87],[-171.74,-13.84]]]]}},{"type":"Feature","properties":{"id":"RWA"},"geometry":{"type":"Polygon","coordinates":[[[29.59,-1.39],[29.82,-1.31],[29.93,-1.48],[30.47,-1.06],[30.74,-1.51],[30.86,-2.31],[30.03,-2.35],[29.72,-2.82],[29.37,-2.84],[29.15,-2.59],[28.92,-2.68],[29.03,-2.29],[29.08,-2.41],[29.38,-2.06],[29.24,-1.7],[29.59,-1.39]]]}},{"type":"Feature","properties":{"id":"CAN"},"geometry":{"type":"MultiPolygon","coordinates":[[[[-67.28,45.19],[-67.48,45.27],[-67.42,45.56],[-67.8,45.78],[-67.85,47.09],[-68.26,47.35],[-68.91,47.19],[-69.17,47.45],[-70.01,46.65],[-70.26,45.89],[-70.88,45.23],[-71.01,45.35],[-71.44,45.24],[-71.5,45.03],[-72.21,45.01],[-72.29,45.14],[-72.25,45],[-74.63,45],[-74.13,45.26],[-74.88,45.04],[-76.42,44.21],[-76.2,44.22],[-76.77,44.18],[-77.12,43.85],[-77.61,44.05],[-79.05,43.83],[-79.88,43.26],[-79.08,43.28],[-78.91,42.9],[-80.2,42.79],[-80.49,42.57],[-81.47,42.6],[-82.53,41.92],[-83.13,42.1],[-83.11,42.26],[-82.47,42.29],[-82.41,42.47],[-82.63,42.56],[-82.45,42.93],[-81.74,43.31],[-81.75,44.09],[-81.28,44.59],[-81.37,45],[-81.74,45.22],[-81.29,45.24],[-81.27,45],[-80.97,44.96],[-80.95,44.58],[-80.68,44.73],[-80.09,44.47],[-79.97,44.65],[-80.11,44.83],[-79.66,44.75],[-80.09,45.07],[-79.8,45.15],[-80.22,45.27],[-80.01,45.34],[-80.2,45.34],[-80.77,45.95],[-81.83,45.97],[-82,46.01],[-81.76,46.07],[-81.87,46.19],[-81.87,46.08],[-82.44,46.22],[-82.57,46.12],[-82.84,46.32],[-82.79,46.19],[-83.06,46.16],[-84.12,46.34],[-84.12,46.52],[-84.46,46.47],[-84.61,46.56],[-84.39,46.92],[-84.81,46.97],[-84.57,47.31],[-85.02,47.59],[-84.86,47.96],[-85.91,47.98],[-86.4,48.77],[-87.28,48.76],[-88.02,49.02],[-88.24,48.94],[-88.11,48.73],[-87.94,48.86],[-87.6,48.79],[-88.33,48.65],[-88.55,48.41],[-88.31,48.76],[-88.5,48.86],[-88.76,48.34],[-88.92,48.31],[-88.73,48.56],[-89.14,48.48],[-89.32,48.11],[-89.84,48],[-90.98,48.22],[-91.44,48.05],[-91.96,48.24],[-91.98,48.38],[-92.37,48.22],[-92.46,48.47],[-92.9,48.6],[-92.81,48.69],[-93.25,48.65],[-93.18,48.79],[-93.38,48.92],[-93.31,48.63],[-93.53,48.53],[-94.58,48.72],[-94.61,48.94],[-94.11,49.15],[-94.39,49.29],[-94.57,49.01],[-94.77,49.18],[-94.51,49.18],[-94.53,49.3],[-94.86,49.33],[-94.71,49.55],[-95.1,49.36],[-95.3,49],[-123.09,49],[-123.26,49.27],[-122.84,49.29],[-122.88,49.47],[-122.96,49.3],[-123.27,49.33],[-123.14,49.71],[-123.54,49.38],[-124.07,49.64],[-123.91,49.75],[-123.76,49.48],[-123.79,49.6],[-123.52,49.71],[-123.8,49.62],[-123.72,49.79],[-123.95,49.78],[-123.77,50.21],[-123.99,50.21],[-123.8,50.09],[-124.01,50],[-123.92,49.83],[-124.04,49.93],[-124.27,49.74],[-124.81,50.01],[-124.67,49.96],[-124.81,50.08],[-124.59,50.24],[-124.74,50.33],[-124.36,50.49],[-124.83,50.31],[-125.01,50.45],[-125.08,50.33],[-124.82,50.93],[-125.11,50.43],[-125.37,50.57],[-125.59,50.45],[-125.47,50.72],[-125.71,50.42],[-125.72,50.53],[-126.28,50.52],[-125.94,50.64],[-126.3,50.63],[-125.73,50.66],[-125.59,51.09],[-125.71,50.72],[-126.18,50.67],[-126.01,50.8],[-126.57,50.83],[-126.19,50.92],[-126.52,51.04],[-126.66,50.87],[-126.84,50.91],[-126.64,50.93],[-126.78,51.02],[-127.2,50.92],[-126.9,50.89],[-127.02,50.82],[-127.52,51],[-127.5,51.1],[-127.21,50.95],[-127.32,51.04],[-126.7,50.99],[-126.66,51.2],[-127.16,51.05],[-127.55,51.13],[-126.92,51.19],[-127.79,51.16],[-127.06,51.35],[-127.78,51.32],[-127.57,51.47],[-127.25,51.41],[-127.56,51.48],[-127.25,51.68],[-127.45,51.66],[-127.36,51.87],[-127.78,51.52],[-127.88,51.9],[-127.15,52.32],[-126.67,51.96],[-126.96,52.31],[-126.77,52.39],[-127.22,52.39],[-126.92,52.71],[-127.08,52.88],[-126.96,52.72],[-127.33,52.43],[-127.63,52.61],[-127.49,52.34],[-127.88,52.2],[-127.87,52.5],[-127.71,52.45],[-127.89,52.5],[-127.98,52.31],[-127.96,52.48],[-128.03,52.32],[-128.05,52.65],[-128.36,52.27],[-128.11,52.76],[-127.83,52.73],[-128.13,52.77],[-128.03,52.92],[-128.44,52.82],[-128.41,53.09],[-128.85,53.27],[-128.99,53.54],[-128.47,53.32],[-128.48,53.43],[-128.16,53.46],[-127.87,53.25],[-128.11,53.5],[-128.54,53.43],[-128.77,53.55],[-128.81,53.77],[-128.48,53.83],[-128.71,53.88],[-128.61,54.03],[-129.3,53.65],[-129.28,53.36],[-130.07,53.89],[-130.05,54.15],[-129.55,54.22],[-130.28,54.2],[-130.15,54.28],[-130.33,54.44],[-130.49,54.36],[-130.45,54.63],[-129.98,54.3],[-129.98,54.51],[-130.11,54.42],[-130.39,54.65],[-129.9,54.62],[-130.22,54.72],[-130.18,54.85],[-129.66,54.97],[-129.99,55.06],[-129.46,55.47],[-129.7,55.41],[-129.81,55.63],[-129.78,55.36],[-130.11,54.98],[-129.94,55.29],[-130.14,55.75],[-130.01,55.91],[-130.1,56.12],[-131.85,56.65],[-133.64,58.57],[-134.96,59.28],[-135.4,59.76],[-136.35,59.6],[-136.58,59.17],[-137.45,58.91],[-137.96,59.43],[-137.77,59.48],[-138.02,59.46],[-139.2,60.09],[-139.07,60.35],[-139.69,60.34],[-139.98,60.18],[-141,60.31],[-141,69.64],[-139.11,69.5],[-138.61,69.23],[-138.27,69.18],[-138.39,69.3],[-137.21,68.93],[-134.98,68.63],[-135.65,68.88],[-135.22,68.93],[-135.85,69.3],[-135.51,69.18],[-135.61,69.33],[-135.15,69.25],[-135.3,69.42],[-134.47,69.44],[-134.49,69.71],[-133.75,69.52],[-134.31,69.14],[-133.57,69.39],[-132.98,69.36],[-132.93,69.64],[-132,69.7],[-131.41,69.96],[-131.2,69.8],[-130.94,70.09],[-130.4,70.15],[-130.14,70.01],[-129.67,70.25],[-129.53,69.99],[-130.94,69.53],[-132.01,69.52],[-132.33,69.23],[-132.51,69.28],[-132.49,69.14],[-132.6,69.27],[-132.87,69.21],[-132.87,68.96],[-132.94,69.07],[-133.31,68.99],[-133.5,68.79],[-132.93,68.67],[-133.41,68.84],[-132.46,68.79],[-132.52,68.9],[-132.8,68.83],[-132.52,68.99],[-132.77,68.93],[-132.83,69.07],[-132.13,69.15],[-131.73,69.37],[-131.99,69.39],[-131.45,69.43],[-131.6,69.29],[-131.39,69.44],[-131.43,69.3],[-131.29,69.5],[-131.37,69.29],[-131.25,69.57],[-131.23,69.3],[-131.1,69.59],[-130.95,69.11],[-130.34,69.68],[-129.14,69.84],[-128.98,69.66],[-128.39,69.94],[-128.21,69.85],[-128.33,70.13],[-127.23,70.15],[-128.06,70.28],[-128.01,70.57],[-127.17,70.23],[-126.54,69.65],[-125.55,69.32],[-125.16,69.42],[-125.64,69.41],[-125.14,69.48],[-125.39,69.68],[-124.79,69.71],[-125.3,69.81],[-124.64,69.98],[-125.22,70.01],[-124.69,70.07],[-124.39,69.98],[-124.51,69.71],[-124.03,69.68],[-124.39,69.64],[-124.38,69.33],[-123.38,69.4],[-122.98,69.83],[-121.88,69.82],[-120,69.35],[-117.07,68.88],[-115.89,68.81],[-116.33,68.96],[-115.92,69.01],[-114.97,68.87],[-113.89,68.4],[-114,68.24],[-115.02,68.29],[-114.72,68.18],[-115.25,68.19],[-115.09,68.01],[-115.72,67.91],[-115.16,67.79],[-111.97,67.75],[-111.91,67.63],[-111.9,67.76],[-111.06,67.76],[-110.04,68.01],[-109.7,67.72],[-109.02,67.72],[-108.83,67.35],[-108.66,67.64],[-108.47,67.35],[-108.38,67.45],[-107.96,67.28],[-107.85,67.04],[-108.6,67.16],[-107.13,66.33],[-107.79,66.78],[-107.62,67.08],[-107.56,66.84],[-107.43,66.99],[-107.07,66.82],[-107.43,67.06],[-107,67.14],[-107.52,67.21],[-108.02,67.78],[-107.67,68.05],[-106.69,68.1],[-106.59,68.26],[-106.26,68.18],[-106.43,68.34],[-105.73,68.41],[-105.62,68.64],[-106.59,68.53],[-106.52,68.29],[-106.93,68.43],[-107.22,68.26],[-107.81,68.35],[-107.56,68.17],[-108.03,68.12],[-108.4,68.14],[-108.33,68.35],[-108.81,68.27],[-108.26,68.63],[-106.18,68.95],[-105.45,68.75],[-105.48,68.42],[-104.96,68.22],[-104.57,68.25],[-104.48,68.02],[-103.43,68.17],[-102.19,67.68],[-101.95,67.8],[-101.52,67.68],[-99.74,67.86],[-98.99,67.68],[-98.3,67.77],[-98.65,68.13],[-97.64,67.58],[-97.2,67.66],[-97.41,67.59],[-97.15,67.44],[-97.42,67.58],[-97.01,67.67],[-97.2,67.95],[-97.97,67.99],[-98.09,67.84],[-98.68,68.4],[-97.68,68.36],[-97.84,68.56],[-97.47,68.41],[-97.58,68.51],[-97.3,68.51],[-96.57,68.18],[-96.37,68.32],[-96.64,68.09],[-96.84,68.12],[-96.67,67.99],[-95.87,68.3],[-96.13,67.63],[-96.31,67.71],[-96.72,67.24],[-96.44,67.52],[-96.07,67.48],[-96.24,67.24],[-95.55,67.39],[-95.83,67.16],[-95.29,67.27],[-95.32,67.11],[-95.13,67.3],[-95.7,67.73],[-95.47,68.06],[-94.86,68.01],[-93.15,68.68],[-93.75,68.62],[-93.85,69.02],[-94.07,68.76],[-94.62,68.75],[-94.58,68.98],[-93.99,69.16],[-94.29,69.16],[-94.27,69.32],[-93.51,69.44],[-93.83,69.16],[-93.32,69.39],[-93.57,69.37],[-93.42,69.48],[-93.52,69.54],[-94.28,69.44],[-94.52,69.73],[-94.82,69.56],[-95.75,69.74],[-96.5,70.13],[-96.22,70.57],[-95.57,70.47],[-96.04,70.61],[-95.74,70.72],[-96.15,70.62],[-96.57,70.78],[-96.46,71.27],[-96.03,71.42],[-95.51,71.29],[-95.17,71.52],[-95.9,71.61],[-94.58,71.86],[-95.23,71.85],[-94.67,72],[-94.4,71.67],[-93.68,71.77],[-92.95,71.35],[-93,70.85],[-91.51,70.18],[-92.02,70.13],[-92.28,70.28],[-92.58,70.08],[-91.93,70.02],[-92.85,69.71],[-92.51,69.71],[-92.66,69.66],[-93,69.69],[-92.26,69.67],[-91.75,69.47],[-91.49,69.66],[-91.17,69.65],[-91.63,69.52],[-90.98,69.53],[-91.3,69.41],[-90.69,69.55],[-90.34,69.47],[-90.71,69.46],[-90.86,69.25],[-91.43,69.36],[-90.43,68.88],[-90.59,68.46],[-90.27,68.23],[-89.31,69.25],[-88.22,68.92],[-87.79,68.32],[-87.92,68.2],[-88.33,68.32],[-88.41,68.01],[-87.29,67.1],[-87.05,67.26],[-86.84,67.16],[-87.07,67.35],[-86.51,67.33],[-85.62,68.74],[-84.7,68.73],[-85.19,68.86],[-84.51,69.01],[-85.39,69.21],[-85.26,69.78],[-85.55,69.86],[-82.21,69.64],[-82.76,69.58],[-82.44,69.49],[-83.26,69.55],[-82.62,69.47],[-82.26,69.21],[-81.67,69.27],[-81.24,69.09],[-82.31,68.93],[-82.18,68.74],[-82.71,68.7],[-82.57,68.54],[-82.18,68.56],[-81.79,68.91],[-81.2,68.76],[-81.94,68.41],[-82,68.54],[-82.63,68.5],[-82,68.34],[-82.49,68.31],[-82.25,68.12],[-81.98,68.21],[-82.08,67.91],[-81.19,67.45],[-81.46,67],[-82.11,66.95],[-82.12,66.71],[-82.42,66.74],[-82.58,66.56],[-83.55,66.34],[-83.99,66.63],[-83.9,66.91],[-84.22,66.71],[-84.61,66.99],[-84.32,66.96],[-84.87,67.05],[-84.6,66.97],[-85.2,66.87],[-84.56,66.93],[-83.67,66.18],[-84.48,66.41],[-84.34,66.15],[-85.21,66.26],[-85.43,66.6],[-86.74,66.54],[-86.62,66.32],[-85.86,66.16],[-87.34,65.32],[-88.02,65.34],[-88.84,65.65],[-88.39,65.63],[-89.82,65.99],[-89.71,65.83],[-90.46,65.88],[-89.68,65.72],[-89.05,65.33],[-87.01,65.24],[-86.97,65.05],[-88.11,64.14],[-88.62,64.12],[-88.34,64.09],[-88.76,63.96],[-89.22,64.11],[-89.22,63.95],[-89.46,64.11],[-89.51,63.97],[-89.71,64.03],[-89.74,64.26],[-89.79,64.14],[-90,64.21],[-89.82,63.92],[-90.24,64.01],[-89.96,63.79],[-90.27,63.75],[-90.22,63.6],[-90.75,63.61],[-90.64,63.49],[-91.68,63.79],[-92.14,63.73],[-93.34,63.97],[-93.81,64.22],[-93.53,63.98],[-94.1,64],[-92.24,63.74],[-92.47,63.51],[-91.73,63.71],[-91.38,63.47],[-90.67,63.34],[-90.75,62.93],[-91.35,62.79],[-92.42,62.82],[-91.83,62.61],[-92.65,62.63],[-92.7,62.49],[-92.28,62.42],[-92.81,62.41],[-92.64,62.27],[-93.08,62.33],[-92.92,62.25],[-93.28,62.18],[-92.96,62.1],[-93.1,61.98],[-93.64,61.96],[-93.59,61.81],[-93.21,61.77],[-93.67,61.75],[-93.29,61.73],[-94.06,61.4],[-93.81,61.34],[-94.13,61.32],[-94.53,60.54],[-94.82,60.54],[-94.61,60.38],[-94.86,59.05],[-94.43,58.7],[-94.22,58.79],[-94.26,58.39],[-94.21,58.79],[-93.17,58.73],[-92.42,57.33],[-92.71,56.95],[-93.12,56.92],[-90.63,57.24],[-88.86,56.86],[-87.97,56.47],[-87.67,55.97],[-85.9,55.66],[-85.19,55.26],[-82.71,55.21],[-82.32,55.06],[-82.19,54.81],[-82.46,54.2],[-82.11,53.81],[-82.1,53.29],[-82.35,52.94],[-81.53,52.44],[-81.44,52.23],[-81.71,52.23],[-80.99,52.01],[-80.39,51.34],[-79.78,51.13],[-79.71,51.25],[-79.44,51.21],[-79.74,51.33],[-79.36,51.66],[-78.98,51.46],[-78.85,51.15],[-78.87,51.35],[-78.73,51.32],[-78.83,51.57],[-78.64,51.55],[-79.04,51.76],[-78.63,51.98],[-78.56,52.23],[-78.17,52.23],[-78.58,52.25],[-78.51,52.47],[-78.87,52.74],[-78.7,52.88],[-78.99,53.01],[-78.9,53.4],[-79.14,53.49],[-78.89,53.56],[-79.16,53.71],[-78.88,53.81],[-79.15,53.95],[-78.97,53.99],[-79.18,54.08],[-79.06,54.16],[-79.39,54.18],[-79.51,54.36],[-79.03,54.37],[-79.29,54.43],[-79.01,54.49],[-79.5,54.41],[-79.54,54.62],[-79.76,54.63],[-77.62,55.28],[-77.79,55.27],[-76.7,55.98],[-76.66,56.17],[-75.9,56.13],[-76.34,56.35],[-76.12,56.41],[-76.36,56.55],[-76.48,56.16],[-76.67,56.19],[-76.55,57.1],[-77.2,58],[-76.99,58.02],[-78.6,58.68],[-78.6,58.8],[-78.35,58.69],[-78.54,58.78],[-78.54,58.95],[-78.51,58.84],[-78.29,58.93],[-78.25,59.11],[-78.08,59.09],[-78.13,59.21],[-77.89,59.16],[-78.02,59.25],[-77.64,59.37],[-77.93,59.39],[-77.89,59.51],[-77.32,59.45],[-77.81,59.71],[-77.06,59.56],[-77.57,59.69],[-77.19,60],[-77.64,60.06],[-77.44,60.12],[-77.78,60.39],[-77.58,60.54],[-77.26,60.5],[-77.84,60.64],[-77.49,60.85],[-78.23,60.78],[-77.71,61.19],[-77.59,61.61],[-78,61.71],[-78.19,62.26],[-77.51,62.58],[-75.56,62.27],[-75.89,62.16],[-75.34,62.32],[-74.53,62.09],[-74.71,62.25],[-73.71,62.48],[-72.61,62.11],[-72.79,61.83],[-72.59,61.78],[-72.58,61.95],[-71.98,61.66],[-72.27,61.56],[-71.96,61.59],[-71.94,61.71],[-71.55,61.62],[-71.87,61.43],[-71.57,61.4],[-71.92,61.4],[-71.58,61.16],[-70.73,61.01],[-70.13,61.09],[-69.9,60.8],[-69.5,61.07],[-69.36,60.81],[-69.81,60.52],[-69.64,60.06],[-71.22,60.05],[-69.54,59.87],[-69.81,59.3],[-69.24,59.33],[-69.53,59.16],[-69.45,58.89],[-69.65,58.79],[-69.84,59.06],[-69.79,58.83],[-70.29,58.76],[-69.91,58.79],[-69.81,58.58],[-69.25,58.9],[-68.35,58.78],[-68.33,58.12],[-69.03,57.9],[-68.39,58.03],[-68.01,58.58],[-67.85,58.31],[-68.11,58.08],[-67.74,58.47],[-67.7,57.92],[-67.58,58.23],[-67.18,58.4],[-67.06,58.27],[-66.94,58.51],[-66.62,58.47],[-66.38,58.86],[-65.93,58.62],[-65.96,58.4],[-65.83,58.6],[-66.1,58.79],[-65.76,58.85],[-66,58.91],[-65.87,59.02],[-65.66,58.93],[-65.69,59.06],[-65.37,58.91],[-65.59,59.06],[-65.31,59.05],[-65.75,59.18],[-65.72,59.29],[-65.47,59.14],[-65.63,59.41],[-65.31,59.24],[-65.51,59.48],[-64.91,59.37],[-65.39,59.5],[-65.54,59.75],[-65.14,59.97],[-65,59.9],[-65.14,60.07],[-64.92,59.93],[-64.85,60.37],[-64.42,60.27],[-64.82,60.24],[-64.39,60.23],[-64.7,60.02],[-64.36,60.13],[-64.48,59.89],[-64.17,60.04],[-64.3,59.95],[-64.13,59.9],[-64.17,59.78],[-63.94,59.76],[-64.2,59.77],[-63.93,59.69],[-64.13,59.52],[-64,59.63],[-63.86,59.58],[-63.98,59.5],[-63.72,59.51],[-64.07,59.39],[-63.7,59.37],[-64.01,59.23],[-63.64,59.36],[-63.64,59.21],[-63.36,59.2],[-64.07,59.02],[-63.14,59.05],[-63.34,58.86],[-63.18,58.76],[-63.02,58.9],[-63.09,58.66],[-62.85,58.7],[-63.16,58.51],[-63.47,58.55],[-63.61,58.29],[-63.28,58.47],[-63.17,58.36],[-62.56,58.48],[-62.96,58.19],[-62.59,58.2],[-63.41,57.97],[-62.45,58.17],[-62.55,58.05],[-62.32,58.02],[-62.67,57.92],[-61.94,57.91],[-61.94,57.78],[-62.17,57.83],[-61.89,57.63],[-62.54,57.48],[-61.9,57.41],[-61.79,57.24],[-62.05,57.2],[-61.36,57.1],[-61.36,56.95],[-61.93,56.81],[-61.67,56.62],[-62.52,56.79],[-62.09,56.84],[-62.61,56.8],[-61.64,56.53],[-62.23,56.46],[-61.58,56.28],[-62.05,56.22],[-61.33,56.23],[-61.51,56.07],[-61.25,56.06],[-61.54,56.01],[-61.07,55.93],[-61.53,55.88],[-60.73,55.84],[-60.91,55.72],[-60.6,55.81],[-60.68,55.54],[-60.33,55.78],[-60.61,55.51],[-60.45,55.63],[-60.52,55.34],[-60.34,55.49],[-60.2,55.42],[-61,55.04],[-60.69,54.98],[-60.03,55.27],[-60.38,54.95],[-59.78,55.33],[-59.96,55.09],[-59.42,55.16],[-59.93,54.74],[-59.15,55.23],[-59.37,54.95],[-59.03,55.15],[-58.95,54.83],[-58.4,54.73],[-57.94,54.93],[-58,54.79],[-57.84,54.81],[-58.2,54.75],[-57.33,54.58],[-57.75,54.48],[-57.41,54.46],[-57.6,54.38],[-59.5,54.03],[-58.38,54.23],[-58.62,54.04],[-60.12,53.77],[-60.03,53.44],[-60.4,53.34],[-59.11,53.67],[-58.85,53.95],[-57.79,54.06],[-58.36,54.2],[-57.47,54.2],[-57.07,53.81],[-57.53,53.58],[-57.32,53.59],[-57.37,53.43],[-57.02,53.71],[-56.48,53.79],[-56.73,53.68],[-56.26,53.6],[-56.49,53.51],[-55.96,53.54],[-56.29,53.56],[-55.74,53.25],[-55.89,53.02],[-56.2,53.05],[-55.86,52.99],[-55.81,52.83],[-56.21,52.84],[-55.74,52.66],[-56.29,52.72],[-55.84,52.58],[-56.54,52.6],[-55.63,52.44],[-55.81,52.34],[-56.24,52.45],[-55.71,52.29],[-55.71,52.08],[-56.79,51.52],[-56.87,51.6],[-56.96,51.42],[-57.44,51.54],[-57.7,51.42],[-57.59,51.68],[-58.07,51.29],[-58.07,51.5],[-58.17,51.28],[-58.27,51.39],[-58.29,51.26],[-58.63,51.27],[-58.91,50.95],[-59.04,51.01],[-59.01,50.74],[-59.26,50.76],[-60.04,50.22],[-60.29,50.22],[-60.27,50.35],[-60.32,50.22],[-60.85,50.29],[-61.7,50.13],[-63.76,50.33],[-66.45,50.27],[-66.45,50.13],[-66.71,50.13],[-67.15,49.81],[-67.37,49.32],[-68.33,49.19],[-68.19,49.1],[-69.05,48.79],[-69.69,48.14],[-71.25,48.45],[-69.71,48.1],[-70.72,47.11],[-72.99,46.2],[-73.21,45.98],[-71.87,46.66],[-70.49,47.01],[-69.43,48],[-68.17,48.64],[-66.65,49.11],[-65.37,49.25],[-64.24,48.9],[-64.16,48.75],[-64.57,48.84],[-64.17,48.63],[-64.32,48.42],[-65.33,48],[-65.91,48.21],[-66.95,47.95],[-66.36,48.07],[-65.76,47.86],[-65.65,47.6],[-65.19,47.82],[-64.8,47.8],[-64.96,47.29],[-65.37,47.07],[-64.84,47.08],[-65,46.8],[-64.87,46.64],[-64.72,46.69],[-64.61,46.26],[-63.81,46.1],[-64.1,46.02],[-63.25,45.8],[-63.4,45.76],[-63.28,45.7],[-62.77,45.77],[-62.75,45.6],[-62.62,45.69],[-62.5,45.58],[-61.94,45.89],[-61.87,45.68],[-61.49,45.69],[-61.25,45.52],[-61.5,45.35],[-60.96,45.32],[-61.82,45.25],[-61.65,45.09],[-62,45.14],[-61.98,44.98],[-62.56,44.94],[-62.54,44.79],[-62.88,44.82],[-62.84,44.7],[-63.14,44.79],[-63.09,44.69],[-63.15,44.78],[-63.45,44.59],[-63.66,44.73],[-63.52,44.5],[-63.65,44.43],[-63.94,44.51],[-63.89,44.69],[-64.07,44.47],[-64.3,44.57],[-64.26,44.27],[-64.55,44.41],[-64.35,44.28],[-65.15,43.68],[-65.27,43.95],[-65.35,43.54],[-65.5,43.69],[-65.47,43.5],[-66.17,43.86],[-66.13,44.33],[-65.86,44.59],[-66.2,44.41],[-64.42,45.32],[-64.44,45.08],[-64.29,45.14],[-64.16,44.98],[-64.01,45.06],[-64.17,45.19],[-63.36,45.37],[-64.94,45.33],[-64.34,45.83],[-64.28,45.74],[-64.34,45.88],[-64.55,45.73],[-64.53,45.94],[-64.7,46.01],[-64.57,45.83],[-64.77,45.61],[-65.89,45.2],[-66.89,45.04],[-66.97,45.19],[-67.05,45.07],[-67.28,45.19]]],[[[-83.91,46.06],[-84.11,46.32],[-83.93,46.32],[-83.91,46.06]]],[[[-82.86,66.26],[-83.05,66.2],[-83.25,66.36],[-82.86,66.26]]],[[[-85.15,65.95],[-84.92,66.02],[-84.73,65.87],[-84.71,65.54],[-85.15,65.95]]],[[[-84.17,65.95],[-84.44,66.14],[-83.22,65.65],[-83.83,65.65],[-83.66,65.75],[-84.12,65.76],[-84.17,65.95]]],[[[-86.74,68.26],[-86.41,68.2],[-86.57,67.72],[-86.96,67.9],[-86.74,68.26]]],[[[-100.29,68.76],[-100.6,68.77],[-100.52,69.05],[-100.12,68.91],[-100.29,68.76]]],[[[-101.68,68.75],[-101.81,68.56],[-102.33,68.7],[-101.97,68.83],[-101.68,68.75]]],[[[-98.65,69.29],[-98.35,69.31],[-98.53,69.59],[-97.98,69.44],[-98.34,69.61],[-97.92,69.9],[-97.38,69.58],[-97.26,69.71],[-96.26,69.35],[-96.14,69.02],[-96.01,69.24],[-95.83,68.88],[-95.16,68.87],[-96.26,68.47],[-97.44,68.55],[-98.25,68.84],[-98.71,68.8],[-98.85,68.95],[-99.42,68.9],[-99.47,69.12],[-98.65,69.29]]],[[[-104.67,68.58],[-104.56,68.4],[-105.08,68.55],[-104.67,68.58]]],[[[-85.87,79.06],[-85.17,79.01],[-86.48,78.9],[-85.87,79.06]]],[[[-89.78,76.78],[-89.97,76.47],[-90.6,76.74],[-89.78,76.78]]],[[[-84.39,82],[-86.85,82.2],[-85.31,82.28],[-85.74,82.46],[-84.36,82.35],[-83.14,82.05],[-81.29,81.89],[-82.61,82.28],[-79.44,81.88],[-82.68,82.39],[-81.32,82.48],[-82.14,82.67],[-80.26,82.46],[-81.42,82.82],[-79.56,82.58],[-79.88,82.71],[-78.32,82.67],[-80.34,82.87],[-79.06,82.92],[-77.12,82.86],[-76.19,82.5],[-75.23,82.63],[-77.46,83.05],[-74.04,83.14],[-73.83,82.83],[-72.57,82.59],[-73.81,83.03],[-71.55,83.1],[-70.93,82.87],[-71.06,83.09],[-69.69,83.11],[-68.77,82.92],[-66.32,82.93],[-69.66,82.52],[-65.73,82.85],[-65.1,82.72],[-64.88,82.91],[-64.86,82.68],[-63.57,82.83],[-63.63,82.43],[-61.67,82.49],[-61.16,82.23],[-64.36,81.71],[-68.23,81.56],[-69.26,81.72],[-68.52,81.51],[-66.6,81.52],[-70.01,81.08],[-64.52,81.55],[-64.67,81.39],[-67.79,80.94],[-69.53,80.37],[-70.22,80.34],[-70.65,80.55],[-72.04,80.64],[-70.78,80.55],[-69.89,80.25],[-71.6,80.11],[-72.38,80.21],[-72.22,80.06],[-70.46,80.1],[-71.45,79.72],[-72.67,79.67],[-72.85,79.82],[-74.39,79.89],[-75.2,79.81],[-73.3,79.78],[-73.18,79.52],[-74.93,79.51],[-75.15,79.37],[-77.11,79.57],[-75.87,79.34],[-77.09,79.47],[-77.14,79.32],[-78.05,79.35],[-74.47,79.23],[-74.41,79.04],[-76.13,79.2],[-78.46,79.15],[-76.07,79.08],[-78.8,79.07],[-77.66,79.02],[-78.16,78.77],[-76.68,79.03],[-75.7,78.97],[-76.43,78.84],[-74.72,78.82],[-74.57,78.59],[-76.62,78.53],[-75,78.33],[-76.94,78.22],[-75.56,78.13],[-75.86,77.96],[-78.34,77.97],[-77.7,77.61],[-79.17,77.29],[-80.86,77.35],[-81.88,77.72],[-81.79,77.44],[-81.14,77.34],[-82.2,77.3],[-81.79,77.16],[-81.07,77.29],[-80.06,77.2],[-80.34,77.07],[-79.28,77.22],[-79.4,76.92],[-78.73,76.81],[-78.09,77.02],[-77.74,76.81],[-78.39,76.46],[-79.04,76.57],[-79.45,76.31],[-81.04,76.13],[-80.79,76.43],[-82.09,76.52],[-81.77,76.69],[-82.29,76.64],[-82.73,76.83],[-82.19,76.41],[-83.04,76.44],[-83.39,76.76],[-83.2,76.41],[-84.28,76.66],[-84.14,76.48],[-84.63,76.43],[-85.22,76.64],[-84.38,76.31],[-84.92,76.28],[-86.39,76.39],[-86.6,76.64],[-86.67,76.34],[-87.51,76.63],[-87.4,76.35],[-88.38,76.39],[-88.45,76.84],[-88.59,76.4],[-88.68,76.6],[-88.9,76.41],[-89.66,76.57],[-88.54,77.1],[-86.59,77.19],[-87.23,77.2],[-86.78,77.36],[-87.72,77.36],[-88.22,77.85],[-86.41,77.84],[-85.81,77.42],[-84.44,77.29],[-84.55,77.4],[-83.46,77.35],[-83.83,77.46],[-82.31,78.04],[-83.9,77.49],[-84.85,77.54],[-84.42,77.75],[-84.92,77.6],[-85.28,77.67],[-85.29,77.87],[-84.46,77.91],[-85.68,77.93],[-84.21,78.04],[-84.97,78.18],[-83.99,78.17],[-84.95,78.22],[-84.61,78.6],[-85.44,78.1],[-86.26,78.08],[-85.79,78.39],[-86.69,78.12],[-87.52,78.13],[-86.63,78.8],[-85.07,78.92],[-82.35,78.57],[-82.19,78.73],[-83.24,78.85],[-81.62,78.89],[-81.53,79.06],[-82.53,78.89],[-84.69,79.02],[-84.5,79.15],[-83.33,79.06],[-84.33,79.19],[-85.14,79.65],[-86.45,79.78],[-86.39,79.97],[-85.23,79.93],[-86.49,80.02],[-86.49,80.3],[-83.85,80.26],[-81.72,79.59],[-80.59,79.56],[-79.74,79.7],[-81.52,79.72],[-81.43,79.95],[-83.2,80.33],[-78.08,80.56],[-79.99,80.62],[-76.46,80.86],[-78.97,80.88],[-76.85,81.45],[-78.61,81.12],[-79.45,81.19],[-79.47,80.85],[-81.59,80.6],[-83.17,80.56],[-81.92,80.84],[-83.33,80.68],[-83.22,80.84],[-83.91,80.53],[-86.71,80.6],[-85.68,80.97],[-82.33,81.18],[-85.67,81.05],[-87.2,80.63],[-89.4,80.92],[-85.76,81.07],[-84.88,81.3],[-89.7,81.01],[-90.25,81.2],[-89.04,81.25],[-89.91,81.34],[-87.86,81.54],[-90.37,81.36],[-90.8,81.45],[-89.51,81.62],[-90.22,81.7],[-91.4,81.51],[-91.88,81.66],[-89.8,81.91],[-89.23,81.78],[-89.25,81.94],[-89.06,81.76],[-88.01,82.1],[-86.79,81.87],[-86.26,82.05],[-84.9,81.79],[-85.7,82],[-84,81.84],[-84.39,82]]],[[[-90.98,77.63],[-89.73,77.47],[-90.12,77.2],[-91.21,77.39],[-90.98,77.63]]],[[[-87.18,70.02],[-87.07,70.16],[-86.45,70.01],[-87.18,70.02]]],[[[-90.48,69.36],[-90.2,69.45],[-90.27,69.25],[-90.48,69.36]]],[[[-94.81,75.86],[-94.5,75.99],[-94.29,75.76],[-94.81,75.86]]],[[[-96.26,77.69],[-95.48,77.82],[-93.08,77.67],[-93.9,77.44],[-95.83,77.47],[-96.26,77.69]]],[[[-94.09,72.04],[-95.21,72],[-94.73,72.16],[-95.16,72.13],[-95.85,73.11],[-95.48,73.13],[-95.64,73.74],[-94.75,73.66],[-95.3,73.99],[-93.47,74.18],[-92.6,74.12],[-92.34,73.94],[-90.29,73.93],[-92.08,72.75],[-94.29,72.78],[-93.75,72.75],[-93.44,72.46],[-94.09,72.04]]],[[[-95.61,69.61],[-95.49,69.32],[-95.68,69.58],[-95.98,69.37],[-95.9,69.6],[-95.61,69.61]]],[[[-90.08,78.57],[-89.47,78.15],[-90.23,78.34],[-90.75,78.32],[-90.33,78.14],[-92.12,78.22],[-92.98,78.48],[-91.89,78.57],[-93.29,78.58],[-93.82,78.77],[-93.03,78.76],[-94.3,78.99],[-93.38,79.16],[-90.34,79.25],[-92.26,79.21],[-92.57,79.3],[-91.12,79.39],[-92.11,79.34],[-93.09,79.49],[-93.86,79.27],[-94.38,79.43],[-95.12,79.27],[-95.73,79.54],[-94.26,79.76],[-95.72,79.64],[-96.64,79.88],[-96.68,80.15],[-94.33,79.98],[-94.79,80.09],[-94.07,80.18],[-95.33,80.12],[-95.21,80.24],[-96.62,80.33],[-95.22,80.38],[-95.96,80.58],[-93.78,80.52],[-95.49,80.81],[-94.88,81.06],[-94.35,80.96],[-94.27,81.11],[-92.99,81.1],[-94.35,81.25],[-94.08,81.37],[-92.06,81.23],[-90.75,80.56],[-89.22,80.53],[-88.33,80.08],[-88.61,80.38],[-87.61,80.41],[-87.55,80.18],[-88.25,80.15],[-87.25,80.08],[-87.48,79.84],[-86.94,79.92],[-87.4,79.52],[-86.31,79.65],[-86.04,79.44],[-85.7,79.62],[-84.88,79.28],[-86.7,78.96],[-86.99,79.06],[-87.62,78.64],[-87.73,79.09],[-88.14,79],[-87.87,78.56],[-88.2,78.45],[-88.8,78.61],[-88.82,78.15],[-90.08,78.57]]],[[[-96.11,75.61],[-96.84,75.36],[-97,75.51],[-96.11,75.61]]],[[[-93.49,75.11],[-93.72,74.64],[-95.06,74.68],[-96.08,75.03],[-96.23,74.91],[-96.63,74.99],[-95.77,75.52],[-94.91,75.64],[-93.64,75.36],[-93.49,75.11]]],[[[-81.06,75.64],[-80.24,75.63],[-79.93,75.54],[-80.44,75.46],[-79.48,75.38],[-80.43,75.01],[-79.59,75.02],[-79.34,74.89],[-79.97,74.81],[-80.37,74.93],[-80.3,74.58],[-82.79,74.53],[-83.51,74.9],[-83.45,74.59],[-84.26,74.5],[-84.91,74.5],[-85.01,74.7],[-85.23,74.49],[-85.56,74.69],[-85.61,74.49],[-86.13,74.48],[-86.18,74.61],[-86.46,74.48],[-86.79,74.62],[-86.62,74.47],[-88.54,74.5],[-88.55,74.91],[-89.5,74.55],[-91.03,74.71],[-90.74,74.89],[-91.3,74.63],[-92.08,74.8],[-92.26,75.07],[-91.82,75.12],[-92.5,75.22],[-92,75.66],[-93.08,76.36],[-95.4,76.23],[-94.83,76.33],[-96.02,76.44],[-95.6,76.61],[-96.93,76.71],[-96.88,76.82],[-96.3,76.76],[-96.86,76.97],[-95.69,77.07],[-93.72,76.93],[-93.17,76.74],[-93.58,76.41],[-93.12,76.62],[-90.97,76.65],[-90.47,76.47],[-91.47,76.45],[-89.19,76.25],[-90.46,76.18],[-90.11,76.13],[-91.62,76.27],[-90.19,76.06],[-91.16,76.02],[-91.2,75.82],[-90.8,76],[-90.55,75.9],[-89.93,76.01],[-89.79,75.79],[-89.16,75.77],[-89.75,75.58],[-88.93,75.43],[-88.76,75.68],[-88.22,75.47],[-87.73,75.58],[-87.58,75.44],[-87.28,75.62],[-86.35,75.42],[-86.63,75.36],[-85.54,75.4],[-86.16,75.51],[-84.51,75.62],[-84,75.82],[-81.59,75.81],[-81.06,75.64]]],[[[-98.11,78.58],[-98.4,78.77],[-97.7,78.81],[-95.08,78.44],[-95.11,77.95],[-97.13,77.8],[-97.8,78.04],[-96.84,78.11],[-97.96,78.22],[-98.11,78.58]]],[[[-99.3,79.76],[-100.16,79.9],[-99.64,80.15],[-98.7,79.97],[-98.83,79.67],[-99.3,79.76]]],[[[-99.01,73.96],[-97.63,74.09],[-98.76,73.81],[-99.38,73.88],[-99.01,73.96]]],[[[-102.26,77.73],[-102.09,77.91],[-100.89,77.74],[-102.26,77.73]]],[[[-101.24,78.97],[-101.2,78.8],[-100.36,78.84],[-99.48,78.59],[-99.79,78.3],[-98.91,78.06],[-99.87,77.78],[-101.03,78.2],[-102.57,78.24],[-102.78,78.4],[-104.04,78.24],[-104.7,78.33],[-104.89,78.56],[-103.54,78.5],[-103.39,78.62],[-104.01,78.63],[-103.3,78.74],[-104.21,78.78],[-104.12,78.98],[-104.98,78.8],[-104.68,79.03],[-105.6,79.03],[-105.55,79.33],[-103.11,79.29],[-102.57,78.87],[-101.96,79.09],[-101.24,78.97]]],[[[-105.6,77.73],[-104.44,77.32],[-104.63,77.11],[-105.43,77.21],[-106.12,77.73],[-105.6,77.73]]],[[[-111.84,78.56],[-110.4,78.77],[-109.32,78.55],[-109.38,78.32],[-113.19,78.27],[-113.22,78.41],[-111.84,78.56]]],[[[-110.23,77.52],[-112.43,77.37],[-113.2,77.53],[-113.22,77.92],[-109.65,78.1],[-109.72,77.95],[-110.92,77.86],[-110.05,77.77],[-110.23,77.52]]],[[[-114.04,76.7],[-114.84,76.76],[-113.46,76.83],[-114.04,76.7]]],[[[-98,75.12],[-98.65,74.99],[-99.39,75],[-99.29,75.13],[-99.55,74.97],[-100.37,75.03],[-100.54,75.2],[-99.86,75.24],[-100.72,75.43],[-98.91,75.71],[-102.66,75.5],[-102.86,75.64],[-102.04,75.7],[-102.29,75.86],[-101.84,75.91],[-101.3,75.75],[-100.9,75.82],[-101.36,75.78],[-101.25,76.01],[-101.83,76.02],[-101.35,76.25],[-102.17,76.24],[-101.9,76.45],[-99.91,75.88],[-99.43,75.96],[-100.24,76.13],[-99.41,76.16],[-100.43,76.22],[-99.91,76.33],[-100.99,76.5],[-99.65,76.63],[-99.07,76.39],[-98.5,76.69],[-97.67,76.49],[-97.54,75.87],[-98,75.73],[-97.37,75.69],[-97.26,75.4],[-97.97,75.57],[-98.17,75.33],[-97.56,75.14],[-98.07,75.23],[-98,75.12]]],[[[-102.49,75.81],[-103.38,75.77],[-102.14,76],[-102.49,75.81]]],[[[-102.52,76.16],[-103.92,76.04],[-104.48,76.16],[-102.9,76.32],[-102.52,76.16]]],[[[-104.65,76.59],[-104,76.67],[-103.03,76.41],[-104.33,76.33],[-104.65,76.59]]],[[[-103.77,75.31],[-103.85,75.06],[-104.91,75.12],[-104.5,75.42],[-103.77,75.31]]],[[[-96.65,73.14],[-96.93,72.93],[-97.09,73.12],[-96.65,73.14]]],[[[-100.66,70.59],[-100.61,70.7],[-100.23,70.47],[-100.66,70.59]]],[[[-99.19,73.7],[-97.77,73.92],[-97.18,73.85],[-96.96,73.64],[-97.72,73.54],[-97.16,73.36],[-98.47,73.02],[-98.47,72.84],[-98.07,73.03],[-97.46,73.01],[-97.21,72.6],[-96.53,72.76],[-96.27,72.42],[-96.85,72.32],[-96.5,72.24],[-96.86,72.04],[-96.46,72.04],[-96.53,71.84],[-97.48,71.62],[-98.17,71.65],[-98.24,71.94],[-98.49,71.72],[-98.04,71.53],[-98.69,71.28],[-99.22,71.35],[-100.61,72.19],[-101.2,72.35],[-101.78,72.3],[-102.75,72.77],[-102.13,73.09],[-101.33,72.72],[-100.46,72.71],[-100.46,73.02],[-100.31,72.87],[-100.01,72.94],[-100.52,73.23],[-99.74,73.23],[-100.38,73.4],[-100.96,73.28],[-101.62,73.5],[-100.9,73.61],[-100.42,73.41],[-101.13,73.74],[-100.54,73.87],[-100.04,73.77],[-100.09,73.95],[-99.19,73.7]]],[[[-105.9,73.14],[-107.01,73.49],[-106.49,73.72],[-105.1,73.75],[-104.45,73.55],[-105.24,72.85],[-105.9,73.14]]],[[[-101.23,69.44],[-101.26,69.6],[-100.93,69.48],[-101.23,69.44]]],[[[-96.69,69.58],[-96.15,69.59],[-96.11,69.35],[-96.69,69.58]]],[[[-72.02,71.04],[-71.39,71.02],[-72.13,70.82],[-72.02,71.04]]],[[[-73.33,71.47],[-73.14,71.57],[-73.24,71.39],[-72.84,71.46],[-73.02,71.3],[-73.33,71.47]]],[[[-78.73,69.49],[-78.13,69.76],[-77.99,69.62],[-78.73,69.49]]],[[[-77.1,69.3],[-76.97,69.4],[-76.64,69.3],[-77.1,69.13],[-77.33,69.42],[-77.1,69.3]]],[[[-79.68,75.89],[-78.81,76.09],[-78.89,75.84],[-79.68,75.89]]],[[[-76.89,73.33],[-76.12,72.85],[-78.23,72.9],[-79.57,72.76],[-80.14,73.23],[-80.88,73.33],[-80.84,73.75],[-78.12,73.67],[-76.89,73.33]]],[[[-79.67,69.82],[-79.32,69.71],[-80.05,69.66],[-80.02,69.49],[-80.81,69.69],[-79.67,69.82]]],[[[-68.31,69.59],[-67.72,69.66],[-67.93,69.53],[-68.31,69.59]]],[[[-78.84,68.25],[-79.19,68.22],[-79.15,68.36],[-78.84,68.25]]],[[[-74.79,68.39],[-75.4,68.52],[-75.26,68.73],[-74.79,68.39]]],[[[-74.52,68.07],[-74.35,68.19],[-74.25,68.06],[-73.52,68.05],[-73.42,67.76],[-74.54,67.8],[-74.78,68.01],[-74.52,68.07]]],[[[-76.07,67.24],[-77.06,67.25],[-77.24,67.51],[-76.95,68.09],[-76.31,68.35],[-75.01,68.14],[-75.18,67.44],[-76.07,67.24]]],[[[-78.31,69.38],[-78.84,68.93],[-79.17,68.9],[-79.21,69.1],[-78.31,69.38]]],[[[-64.56,63.8],[-64.41,63.67],[-64.91,63.82],[-64.62,63.92],[-64.56,63.8]]],[[[-114.25,78.02],[-113.55,77.83],[-114.22,77.71],[-115.1,77.96],[-114.25,78.02]]],[[[-115.39,75.1],[-115.68,75.17],[-115.69,74.97],[-116.21,75.22],[-116.69,75.12],[-117.67,75.26],[-117.26,75.47],[-116.01,75.49],[-115.01,75.7],[-117.22,75.58],[-116.81,75.8],[-114.78,75.9],[-116.73,75.91],[-116.21,76.2],[-114.63,76.17],[-115.91,76.29],[-114.89,76.52],[-114.17,76.48],[-113.98,76.2],[-112.41,76.18],[-111.68,75.92],[-112.24,75.81],[-111.44,75.85],[-111.22,75.52],[-108.77,75.52],[-108.81,75.69],[-110.05,75.91],[-109.27,76.11],[-110.42,76.36],[-109.12,76.83],[-108.41,76.74],[-108.6,76.43],[-108.04,76.28],[-108.49,76.04],[-107.61,76],[-108,75.79],[-107.04,75.9],[-106.84,75.65],[-106.58,76.07],[-105.42,75.85],[-105.99,75.05],[-107.2,74.91],[-107.76,75.1],[-108.35,74.92],[-108.79,75.07],[-112.38,74.42],[-113.53,74.43],[-114.44,74.7],[-112.85,74.98],[-111.62,75],[-111.01,75.28],[-112.38,75.13],[-112.65,75.29],[-112.68,75.14],[-113.91,75.05],[-113.31,75.42],[-114.03,75.48],[-114.17,75.22],[-114.61,75.28],[-114.45,75.06],[-115.04,74.96],[-115.23,75.19],[-115.39,75.1]]],[[[-118.91,75.8],[-117.44,76.1],[-118.57,75.5],[-119.4,75.61],[-118.91,75.8]]],[[[-119.21,77.31],[-116.99,77.3],[-116.89,77.54],[-115.34,77.31],[-116.4,77.15],[-115.73,76.95],[-116.37,76.94],[-116.05,76.62],[-116.96,76.57],[-117.47,76.27],[-118.05,76.42],[-117.68,76.8],[-118.29,76.78],[-119.04,76.09],[-119.73,76.33],[-119.46,76.01],[-119.91,75.85],[-120.47,75.83],[-120.86,76.21],[-120.92,75.95],[-121.85,76.05],[-122.54,75.94],[-122.49,76.15],[-122.98,76.2],[-122.39,76.41],[-121.45,76.43],[-119.21,77.31]]],[[[-120,74.28],[-119.75,74.04],[-119.08,74.21],[-119.15,73.99],[-118.76,74.21],[-117.39,74.23],[-115.29,73.48],[-119.14,72.65],[-119.77,72.23],[-120.23,72.27],[-120.64,71.49],[-121.68,71.47],[-123.14,71.08],[-123.97,71.67],[-125.27,71.97],[-124.88,71.96],[-126.01,71.97],[-124.88,72.58],[-125.13,72.87],[-124.42,72.94],[-124.86,73.1],[-123.73,73.75],[-124.77,74.34],[-121.54,74.56],[-120,74.28]]],[[[-135.92,69.24],[-135.52,69.02],[-135.94,69.08],[-135.92,69.24]]],[[[-101.88,69.69],[-102.04,69.96],[-102.67,69.77],[-102.53,69.55],[-103.47,69.7],[-103.16,69.4],[-103,69.5],[-103.18,69.1],[-102.43,69.5],[-101.96,69.46],[-102.15,69.3],[-101.77,69.01],[-102.91,68.8],[-104.35,68.97],[-105.12,68.9],[-104.9,69.04],[-106.38,69.18],[-106.56,69.5],[-107.35,69.01],[-108.57,68.94],[-109.16,68.71],[-113.25,68.47],[-113.01,68.52],[-113.67,68.82],[-113.69,69.19],[-113.35,69.17],[-116.5,69.41],[-117.37,70.03],[-114.5,70.32],[-112.53,70.2],[-111.44,70.34],[-113.82,70.72],[-117.55,70.6],[-118.36,71.03],[-115.04,71.54],[-118.15,71.38],[-118.22,71.52],[-117.65,71.58],[-117.96,71.62],[-117.67,71.68],[-118.89,71.58],[-119.11,71.74],[-118.08,72.24],[-118.5,72.51],[-117.32,72.93],[-114.68,73.38],[-113.93,73.13],[-113.93,72.82],[-114.65,72.6],[-113.57,72.64],[-113.23,72.99],[-111.18,72.73],[-112.06,72.27],[-111.22,72.47],[-111,72.28],[-110.68,72.58],[-110.29,72.43],[-110.36,72.56],[-109.77,72.48],[-110.29,72.67],[-109.73,72.72],[-110.23,72.73],[-110.72,72.96],[-109.9,72.98],[-108.58,72.55],[-108.22,71.73],[-107.8,71.6],[-107.22,71.94],[-107.76,72.15],[-108.24,73.18],[-107.86,73.19],[-107.99,73.35],[-106.89,73.15],[-106.85,73.31],[-105.29,72.82],[-105.5,72.89],[-104.83,71.9],[-104.3,71.6],[-104.48,71.03],[-103.53,70.59],[-102.88,70.5],[-103.01,70.69],[-102.16,70.31],[-101.53,70.27],[-101.5,70.11],[-100.97,70.19],[-100.92,69.68],[-101.31,69.68],[-101.44,69.94],[-101.64,69.65],[-101.88,69.69]]],[[[-111.75,62.02],[-112.17,61.84],[-111.88,61.94],[-112,62.04],[-111.88,62.11],[-111.53,62.08],[-111.75,62.02]]],[[[-112.52,61.69],[-112.26,61.79],[-112.68,61.56],[-112.64,61.66],[-113.01,61.71],[-111.93,62.01],[-112.66,61.77],[-112.52,61.69]]],[[[-116.75,61.19],[-116.44,61.12],[-116.92,61.14],[-116.75,61.19]]],[[[-82.14,62.61],[-83.07,62.18],[-83.72,62.14],[-83.97,62.45],[-83.34,62.92],[-81.9,62.94],[-82.14,62.61]]],[[[-71.28,66.5],[-71.29,66.09],[-71.03,66.05],[-71.3,65.93],[-70.58,66.33],[-70.31,66.15],[-69.87,66.28],[-69.74,66.14],[-69.28,66.34],[-69.55,66.36],[-69.48,66.45],[-69.13,66.39],[-71.15,66.96],[-71.43,66.6],[-72.99,66.74],[-72.14,67.28],[-73,68.24],[-73.5,68.28],[-73.28,68.4],[-73.63,68.25],[-73.88,68.35],[-73.65,68.67],[-74.19,68.74],[-73.89,68.56],[-74.23,68.52],[-74.73,68.74],[-74.4,68.84],[-74.95,68.8],[-74.81,69.1],[-75.12,68.89],[-75.49,69.03],[-75.62,68.87],[-76.63,68.69],[-76.6,69.03],[-75.6,69.08],[-75.59,69.24],[-76.65,69.54],[-76.46,69.66],[-76.21,69.53],[-76.15,69.69],[-76.57,69.7],[-76.72,69.56],[-77.19,69.64],[-76.69,69.85],[-77.31,69.84],[-76.92,70.01],[-77.62,69.75],[-77.67,70.2],[-78.38,70.21],[-78.73,70.46],[-79.59,70.42],[-78.92,70.31],[-78.79,69.89],[-79.68,69.86],[-79.94,70.02],[-81.73,70.15],[-80.94,69.72],[-83.02,70.32],[-81.76,69.87],[-82.3,69.8],[-83.07,70.02],[-84.66,70.01],[-84.79,70.12],[-85.82,70.01],[-86.56,70.24],[-86.38,70.53],[-86.65,70.32],[-86.99,70.47],[-86.98,70.29],[-87.85,70.24],[-88.84,70.52],[-89.54,71.09],[-86.99,71],[-87.83,71.27],[-89.85,71.34],[-90.11,71.93],[-89.56,72.16],[-89.96,72.35],[-89.56,72.8],[-89.23,72.78],[-89.31,73.05],[-88.96,73.29],[-88.51,73.28],[-88.85,73.34],[-88.27,73.58],[-86.55,73.86],[-84.83,73.74],[-85.93,73.37],[-86.76,72.71],[-86.23,72.42],[-86.2,71.85],[-84.82,71.27],[-86.81,70.99],[-84.97,71.2],[-84.78,70.94],[-84.41,71.65],[-85.31,71.68],[-86.04,72.02],[-85.51,72.06],[-85.24,72.27],[-84.14,72.01],[-84.94,72.29],[-84.39,72.39],[-85.51,72.46],[-85.7,72.91],[-85.32,72.98],[-83.92,72.74],[-85.48,73.1],[-83.57,73.06],[-84.72,73.13],[-85.13,73.31],[-84.76,73.39],[-84.32,73.22],[-84.63,73.4],[-84.16,73.48],[-83.6,73.3],[-84.01,73.51],[-82.84,73.74],[-81.6,73.73],[-80.22,72.73],[-81.38,72.24],[-80.5,72.51],[-80.96,71.88],[-80.22,72.31],[-79.68,72.13],[-80.17,72.33],[-79.79,72.51],[-79.73,72.22],[-79.43,72.19],[-79.35,72.41],[-78.94,72.28],[-79.18,71.96],[-78.51,71.87],[-78.86,72.18],[-77.74,71.75],[-78.8,72.34],[-78.42,72.17],[-78.42,72.33],[-77.65,72.1],[-77,72.14],[-78.48,72.41],[-78.41,72.59],[-77.18,72.75],[-76.13,72.59],[-76.14,72.46],[-75.97,72.59],[-75.16,72.5],[-75.04,72.19],[-75.95,72.1],[-76.4,71.86],[-75.75,72.11],[-75.22,72.08],[-75.88,71.7],[-75.08,72.11],[-74.24,72.08],[-74.23,71.83],[-75.4,71.67],[-74.91,71.67],[-75.37,71.51],[-74.61,71.66],[-75.13,71.48],[-74.69,71.4],[-75.05,71.18],[-74.61,71.38],[-74.51,71.66],[-74.1,71.74],[-74.11,71.53],[-73.6,71.78],[-74.31,71.4],[-74.02,71.44],[-74.21,71.2],[-73.59,71.57],[-73.39,71.39],[-73.86,71.05],[-73.33,71.35],[-73.04,71.26],[-73.36,70.97],[-72.56,71.66],[-71.15,71.27],[-71.49,71.06],[-72.08,71.08],[-72.85,70.81],[-72.19,70.84],[-72.64,70.63],[-70.61,71.06],[-70.79,70.75],[-71.98,70.42],[-71.81,70.3],[-71.51,70.58],[-71.18,70.55],[-71.55,70.03],[-71.01,70.63],[-69.89,70.88],[-70.63,70.46],[-69.45,70.79],[-68.29,70.52],[-70.47,69.85],[-69.79,69.96],[-69.65,70.14],[-68.68,70.21],[-70.01,69.62],[-68.23,70.1],[-68.12,70.32],[-67.28,70.02],[-67.1,69.73],[-67.9,69.78],[-68.31,69.63],[-70.06,69.53],[-67.23,69.47],[-66.74,69.15],[-69.04,69.36],[-69.27,69.27],[-68.08,69.22],[-68.98,69.23],[-68.51,69.21],[-69.09,69.11],[-69.01,68.98],[-68.21,69.15],[-67.71,69.02],[-68.57,68.98],[-67.97,68.86],[-68.52,68.9],[-67.77,68.79],[-69.41,68.81],[-68.06,68.68],[-68.91,68.6],[-67.94,68.56],[-67.95,68.4],[-67.69,68.57],[-67.62,68.38],[-67.57,68.49],[-66.67,68.45],[-67.88,68.27],[-67.02,68.33],[-67.34,68.19],[-66.76,68.24],[-67.05,67.99],[-66.68,68.14],[-66.74,67.93],[-66.61,68.14],[-66.31,68.13],[-66.39,67.87],[-66.73,67.88],[-66.37,67.77],[-65.93,68.03],[-66.06,67.59],[-65.8,67.97],[-65.46,67.99],[-65.34,67.59],[-65.43,67.92],[-64.72,67.98],[-65.1,67.92],[-65.23,67.64],[-64.52,67.81],[-64.65,67.65],[-64.29,67.72],[-64.07,67.57],[-64.46,67.47],[-63.94,67.35],[-65,67.37],[-64.23,67.3],[-64.8,67.19],[-63.95,67.27],[-64.64,67.13],[-64.71,66.96],[-64.57,67.12],[-63.5,67.24],[-63.8,66.9],[-63.12,67.33],[-63.19,66.97],[-63.86,66.82],[-63.42,66.91],[-63.4,66.7],[-63.33,66.9],[-62.84,66.96],[-62.89,66.64],[-62.76,66.93],[-62.31,66.74],[-62.42,66.93],[-62.01,67.06],[-62.08,66.89],[-61.72,66.93],[-62.01,66.85],[-61.6,66.86],[-61.79,66.81],[-61.28,66.67],[-61.43,66.53],[-62.21,66.62],[-61.8,66.61],[-61.56,66.46],[-62.03,66.39],[-61.53,66.33],[-62.64,66.45],[-62.32,66.3],[-62.85,66.31],[-61.93,66.01],[-63.03,66.11],[-62.28,65.8],[-62.85,65.91],[-62.66,65.57],[-62.91,65.75],[-62.95,65.57],[-63.24,65.63],[-63.52,65.93],[-63.34,65.66],[-63.73,65.67],[-63.33,65.59],[-63.69,65.56],[-63.29,65.42],[-63.68,65.47],[-63.32,65.21],[-63.54,64.89],[-63.85,64.98],[-63.8,65.19],[-64.11,65.04],[-64.12,65.26],[-64.37,65.18],[-64.21,65.45],[-64.56,65.08],[-64.91,65.34],[-64.4,65.48],[-65.09,65.39],[-64.71,65.65],[-65.3,65.63],[-64.79,65.73],[-65.46,65.69],[-65.36,65.91],[-64.67,65.96],[-64.86,66.03],[-64.77,66.18],[-64.35,66.36],[-64.95,66.07],[-65.87,65.94],[-65.48,66.45],[-65.99,66.11],[-66.54,66.24],[-66.45,66.42],[-66.77,66.37],[-66.73,66.6],[-67.17,66.67],[-66.85,66.57],[-67.94,66.63],[-67.12,66.44],[-67.44,66.44],[-67.28,66.27],[-67.99,66.51],[-67.79,66.25],[-67.15,66.04],[-67.5,65.9],[-67.71,66.1],[-67.94,65.91],[-67.93,66.14],[-68.47,66.31],[-68.97,66.19],[-68.12,66.04],[-68.37,66.07],[-68.24,65.77],[-67.85,65.82],[-68.36,65.39],[-67.52,65.64],[-67.48,65.49],[-67.05,65.43],[-67.57,65.34],[-67.11,65.32],[-67.26,65.17],[-66.92,65.24],[-67.13,65.01],[-66.75,65.18],[-66.73,64.72],[-66.67,65.04],[-66.12,64.87],[-66.33,64.63],[-66.01,64.86],[-65.78,64.62],[-65.92,64.89],[-65.53,64.72],[-65.7,64.48],[-65.04,64.43],[-65.32,64.42],[-65.2,64.29],[-65.67,64.3],[-65.01,64.05],[-65.22,64.02],[-64.61,63.97],[-64.97,63.81],[-64.5,63.68],[-64.5,63.24],[-65.3,63.8],[-64.96,63.6],[-65.15,63.4],[-64.88,63.23],[-65.06,63.32],[-65.08,63.16],[-64.6,62.91],[-64.81,62.83],[-65.25,63],[-64.89,62.65],[-65.1,62.56],[-64.8,62.58],[-65.12,62.54],[-65.29,62.94],[-65.54,62.8],[-65.69,63.05],[-65.76,62.88],[-66.24,63.22],[-66.06,62.94],[-66.46,63.05],[-66.5,63.41],[-66.53,63],[-66.79,63.29],[-66.8,63.15],[-67.01,63.25],[-66.92,63.4],[-67.14,63.28],[-67.9,63.78],[-67.67,63.36],[-68.24,63.7],[-68.98,63.76],[-67.97,63.04],[-67.61,63.09],[-67.75,62.95],[-67.5,63.03],[-67.63,62.91],[-67.37,62.96],[-66.34,62.44],[-66.5,62.34],[-65.89,62.21],[-66.01,62.05],[-66.24,62.08],[-65.94,61.88],[-68.6,62.26],[-68.85,62.58],[-68.97,62.36],[-69.24,62.64],[-69.34,62.53],[-69.59,62.65],[-69.38,62.77],[-69.94,62.78],[-69.88,62.92],[-70.16,62.74],[-71,62.95],[-70.82,63.06],[-71.11,62.98],[-70.85,63.16],[-71.4,63.05],[-71.7,63.41],[-72.12,63.44],[-71.6,63.41],[-71.2,63.59],[-71.56,63.57],[-71.49,63.72],[-71.61,63.63],[-71.91,63.87],[-71.89,63.64],[-72.17,63.77],[-72.25,63.67],[-72.22,63.95],[-72.56,63.78],[-72.58,64.02],[-72.96,64.05],[-72.86,64.17],[-73.49,64.4],[-73.29,64.66],[-73.58,64.31],[-73.65,64.51],[-74.18,64.36],[-74.04,64.72],[-74.38,64.57],[-74.61,64.89],[-74.94,64.79],[-74.44,64.56],[-74.65,64.35],[-75.81,64.62],[-75.69,64.37],[-76.7,64.3],[-76.65,64.19],[-78.03,64.43],[-78.14,64.96],[-77.31,65.18],[-77.42,65.46],[-75.72,65.2],[-75.91,65.33],[-75.15,65.25],[-75.1,65.39],[-74.5,65.33],[-74.13,65.54],[-73.5,65.43],[-74.4,66.2],[-73.06,66.72],[-71.28,66.5]]],[[[-70.66,62.59],[-70.91,62.75],[-70.73,62.78],[-71.21,62.89],[-70.17,62.58],[-70.66,62.59]]],[[[-77.69,63.14],[-78.02,63.12],[-78.53,63.43],[-77.66,63.43],[-77.69,63.14]]],[[[-83.19,64.15],[-83.66,64.05],[-83.61,63.76],[-84.29,63.63],[-84.57,63.29],[-85.21,63.11],[-85.61,63.18],[-85.64,63.69],[-87.16,63.57],[-86.95,63.89],[-86.17,64.09],[-86.39,64.59],[-85.99,65.71],[-85.59,65.91],[-85.17,65.79],[-85.02,65.61],[-85.28,65.54],[-84.91,65.21],[-84.51,65.48],[-84.11,65.2],[-83.4,65.14],[-83.18,64.93],[-81.83,64.55],[-81.58,64.13],[-82,63.99],[-81.39,64.09],[-80.93,63.97],[-80.92,64.12],[-80.54,63.98],[-80.66,63.88],[-80.15,63.77],[-81.05,63.45],[-82.47,63.66],[-82.36,63.89],[-83.16,63.98],[-82.93,64.13],[-83.19,64.15]]],[[[-77.32,63.69],[-76.67,63.57],[-76.66,63.37],[-77.4,63.58],[-77.32,63.69]]],[[[-64.25,63.47],[-64.01,63.28],[-64.25,63.35],[-64.38,63.67],[-64.25,63.47]]],[[[-65.01,61.89],[-64.85,61.72],[-65.24,61.87],[-65.01,61.89]]],[[[-64.6,62.41],[-64.92,62.42],[-64.78,62.56],[-64.37,62.53],[-64.6,62.41]]],[[[-80.04,61.74],[-80.21,62.14],[-79.6,62.42],[-79.26,62.24],[-79.72,61.59],[-80.04,61.74]]],[[[-69.33,58.98],[-69.25,59.17],[-69.09,59.06],[-69.33,58.98]]],[[[-68.36,60.4],[-68.23,60.59],[-67.83,60.48],[-68.33,60.2],[-68.36,60.4]]],[[[-64.67,61.56],[-64.89,61.33],[-65.47,61.62],[-65.01,61.7],[-64.67,61.56]]],[[[-80,56.32],[-79.54,56.54],[-79.66,56.32],[-80.05,56.17],[-80,56.32]]],[[[-78.91,56.14],[-78.68,56.44],[-78.67,56.17],[-78.91,56.14]]],[[[-61.45,56.85],[-61.39,56.6],[-61.72,56.67],[-61.48,56.96],[-61.34,56.93],[-61.45,56.85]]],[[[-61.72,57.54],[-61.65,57.39],[-61.92,57.44],[-61.72,57.54]]],[[[-81.49,53.2],[-80.91,53.09],[-80.71,52.67],[-82.05,53.01],[-81.49,53.2]]],[[[-79.33,51.96],[-79.67,51.98],[-79.34,52.1],[-79.33,51.96]]],[[[-99.98,52.46],[-99.84,52.54],[-99.91,52.3],[-99.98,52.46]]],[[[-79.39,56.15],[-79.25,56.63],[-78.92,56.43],[-79.21,55.86],[-78.94,56.39],[-79.28,55.85],[-79.13,56.24],[-79.47,55.87],[-79.78,55.78],[-79.52,56.13],[-79.91,55.82],[-79.85,55.99],[-80.02,55.92],[-79.63,56.2],[-79.67,56.1],[-79.45,56.56],[-79.64,56.08],[-79.39,56.15]]],[[[-130.27,54.85],[-130.49,54.83],[-130.19,55.03],[-130.27,54.85]]],[[[-130.28,53.8],[-130.08,53.56],[-130.41,53.67],[-130.28,53.8]]],[[[-130.7,53.91],[-130.42,54.1],[-130.23,53.98],[-130.34,53.83],[-130.52,53.87],[-130.41,53.97],[-130.7,53.91]]],[[[-129.1,53.49],[-129.17,53.38],[-129.18,53.63],[-128.84,53.71],[-129.1,53.49]]],[[[-129.47,53.38],[-129.59,53.21],[-130.26,53.89],[-129.47,53.38]]],[[[-129.77,53.19],[-129.96,53.17],[-130.54,53.63],[-129.99,53.45],[-129.77,53.19]]],[[[-129.33,53.22],[-129.23,53.32],[-129.15,53.1],[-129.33,53.22]]],[[[-129.08,52.52],[-129.28,52.83],[-128.93,52.61],[-128.97,52.45],[-129.08,52.52]]],[[[-128.7,53.16],[-128.52,52.9],[-128.76,52.6],[-128.66,52.97],[-128.89,52.65],[-129.14,52.85],[-128.9,53.03],[-129.11,52.9],[-129.2,53],[-129.06,53.21],[-128.89,53.16],[-129.08,53.29],[-128.7,53.16]]],[[[-128.52,52.59],[-128.5,52.43],[-128.83,52.51],[-128.52,52.59]]],[[[-128.16,52.77],[-128.29,52.59],[-128.35,52.78],[-128.16,52.77]]],[[[-127.66,52.27],[-127.23,52.42],[-127.9,51.93],[-127.66,52.27]]],[[[-128.11,51.84],[-128.02,51.95],[-128.25,51.89],[-127.99,52.08],[-128.11,51.84]]],[[[-54.84,49.57],[-54.55,49.64],[-54.75,49.47],[-54.84,49.57]]],[[[-54.18,49.7],[-54,49.65],[-54.29,49.56],[-54.18,49.7]]],[[[-64.34,49.92],[-62.7,49.66],[-61.9,49.35],[-61.7,49.08],[-63.18,49.26],[-64.51,49.86],[-64.34,49.92]]],[[[-61.85,47.22],[-62.02,47.23],[-61.96,47.39],[-61.4,47.63],[-61.87,47.42],[-61.85,47.22]]],[[[-57.88,48.94],[-58.15,49.12],[-57.85,49.18],[-58.11,49.15],[-57.92,49.25],[-58.2,49.23],[-58.23,49.39],[-57.99,49.56],[-57.7,49.45],[-57.94,49.73],[-57.61,50.21],[-57.44,50.18],[-57.61,50.21],[-57.37,50.6],[-57.15,50.6],[-57.41,50.7],[-56.56,51.34],[-55.9,51.63],[-55.9,51.5],[-55.65,51.47],[-55.74,51.59],[-55.42,51.59],[-55.59,51.3],[-56.19,51.32],[-55.73,51.09],[-56.1,50.72],[-56.25,50.9],[-56.5,50.79],[-56.16,50.87],[-56.11,50.67],[-56.73,50.13],[-56.87,49.55],[-56.16,50.16],[-56.19,49.93],[-56.02,50.04],[-55.48,49.97],[-56.18,49.62],[-55.89,49.72],[-56,49.57],[-55.84,49.57],[-56.14,49.42],[-55.69,49.56],[-55.9,49.46],[-55.37,49.5],[-55.49,49.33],[-55.32,49.41],[-55.32,49.3],[-55.34,49.54],[-55.16,49.54],[-55.3,49.07],[-55.09,49.36],[-55.04,49.22],[-54.88,49.41],[-54.84,49.27],[-54.45,49.48],[-54.5,49.26],[-54.38,49.44],[-53.94,49.46],[-53.46,49.26],[-54.22,48.77],[-53.88,48.84],[-53.97,48.62],[-53.62,48.68],[-54.17,48.32],[-53.66,48.54],[-53.63,48.4],[-53.45,48.63],[-53.26,48.52],[-53.09,48.7],[-53.11,48.4],[-53.96,48.24],[-53.93,48.08],[-53.68,48.06],[-53.96,48.02],[-53.61,48.05],[-53.8,47.77],[-53.94,47.86],[-53.56,47.52],[-53.3,48.01],[-52.95,48.17],[-53.28,47.55],[-53.13,47.39],[-52.79,47.81],[-52.62,47.52],[-53.07,46.66],[-53.35,46.77],[-53.57,46.62],[-53.4,47.18],[-54.2,46.82],[-53.79,47.44],[-53.94,47.45],[-53.81,47.58],[-53.99,47.85],[-54.27,47.93],[-54.43,47.55],[-55.33,47.11],[-55.09,47.16],[-55.26,46.92],[-55.63,46.89],[-55.97,47],[-55.19,47.2],[-55.36,47.24],[-55.3,47.39],[-54.71,47.68],[-55.09,47.59],[-54.94,47.81],[-55.12,47.58],[-55.12,47.7],[-55.44,47.73],[-55.58,47.4],[-55.58,47.58],[-55.94,47.44],[-55.72,47.62],[-56.16,47.48],[-55.62,47.68],[-55.93,47.66],[-55.6,48],[-56.05,47.7],[-55.99,47.85],[-56.11,47.75],[-56.18,47.89],[-56.38,47.6],[-56.6,47.75],[-56.53,47.62],[-56.77,47.66],[-56.81,47.53],[-56.84,47.66],[-56.87,47.54],[-57.18,47.71],[-57.22,47.61],[-57.28,47.88],[-57.4,47.62],[-57.58,47.65],[-57.5,47.73],[-57.66,47.6],[-57.72,47.75],[-57.78,47.62],[-57.91,47.75],[-58.36,47.65],[-58.33,47.8],[-58.42,47.64],[-59.31,47.62],[-59.4,47.92],[-58.28,48.51],[-59.22,48.55],[-58.76,48.79],[-58.97,48.63],[-58.71,48.56],[-58.37,49.15],[-57.88,48.94]]],[[[-63.02,46.29],[-62.86,46.36],[-63.21,46.28],[-63.25,46.13],[-63.65,46.23],[-63.75,46.4],[-64.14,46.4],[-64.08,46.65],[-64.4,46.72],[-64,47.06],[-64.15,46.69],[-63.89,46.65],[-63.93,46.46],[-63.69,46.43],[-63.66,46.57],[-62.98,46.35],[-61.97,46.45],[-62.64,46.24],[-62.45,46.1],[-62.56,45.97],[-63.02,46.05],[-62.84,46.15],[-63.11,46.2],[-63.02,46.29]]],[[[-60.69,46.01],[-60.32,46.21],[-60.67,46.07],[-60.36,46.32],[-60.23,46.11],[-60.13,46.27],[-59.81,46.17],[-60,46.04],[-59.79,45.95],[-60.73,45.57],[-61.33,45.56],[-61.47,45.72],[-61.55,46.04],[-60.62,47.03],[-60.41,47.04],[-60.35,46.62],[-60.62,46.21],[-60.42,46.29],[-61.13,45.97],[-60.74,46.07],[-61.17,45.71],[-60.83,45.66],[-60.37,46.01],[-60.72,45.9],[-60.69,46.01]]],[[[-123.89,49.14],[-123.56,48.8],[-123.55,48.49],[-123.44,48.7],[-123.27,48.46],[-123.56,48.31],[-125.21,48.78],[-124.86,49],[-124.83,49.26],[-124.91,48.98],[-125.2,49.1],[-125.22,48.95],[-125.35,49.04],[-125.54,48.92],[-125.92,49.14],[-125.73,49.07],[-125.6,49.21],[-125.79,49.14],[-125.78,49.37],[-125.97,49.23],[-126.03,49.46],[-126.3,49.52],[-126.26,49.35],[-126.4,49.48],[-126.55,49.38],[-126.48,49.64],[-126.1,49.68],[-126.44,49.65],[-126.5,49.8],[-126.59,49.69],[-126.65,49.92],[-126.86,49.98],[-126.83,49.88],[-126.94,49.99],[-126.94,49.86],[-127.15,49.86],[-127.09,50.15],[-127.31,50.2],[-127.34,50.02],[-127.43,50.19],[-127.92,50.11],[-127.72,50.3],[-127.98,50.32],[-127.94,50.46],[-127.59,50.49],[-127.43,50.34],[-127.61,50.52],[-127.42,50.6],[-128.01,50.65],[-127.56,50.55],[-128.05,50.44],[-128.43,50.79],[-127.91,50.87],[-126.87,50.53],[-125.45,50.33],[-124.79,49.46],[-123.89,49.14]]],[[[-125.34,50.14],[-125.27,50.26],[-125.38,50.28],[-125.24,50.31],[-125.16,50],[-125.34,50.14]]],[[[-126.63,49.66],[-126.83,49.62],[-126.95,49.73],[-126.74,49.8],[-126.97,49.83],[-126.67,49.86],[-126.63,49.66]]],[[[-126.52,50.65],[-126.33,50.83],[-126.16,50.76],[-126.52,50.65]]],[[[-128.15,51.66],[-127.92,51.61],[-127.9,51.42],[-128.15,51.66]]],[[[-82.31,45.95],[-82.18,45.84],[-81.87,45.92],[-81.81,45.71],[-81.69,45.9],[-81.58,45.77],[-81.87,45.51],[-83.23,45.87],[-82.84,46],[-82.56,45.77],[-82.73,45.95],[-82.31,45.95]]],[[[-132.63,53.96],[-132.31,54.11],[-132.11,53.89],[-132.67,53.68],[-132.36,53.67],[-132.48,53.56],[-132.14,53.7],[-132.2,54.05],[-131.66,54.15],[-131.97,53.28],[-132.32,53.23],[-132.21,53.15],[-132.71,53.25],[-132.55,53.33],[-132.72,53.38],[-132.42,53.34],[-132.99,53.56],[-132.82,53.6],[-133.13,53.8],[-133.07,54.18],[-132.59,54.12],[-132.63,53.96]]],[[[-132.14,53.14],[-131.8,53.25],[-131.61,53.03],[-132.03,53.04],[-131.62,52.9],[-132.01,52.88],[-131.66,52.81],[-131.85,52.7],[-131.04,52.16],[-132.36,52.95],[-132.11,52.99],[-132.57,53.08],[-132.14,53.14]]]]}},{"type":"Feature","properties":{"id":"PLW"},"geometry":{"type":"Polygon","coordinates":[[[134.5,7.5],[134.62,7.73],[134.55,7.33],[134.5,7.5]]]}},{"type":"Feature","properties":{"id":"SXM"},"geometry":{"type":"Polygon","coordinates":[[[-63.09,18.05],[-63.01,18.06],[-63.04,18.01],[-63.09,18.05]]]}},{"type":"Feature","properties":{"id":"LBN"},"geometry":{"type":"Polygon","coordinates":[[[35.98,34.63],[36.32,34.69],[36.63,34.2],[36.28,33.92],[36.39,33.83],[36.07,33.82],[35.93,33.65],[36.06,33.58],[35.5,33.09],[35.11,33.09],[35.64,34],[35.65,34.28],[35.98,34.63]]]}},{"type":"Feature","properties":{"id":"DMA"},"geometry":{"type":"Polygon","coordinates":[[[-61.39,15.32],[-61.46,15.64],[-61.24,15.47],[-61.26,15.25],[-61.39,15.32]]]}},{"type":"Feature","properties":{"id":"COM"},"geometry":{"type":"MultiPolygon","coordinates":[[[[43.45,-11.79],[43.47,-11.94],[43.24,-11.78],[43.34,-11.37],[43.45,-11.79]]],[[[44.2,-12.17],[44.47,-12.07],[44.53,-12.38],[44.2,-12.17]]]]}},{"type":"Feature","properties":{"id":"RUS"},"geometry":{"type":"MultiPolygon","coordinates":[[[[-179.91,65.38],[-180,68.98],[-178.83,68.75],[-178.71,68.54],[-178,68.42],[-178.07,68.24],[-177.63,68.31],[-177.76,68.17],[-177.6,68.07],[-177.66,68.15],[-177.34,68.24],[-176.41,67.97],[-176.96,67.97],[-175.94,67.85],[-176.51,67.67],[-175.89,67.64],[-175.77,67.8],[-175.26,67.66],[-175.32,67.3],[-174.97,67.44],[-174.78,67.35],[-174.7,66.76],[-175,66.66],[-174.44,66.53],[-174.41,66.28],[-174,66.47],[-173.94,66.2],[-173.69,66.43],[-174.22,66.57],[-173.87,66.67],[-174,66.98],[-174.62,67.06],[-173.64,67.11],[-172.79,66.89],[-172.38,66.95],[-173.01,67.04],[-171.67,66.94],[-170.37,66.31],[-170.61,66.21],[-170.28,66.3],[-170.24,66.16],[-169.67,66.13],[-170.59,65.85],[-170.58,65.6],[-171.46,65.84],[-171.05,65.47],[-172.07,65.48],[-171.71,65.51],[-172.77,65.68],[-172.15,65.42],[-172.2,65.24],[-172.69,65.21],[-172.22,65.21],[-172.1,65.06],[-173.18,64.75],[-172.91,64.84],[-172.74,64.76],[-172.98,64.57],[-172.32,64.45],[-172.96,64.49],[-172.84,64.3],[-172.92,64.4],[-173.11,64.24],[-173.37,64.3],[-173.34,64.6],[-173.65,64.33],[-174.64,64.71],[-174.68,64.92],[-175.43,64.77],[-175.89,65],[-175.92,65.41],[-177.16,65.58],[-176.92,65.67],[-177.43,65.47],[-178.53,65.49],[-178.4,65.7],[-178.92,66.04],[-178.51,66.1],[-178.48,66.39],[-178.84,66.16],[-179.07,66.37],[-179.39,66.32],[-179.28,66.13],[-179.79,66.09],[-179.36,65.48],[-179.43,65.57],[-180,65.04],[-179.91,65.38]]],[[[-180,70.98],[-180,71.53],[-179.68,71.57],[-178.28,71.52],[-177.43,71.22],[-177.92,71.02],[-179.24,70.88],[-180,70.98]]],[[[20.95,55.28],[20.51,54.95],[21.21,54.92],[21.37,55.29],[22.1,55.02],[22.57,55.07],[22.85,54.89],[22.78,54.37],[19.8,54.44],[20.42,54.67],[19.87,54.65],[19.98,54.96],[20.5,54.97],[20.95,55.28]]],[[[27.79,60.54],[31.15,62.45],[31.58,62.91],[31.15,63.26],[30.02,63.73],[30.54,64.07],[30.15,64.36],[30.26,64.55],[30.14,64.36],[29.99,64.55],[30.06,64.73],[29.62,64.96],[29.9,65.11],[29.61,65.26],[29.84,65.55],[29.75,65.61],[30.13,65.71],[30.1,65.82],[29.13,66.79],[30.02,67.67],[29.33,68.07],[28.65,68.2],[28.48,68.47],[28.79,68.85],[28.52,68.89],[29.07,69.02],[29.35,69.31],[30.07,69.45],[30.14,69.64],[30.87,69.54],[30.84,69.78],[31.42,69.71],[31.27,69.57],[31.82,69.65],[31.78,69.83],[32.09,69.76],[31.94,69.95],[33.09,69.74],[32.83,69.57],[32.12,69.74],[31.95,69.63],[32.44,69.55],[32.28,69.42],[33.07,69.45],[32.88,69.28],[33.5,69.4],[33.21,69.25],[33.48,69.16],[32.97,69.03],[33.02,68.88],[33.07,69.05],[33.63,69.12],[33.58,69.3],[36.28,69.1],[38.44,68.29],[38.78,68.24],[38.65,68.37],[39.7,67.99],[39.74,68.16],[40.48,67.72],[40.96,67.71],[41.39,67.11],[41.21,66.82],[40,66.25],[38.28,66.06],[35.55,66.38],[34.81,66.61],[34.46,66.54],[34.15,66.79],[33.95,66.68],[33.61,66.85],[33.63,66.71],[32.79,67.02],[33,67.08],[31.87,67.14],[32.25,67.12],[32.54,67],[32.45,66.91],[33.32,66.64],[32.93,66.52],[33.72,66.42],[32.98,66.25],[34.11,66.23],[35.02,65.76],[34.66,65.79],[34.69,65.44],[34.27,65.37],[34.83,65.02],[34.76,64.74],[35,64.62],[34.69,64.51],[35.4,64.28],[35.83,64.32],[36.3,63.97],[37.44,63.78],[37.98,63.93],[38.28,63.83],[37.79,64.44],[37.23,64.36],[36.53,64.72],[36.44,64.92],[36.81,64.96],[36.85,65.15],[38.37,64.84],[38.01,64.58],[38.43,64.81],[39.55,64.54],[39.84,64.66],[40.98,64.43],[40.69,64.49],[39.75,65.55],[40.75,65.99],[41.79,66.26],[41.84,66.16],[42.14,66.5],[42.59,66.44],[42.45,66.34],[43.22,66.41],[43.6,66.29],[43.33,66.05],[43.47,65.89],[43.4,66.1],[43.84,66.19],[44.25,65.69],[44.65,65.59],[44.09,65.99],[44.55,66.91],[43.77,67.24],[44.34,67.9],[44.21,68.29],[43.29,68.66],[46.03,68.43],[45.8,68.47],[46.54,68.12],[46.69,67.81],[45.36,67.71],[44.91,67.33],[45.57,67.16],[45.73,66.89],[46.52,66.79],[47.61,66.86],[47.99,67.64],[49.08,67.59],[48.76,67.84],[50.06,68.1],[49.83,67.99],[50.19,68],[50.06,68.09],[50.81,68.37],[52.24,68.58],[51.99,68.51],[52.38,68.47],[52.36,68.31],[52.76,68.48],[52.65,68.63],[52.33,68.61],[53.06,68.81],[53.22,68.72],[53.09,68.81],[53.56,68.92],[54.54,68.99],[53.57,68.89],[54,68.83],[53.92,68.4],[53.32,68.35],[53.17,68.17],[54.23,68.31],[53.99,68.02],[53.17,67.83],[53.15,67.71],[54.49,68.29],[54.87,68.14],[55.39,68.55],[57.3,68.53],[59.05,68.98],[59.48,68.68],[59.09,68.65],[59.12,68.41],[59.68,68.29],[59.95,68.71],[61.14,68.83],[61.01,69.06],[60.19,69.56],[61.1,69.86],[64.14,69.53],[64.92,69.31],[64.71,69.08],[65.1,69.26],[67.15,68.82],[68.2,68.37],[68.27,68.15],[69.21,68.93],[68.48,68.97],[68.13,69.54],[67.03,69.69],[66.83,69.57],[66.95,70.02],[67.38,70.01],[67.13,70.22],[67.53,70.7],[67.25,70.83],[66.69,70.75],[66.75,71.1],[68.42,71.67],[69.4,72.94],[71,72.8],[71.62,72.89],[72.01,72.82],[71.75,72.72],[72.06,72.82],[72.84,72.69],[72.83,72.25],[71.82,71.48],[72.8,70.84],[72.74,70.4],[72.35,70.24],[72.52,69],[73.59,68.42],[73.07,68.2],[73.11,67.69],[72.53,67.59],[71.75,66.9],[71.39,66.97],[70.19,66.73],[69.02,66.94],[68.33,66.78],[68.61,66.75],[68.36,66.72],[68.48,66.68],[68.09,66.71],[68.59,66.69],[68.16,66.52],[67.47,66.69],[67.05,66.65],[67.18,66.57],[66.35,66.63],[66.25,66.36],[65.15,65.87],[65.43,65.88],[65.35,65.72],[65.86,66.1],[65.21,65.05],[65.69,64.98],[65.49,64.73],[65.76,64.32],[65.96,64.35],[65.59,64.69],[65.72,65],[65.27,65.08],[65.68,65.47],[66.03,65.39],[65.68,65.48],[65.8,65.75],[66.38,65.77],[65.87,65.78],[66.03,65.99],[65.94,66.2],[66.42,66.36],[66.56,66.62],[68.2,66.5],[69.15,66.77],[69.44,66.49],[72.12,66.2],[72.47,66.59],[73.88,67],[73.93,67.3],[74.75,67.69],[74.82,68],[74.31,68.36],[74.48,68.71],[76.6,68.96],[77.29,68.49],[77.07,67.78],[77.67,67.53],[77.63,67.38],[77.83,67.57],[77.83,67.44],[77.9,67.56],[78.75,67.58],[79.39,67.41],[78.84,67.63],[77.46,67.76],[77.53,68.12],[78.17,68.25],[77.67,68.89],[76.02,69.24],[74.8,69.07],[73.78,69.16],[73.53,69.74],[74.3,70.6],[73,71.4],[73.52,71.8],[74.99,72.16],[74.95,72.87],[75.46,72.74],[75.71,72.28],[75.24,71.93],[75.3,71.33],[76.92,71.18],[76.88,71.06],[77.03,71.18],[77.77,71.13],[78.35,70.86],[78.97,70.88],[79.1,71.05],[78.42,70.9],[78.08,71.38],[77.69,71.26],[76.3,71.56],[76.03,71.9],[76.39,72],[76.61,71.86],[76.39,72],[76.89,72.05],[77.98,71.84],[78.19,72.02],[77.43,72.06],[77.46,72.21],[78.09,72.36],[78.62,72.26],[78.55,72.38],[80.82,72.07],[81.17,71.76],[83.32,71.68],[83.02,71.41],[82.25,71.25],[82.42,70.75],[81.95,70.29],[82.31,70.58],[82.67,70.48],[82.43,70.66],[82.88,70.93],[83.08,70.74],[82.52,70.16],[82.2,70.32],[82.31,70.15],[84.11,69.57],[85.1,69.76],[86.03,69.47],[85.7,69.22],[86.06,69.11],[85.83,68.84],[86.58,68.25],[86.22,67.63],[86.73,66.8],[86.21,66.57],[86.86,66.59],[87.46,66.38],[87.22,66.17],[87.93,66.06],[87.78,65.79],[88.03,65.59],[87.17,63.4],[88.07,63.06],[88.77,62.54],[88.09,63.09],[87.24,63.39],[88.09,65.7],[87.98,66.07],[87.33,66.15],[87.61,66.29],[87.36,66.51],[86.31,66.58],[86.78,66.79],[86.31,67.66],[86.64,68.23],[85.94,68.82],[86.15,69.08],[85.88,69.19],[86.14,69.44],[85.47,69.78],[84.42,69.61],[82.98,70.29],[83.56,70.31],[83.78,70.5],[83.17,71.11],[83.68,71.63],[83.36,71.84],[82.68,71.88],[82.36,72.32],[80.9,72.42],[80.88,72.95],[80.32,73.17],[80.75,73.2],[80.35,73.29],[80.6,73.56],[87.14,73.85],[85.7,73.39],[86.69,73.13],[86.64,72.94],[88.24,73.01],[88.35,73.15],[86.88,72.94],[86.42,73.26],[85.87,73.35],[87.45,73.79],[86.94,74.02],[87.32,74.08],[85.9,74.34],[86.44,74.48],[87,74.28],[87.41,74.38],[85.78,74.6],[85.9,74.85],[86.98,74.6],[87.18,74.98],[87.83,75.01],[86.96,75.12],[88.19,75.14],[89.29,75.51],[91.72,75.61],[91.73,75.73],[94.16,75.97],[92.87,75.89],[93.45,76.12],[93.43,76.01],[94.62,76.16],[96.27,76.1],[95.75,75.83],[96.43,76],[96.48,75.86],[97.87,75.97],[97.56,76.04],[98.87,76.26],[99.86,76.02],[99.25,75.62],[100.06,76],[98.95,76.5],[103.95,76.31],[103.6,76.41],[102.5,76.3],[102.57,76.42],[101.01,76.52],[101.39,77.11],[104.09,77.72],[105.93,77.55],[106.31,77.37],[104.14,77.08],[105.93,77.13],[105.53,76.96],[106.81,77.05],[107.53,76.91],[106.5,76.49],[107.73,76.5],[108.02,76.74],[111.23,76.74],[112.23,76.46],[111.91,76.32],[112.34,76.45],[112.81,76.32],[112.71,76.05],[113.34,76.1],[113.29,76.25],[113.59,75.95],[113.38,75.94],[113.61,75.92],[113.44,75.83],[113.91,75.9],[113.56,75.54],[113.58,75.65],[112.33,75.85],[112.8,75.55],[113.28,75.66],[113.76,75.45],[112.84,74.96],[111.8,74.65],[109.58,74.34],[109.89,74.2],[108.11,73.63],[106.79,73.6],[107.21,73.53],[106.8,73.32],[106.13,73.27],[105.72,72.88],[103.23,72.42],[102.55,72.02],[101.78,71.86],[102.11,71.91],[102.63,71.6],[102.12,71.92],[103.38,72.41],[106.06,72.94],[106.82,72.85],[106.24,72.96],[106.35,73.19],[108.36,73.21],[109.45,73.41],[109.22,73.55],[110.01,73.44],[110.98,73.7],[110.67,73.79],[109.77,73.65],[109.55,73.82],[109.97,74],[111.04,73.9],[111.46,74.05],[111.31,73.84],[111.87,73.72],[112.9,73.73],[112.83,74],[113.18,73.87],[113.58,73.32],[113.19,73.23],[113.61,73.14],[113.21,72.83],[113.55,72.92],[113.77,73.32],[114.81,73.17],[113.51,73.51],[115.59,73.71],[118.79,73.54],[118.51,73.18],[119.62,73.02],[119.89,72.8],[120.23,72.92],[121.57,72.78],[123.29,72.19],[121.58,72.8],[119.8,73],[122.8,72.82],[122.71,72.91],[122.85,72.79],[124.76,72.65],[125.6,72.38],[124.78,72.66],[123.33,72.86],[124.23,72.97],[123.22,72.88],[123.73,72.77],[123.33,72.77],[122.54,73],[123.27,72.89],[123.71,73.08],[123.27,73.4],[123.6,73.69],[123.77,73.56],[124.36,73.8],[125.02,73.6],[125.16,73.71],[125.58,73.37],[126.3,73.55],[126.13,73.36],[126.95,73.37],[127.14,73.52],[127.46,73.37],[127.84,73.47],[127.73,73.36],[128.43,73.35],[128.1,73.19],[128.93,73.21],[128.71,73.02],[127.88,72.93],[128.39,72.91],[128.29,72.8],[127.41,72.75],[126.56,72.54],[126.5,72.39],[126.5,72.57],[126.15,72.56],[126.19,72.28],[126.5,72.39],[127.62,70.8],[127.01,70.55],[125.78,70.44],[125.91,70.13],[125.05,69.89],[124.64,69.33],[123.99,69.03],[123.83,68.39],[122.97,67.96],[123,67.4],[124.4,65.08],[125,64.66],[126.39,64.39],[128.38,63.47],[129.27,63.5],[130.07,62.3],[129.53,61.7],[128.67,61.3],[126.3,61.1],[124.04,60.58],[121.26,60.66],[120.03,60.2],[120.32,60.35],[120.7,60.28],[120.81,60.5],[121.29,60.63],[123.97,60.56],[126.28,61.05],[128.76,61.25],[129.36,61.53],[130.07,62.27],[130.12,62.41],[129.54,63.43],[131.01,63.25],[130.67,63.28],[130.78,63.23],[131.37,63.38],[132.22,63.26],[133.25,63.37],[133.12,63.13],[133.48,63.04],[132.96,63.39],[132.23,63.27],[131.3,63.42],[130.87,63.28],[128.61,63.51],[128.21,63.72],[128.42,63.52],[128.19,63.73],[125.64,64.61],[124.43,65.39],[123.06,67.49],[123.75,68.2],[124.12,69.06],[124.86,69.43],[125.2,69.89],[126.11,70.12],[126.22,70.28],[125.86,70.37],[125.93,70.48],[126.91,70.49],[127.68,70.8],[126.85,72.41],[127.8,72.33],[128.76,71.76],[129.25,71.79],[129.12,72.01],[129.6,71.71],[128.98,71.71],[128.9,71.58],[129.25,71.6],[129.72,71.07],[130.63,70.84],[130.85,70.97],[131.07,70.71],[131.46,70.69],[131.97,71.22],[132.3,71.17],[131.99,71.26],[132.78,71.95],[133.19,71.95],[132.76,71.79],[133.64,71.44],[134.73,71.4],[134.76,71.27],[134.99,71.47],[135.93,71.65],[136.6,71.57],[136.25,71.46],[137.59,71.36],[137.94,71.1],[137.87,71.26],[138.49,71.3],[137.86,71.39],[138.13,71.6],[138.87,71.32],[138.82,71.64],[139.24,71.4],[140.11,71.44],[140.04,71.86],[139.37,71.96],[140.61,72.26],[139.42,72.15],[139.15,72.25],[139.83,72.37],[139.4,72.4],[139.6,72.49],[141.3,72.58],[140.76,72.88],[146.86,72.35],[144.97,72.43],[144.17,72.27],[144.55,72.15],[146.95,72.31],[145.98,71.86],[146.33,72.2],[146,72.06],[146.07,72.21],[145.49,72.25],[145.81,72.22],[145.84,71.94],[145.03,71.96],[144.98,71.62],[145.39,71.58],[147.14,72.31],[148.39,72.32],[149.93,72.02],[150.08,71.83],[149.7,71.75],[149.41,71.89],[148.86,71.68],[150.71,71.47],[149.78,71.19],[150.74,71.38],[150.57,71.16],[151.11,71.39],[152.07,71.01],[151.45,70.97],[152.53,70.74],[155.86,71.07],[158.83,70.89],[159.78,70.59],[160.1,70.25],[159.56,70.09],[159.95,70.08],[159.6,69.86],[160.37,69.68],[160.51,69.46],[160.43,69.67],[161,69.57],[160.96,69.07],[161.42,68.92],[161.1,68.53],[160.53,68.48],[158.51,68.8],[157.94,68.65],[158.03,68.48],[157.65,68.31],[157.68,68.12],[156.21,67.96],[156.18,67.82],[156.34,67.78],[156.23,67.67],[155.63,67.56],[156.45,67.67],[156.28,67.68],[156.46,67.77],[156.17,67.9],[157.71,68.11],[157.71,68.3],[158.06,68.45],[157.97,68.61],[158.49,68.78],[158.59,68.65],[159.17,68.75],[159.03,68.65],[161.1,68.51],[161.67,68.88],[161.46,69.35],[162.36,69.68],[164.09,69.75],[164.4,69.6],[166.73,69.51],[166.51,69.45],[167.92,69.77],[168.32,69.21],[169.39,69.05],[169.59,68.77],[171.17,69.04],[170.65,69.57],[170.16,69.59],[170.63,69.75],[170.44,70.11],[172.75,69.96],[173.28,69.76],[173.47,69.93],[173.76,69.81],[176.14,69.85],[178.76,69.41],[179.1,69.31],[178.73,69.36],[178.77,69.26],[179.3,69.26],[180,68.97],[180,65.04],[178.55,64.56],[178.83,64.65],[177.63,64.7],[177.57,64.93],[176.41,65.07],[176.56,65.18],[176.27,65.03],[177.01,65.04],[177.31,64.79],[176.11,64.94],[175.74,64.75],[174.87,64.69],[176.22,64.88],[176.44,64.69],[176.07,64.51],[176,64.37],[176.17,64.36],[176.04,64.43],[176.24,64.61],[176.77,64.54],[177.51,64.74],[177.49,64.41],[178.23,64.18],[178.23,64.43],[178.6,64.06],[178.32,63.98],[178.7,63.94],[179,63.34],[178.84,63.35],[179.45,63.12],[179.23,63.04],[179.62,62.66],[179.36,62.48],[178.97,62.53],[179.1,62.27],[177.65,62.57],[176.7,62.53],[176.28,62.29],[174.65,61.98],[174.58,61.82],[174.02,61.81],[173.84,61.64],[173.48,61.74],[173.26,61.43],[172.67,61.43],[172.94,61.27],[172.34,61.21],[172.42,61.01],[172.01,61.09],[172.07,60.84],[171.69,60.92],[171.63,60.72],[170.61,60.44],[170.32,59.93],[169.23,60.62],[167.8,60.53],[167.23,60.34],[167,60.42],[166.29,59.81],[166.09,59.8],[166.27,60.47],[165.03,60.1],[165.22,59.99],[164.84,59.78],[164.48,60.1],[164.2,59.85],[164.23,59.98],[163.65,60.02],[163.84,59.99],[163.19,59.56],[163.22,59.04],[162.94,59.18],[163.04,58.96],[162.21,58.62],[161.9,57.97],[162.48,57.77],[162.36,57.66],[162.7,57.95],[163.32,57.73],[162.73,57.33],[162.78,56.77],[163.23,56.74],[163.36,56.18],[163.02,56.01],[162.62,56.23],[162.29,56.19],[161.7,55.45],[162.14,54.75],[161.71,54.51],[160.64,54.5],[159.99,54.16],[159.87,53.67],[160.04,53.1],[159.61,53.27],[158.7,52.88],[158.51,53.08],[158.43,52.89],[158.65,52.84],[158.44,52.75],[158.55,52.63],[158.39,52.65],[158.56,52.31],[158.27,51.96],[156.66,50.87],[156.47,52.54],[156.15,52.85],[155.56,55.2],[155.99,56.68],[156.75,57.08],[157,57.44],[156.85,57.8],[157.45,57.79],[157.68,58.02],[158.39,57.96],[158.23,58.03],[159.25,58.46],[160.49,59.56],[161.92,60.21],[161.95,60.42],[162.96,60.77],[163.76,60.83],[163.49,61.01],[164.03,61.35],[163.75,61.46],[164.06,61.68],[164.14,62.26],[164.53,62.44],[165.31,62.33],[165.1,62.44],[165.41,62.45],[164.44,62.69],[163.27,62.53],[162.96,61.81],[163.32,61.66],[163.02,61.51],[162.84,61.72],[162.75,61.59],[162.39,61.67],[160.8,60.72],[160.43,60.76],[160.17,60.57],[160.44,61.03],[159.79,60.93],[160,61.11],[159.77,61.24],[160.28,61.55],[160.38,61.95],[159.58,61.65],[159.57,61.82],[158.97,61.93],[158.08,61.73],[157.5,61.79],[156.69,61.53],[156.66,61.21],[155.93,60.93],[155.91,60.71],[154.87,60.32],[154.48,59.93],[154.58,60.11],[154.41,60.07],[154.48,59.89],[154.21,59.88],[154.37,59.58],[154.23,59.66],[154.13,59.46],[154.97,59.49],[155.18,59.17],[154.33,59.21],[154.04,59.05],[153.79,59.25],[153.39,59.25],[152.91,58.91],[152.36,59.06],[152.07,58.89],[151.34,58.84],[151.1,59.11],[152.32,59.21],[151.74,59.3],[151.41,59.61],[150.76,59.43],[150.5,59.49],[150.77,59.56],[149.41,59.76],[149.05,59.62],[149.23,59.46],[148.71,59.45],[148.93,59.23],[148.42,59.25],[148.2,59.41],[147.54,59.24],[146.51,59.47],[146.05,59.14],[145.92,59.42],[143.25,59.41],[142.08,59.05],[141.56,58.61],[140.78,58.3],[140.49,57.84],[138.93,57.14],[138.58,56.78],[138.44,56.84],[138.11,56.58],[138.23,56.42],[135.23,54.91],[135.2,54.75],[135.74,54.57],[136.83,54.64],[136.76,53.76],[137.19,53.85],[137.19,54.21],[137.73,54.32],[137.3,54.05],[137.86,53.96],[137.31,53.53],[137.95,53.58],[138.58,53.99],[138.24,53.47],[138.46,53.52],[138.77,53.98],[138.66,54.29],[139.16,54.14],[139.73,54.3],[140.53,53.64],[141.42,53.3],[141.14,52.99],[140.17,53.26],[139.83,53.25],[139.67,52.99],[140.03,52.82],[139.71,53],[139.9,53.21],[140.25,53.23],[140.93,53.04],[141.24,52.87],[141.11,52.41],[141.55,52.15],[140.73,51.47],[140.86,51.37],[140.67,51.33],[140.43,50.72],[140.5,50.17],[140.69,50.09],[140.4,49.88],[140.55,49.56],[140.2,49.02],[140.39,48.98],[140.17,48.45],[139.26,47.8],[137.69,45.81],[135.82,44.37],[135.14,43.51],[133.92,42.87],[133.15,42.68],[132.99,42.85],[132.83,42.74],[132.76,42.92],[132.32,42.84],[132.33,43.31],[131.84,43.07],[132.07,43.32],[131.79,43.38],[131.78,43.18],[131.22,42.55],[130.65,42.66],[130.87,42.53],[130.65,42.33],[130.58,42.67],[130.4,42.73],[131.14,42.93],[131.31,43.4],[131.3,44.04],[130.96,44.85],[131.49,44.97],[131.87,45.34],[132.05,44.75],[132.5,44.54],[132.86,45.06],[133.13,45.13],[133.13,45.43],[133.87,46.25],[134.18,47.32],[134.77,47.75],[134.55,47.99],[134.88,48.41],[134.2,48.38],[132.67,47.96],[132.44,47.73],[130.98,47.7],[130.69,48.04],[130.83,48.3],[130.55,48.67],[130.67,48.84],[130.24,48.86],[129.45,49.43],[129.07,49.36],[128.79,49.58],[127.91,49.57],[127.53,49.81],[127.61,50.23],[127.33,50.36],[127.3,50.75],[126.97,51.04],[126.3,52.44],[126.01,52.6],[126.07,52.79],[125.23,53.18],[124.75,53.14],[123.67,53.52],[120.84,53.27],[120.11,52.8],[120.04,52.61],[120.73,52.54],[120.7,51.99],[120.04,51.61],[119.16,50.42],[119.35,50.36],[119.23,50.08],[118.61,49.95],[117.86,49.51],[116.23,50.04],[115.53,49.9],[115.96,50.12],[115.62,50.05],[115.68,50.23],[115.53,50.23],[115.37,49.94],[114.57,50.24],[113.8,50.09],[112.79,49.52],[110.2,49.15],[108.53,49.32],[107.95,49.67],[107.86,49.94],[107.18,50.01],[106.82,50.3],[105.35,50.48],[104.14,50.14],[103.26,50.19],[103.24,50.32],[102.65,50.4],[102.3,50.68],[102.12,51.36],[100.59,51.73],[99.91,51.74],[99.8,51.92],[98.93,52.15],[98.05,51.45],[97.82,51.01],[98.31,50.46],[98.07,50.04],[97.37,49.78],[95.9,50.03],[95.52,49.9],[95.01,49.98],[95.16,50.09],[94.61,50.04],[94.25,50.58],[93.06,50.62],[93.01,50.79],[92.65,50.71],[92.35,50.88],[92.27,50.73],[91.79,50.72],[91.4,50.46],[90.92,50.42],[90.67,50.21],[89.59,49.91],[89.72,49.73],[89.19,49.63],[89.15,49.5],[88.22,49.48],[88.17,49.29],[87.29,49.12],[86.62,49.57],[86.78,49.79],[86.59,49.81],[86.2,49.47],[85.26,49.59],[85.04,50.05],[84.28,50.26],[84.23,50.54],[83.67,50.93],[83.12,51.01],[82.57,50.75],[81.58,50.74],[81.41,50.98],[81.06,50.95],[81.18,51.18],[80.68,51.32],[80.08,50.74],[77.84,53.33],[76.44,54.17],[76.76,54.16],[76.93,54.41],[75.43,54.09],[75.03,53.8],[74.46,53.69],[74.4,53.46],[73.9,53.65],[73.36,53.47],[73.25,53.67],[73.73,53.95],[73.63,54.07],[73.3,53.94],[72.61,54.14],[72.71,53.96],[72.43,53.91],[72.52,54.14],[72.01,54.37],[72.17,54.12],[71.76,54.25],[71.72,54.1],[71.28,54.16],[71,54.27],[71.23,54.35],[71.29,54.67],[71.11,54.7],[70.82,55.29],[69.95,55.21],[69.68,55.48],[69.66,55.35],[68.92,55.32],[68.73,55.46],[68.66,55.23],[67.54,54.85],[65.49,54.66],[65.21,54.54],[65.22,54.33],[64.97,54.42],[63.17,54.19],[62.59,54.07],[62.52,53.91],[61.46,54.08],[61,53.94],[61.24,53.84],[61,53.66],[61.55,53.59],[61.17,53.36],[62.13,52.99],[61.12,52.99],[60.71,52.76],[61,52.31],[59.99,51.96],[60.52,51.8],[60.42,51.65],[60.91,51.62],[61.69,51.26],[61.45,50.81],[60.81,50.66],[60.02,50.82],[59.83,50.56],[59.46,50.54],[59.48,50.64],[58.66,50.81],[58.61,51.05],[58.2,51.13],[57.83,51.11],[57.76,50.92],[57.51,50.88],[57.18,51.11],[56.7,51.08],[56.72,50.97],[56.51,51.09],[55.71,50.55],[54.59,51.03],[54.71,50.68],[54.47,50.57],[54.53,50.85],[53.29,51.5],[52.57,51.47],[52.36,51.78],[51.86,51.67],[51.66,51.45],[50.77,51.77],[50.81,51.59],[50.59,51.65],[50.37,51.33],[49.46,51.13],[49.42,50.85],[48.81,50.6],[48.6,50.66],[48.9,50.02],[48.44,49.8],[47.61,50.46],[47.3,50.3],[47.35,50.09],[46.9,49.86],[46.84,49.61],[46.78,49.34],[47.03,49.09],[46.49,48.43],[47.12,48.27],[47.19,47.76],[48.11,47.74],[49,46.74],[48.52,46.68],[48.56,46.58],[49.31,46.27],[49.22,45.99],[49.04,46.12],[49.02,45.95],[48.74,45.91],[48.72,45.61],[48.17,45.68],[48.19,45.42],[47.99,45.67],[47.94,45.38],[47.99,45.69],[47.85,45.69],[47.88,45.47],[47.5,45.66],[47.08,44.85],[46.98,45.01],[46.7,44.69],[46.7,44.43],[46.98,44.34],[47.46,43.82],[47.7,43.89],[47.46,43.02],[48.59,41.84],[47.78,41.19],[47.3,41.31],[46.76,41.86],[45.65,42.19],[45.77,42.49],[45.34,42.52],[45.16,42.71],[44.89,42.75],[44.8,42.61],[44.55,42.77],[43.96,42.55],[42.86,43.18],[41.61,43.22],[40.24,43.59],[40.01,43.41],[38.79,44.28],[38.21,44.42],[37.81,44.73],[37.46,44.71],[37.18,45.16],[36.6,45.2],[36.99,45.29],[36.76,45.41],[36.62,45.31],[36.79,45.44],[37.14,45.35],[37.08,45.24],[37.57,45.23],[37.37,45.33],[37.98,46.04],[38.32,45.99],[38.14,46.04],[38.25,46.19],[38.6,46.04],[38.36,46.3],[37.91,46.41],[37.75,46.68],[38.59,46.66],[38.45,46.85],[39.31,47.06],[39.16,47.29],[38.23,47.12],[38.32,47.58],[38.94,47.87],[39.77,47.87],[39.94,48.36],[39.66,48.6],[39.8,48.84],[40.08,48.87],[39.75,48.98],[40.22,49.25],[40.03,49.47],[40.14,49.62],[39.64,49.64],[38.31,50.09],[38.03,49.9],[37.4,50.43],[36.65,50.22],[36.14,50.44],[35.63,50.35],[35.12,51.23],[34.24,51.26],[34.08,51.67],[34.42,51.83],[33.84,52.36],[32.38,52.34],[32.2,52.07],[31.78,52.11],[31.37,52.93],[31.4,53.21],[32.24,53.1],[32.76,53.42],[32.46,53.74],[31.77,53.82],[31.89,54.06],[31.32,54.24],[31.14,54.66],[30.75,54.81],[31,55.14],[30.93,55.62],[29.97,55.87],[29.52,55.7],[29.31,55.99],[28.15,56.17],[28.13,56.51],[27.83,56.87],[27.66,56.83],[27.87,57.3],[27.35,57.52],[27.55,57.82],[27.82,57.87],[27.68,58.01],[28.14,57.86],[27.86,58.15],[27.51,58.23],[27.82,58.48],[27.73,58.97],[27.9,59.24],[28.42,59.29],[28.12,59.44],[28.1,59.79],[28.37,59.66],[28.47,59.83],[28.85,59.78],[29.13,59.99],[30.12,59.86],[30.26,59.99],[28.62,60.35],[28.44,60.55],[28.71,60.44],[28.71,60.78],[28.23,60.51],[27.79,60.54]]],[[[90.86,59.57],[90.09,60.41],[90.77,59.76],[90.86,59.57]]],[[[133.99,62.98],[134.03,63.09],[134.41,62.73],[133.99,62.98]]],[[[33.61,46.13],[34.65,45.94],[34.52,45.79],[34.77,45.88],[34.65,45.79],[35.03,45.64],[35.02,45.41],[35.4,45.26],[35.04,45.67],[35.53,45.28],[35.85,45.47],[36.6,45.44],[36.39,45.15],[35.84,45],[35.5,45.12],[35.08,44.79],[34.73,44.81],[34.13,44.43],[33.74,44.39],[33.38,44.58],[33.61,44.6],[33.53,45.25],[33.15,45.2],[32.99,45.33],[33.19,45.45],[32.98,45.33],[32.48,45.39],[33.17,45.8],[33.77,45.89],[33.61,46.13]]],[[[180,71.53],[180,70.98],[178.79,70.79],[178.63,71.07],[180,71.53]]],[[[-172.48,64.7],[-172.39,64.84],[-172.06,64.76],[-172.48,64.7]]],[[[163.73,58.62],[163.49,58.45],[163.78,59.02],[164.59,59.24],[164.68,58.9],[163.73,58.62]]],[[[136.78,54.89],[137.19,55.12],[137.06,54.92],[136.78,54.89]]],[[[137.52,55.12],[138.22,55.02],[137.7,54.61],[137.49,54.87],[137.24,54.76],[137.52,55.12]]],[[[125.44,64.69],[125.09,64.66],[125,64.81],[125.44,64.69]]],[[[70.79,66.76],[71.4,66.87],[71.54,66.77],[70.79,66.76]]],[[[83.39,69.85],[82.88,70.08],[83.35,70.02],[83.39,69.85]]],[[[60.46,69.88],[60.5,69.7],[59.6,69.72],[59.68,69.83],[58.95,69.97],[59.07,69.86],[58.42,70.26],[58.89,70.18],[58.52,70.33],[59.07,70.46],[60.46,69.88]]],[[[52.59,71.39],[53.23,71.24],[53.18,70.95],[52.25,71.26],[52.59,71.39]]],[[[52.41,71.48],[52.25,71.6],[52.3,71.46],[51.63,71.53],[51.44,71.84],[51.82,72.15],[52.53,72.03],[52.72,72.47],[53.33,72.55],[52.73,72.54],[52.98,72.66],[52.4,72.72],[52.96,72.91],[53.65,72.89],[53.09,72.95],[53.28,73.17],[54.92,73.42],[56.4,73.22],[56.55,73.11],[55.79,73.07],[56.43,73.02],[55.55,72.94],[56.26,72.95],[56.12,72.78],[55.34,72.76],[55.91,72.64],[55.3,72.57],[55.55,72.46],[55.01,72.46],[55.48,72.44],[55.58,72.17],[55.17,71.9],[55.52,71.88],[56.21,71.18],[57.6,70.72],[57.48,70.59],[56.24,70.74],[55.88,70.57],[55.13,70.78],[55.48,70.63],[55.17,70.55],[54.54,70.81],[54.79,70.63],[53.55,70.79],[53.54,71.08],[53.99,71],[54.23,71.17],[53.54,71.2],[53.47,71.57],[52.91,71.38],[52.53,71.76],[52.41,71.48]]],[[[129.36,72.34],[128.98,72.21],[128.8,72.31],[129.36,72.34]]],[[[129,72.43],[127.63,72.46],[128.18,72.55],[129,72.43]]],[[[136.23,75.62],[135.54,75.37],[135.72,75.87],[136.23,75.62]]],[[[113.46,74.37],[112.83,74.08],[111.51,74.3],[112.05,74.36],[112.05,74.55],[113.46,74.37]]],[[[106.52,78.13],[107.78,78.13],[107.5,78.04],[106.52,78.13]]],[[[97.43,80.82],[98.07,80.67],[97.14,80.64],[97.31,80.22],[93.8,80],[92.17,80.16],[93.01,80.16],[92.42,80.27],[91.49,80.26],[92.76,80.37],[92.17,80.41],[93.46,80.76],[92.62,80.71],[92.87,80.84],[95.81,81.21],[95.21,81.25],[95.77,81.27],[97.43,80.82]]],[[[93.31,79.76],[91.98,79.68],[92.39,79.76],[91.19,79.84],[90.99,80.06],[93.88,79.91],[93.31,79.76]]],[[[104.41,78.99],[104.66,78.76],[104.95,78.85],[105.39,78.73],[105.07,78.36],[101.28,78.17],[100.02,77.94],[99.39,78.01],[100.61,78.78],[101.27,78.74],[100.82,78.85],[101.03,79.01],[101.67,78.96],[101.07,79.05],[101.67,79.35],[102.24,79.21],[102.45,79.43],[103.22,79.3],[102.47,78.81],[103.64,79.18],[104.41,78.99]]],[[[96.47,76.21],[96.36,76.1],[95.35,76.28],[96.47,76.21]]],[[[96.51,77.16],[96.23,76.97],[95.29,76.96],[96.51,77.16]]],[[[98.61,78.81],[95.67,79.1],[94.93,79.04],[93.87,79.61],[93.16,79.47],[92.91,79.57],[94.73,79.8],[94.35,79.98],[95,80.11],[97.67,80.17],[97.7,79.84],[98.32,79.83],[98.77,80.07],[100.02,79.84],[99.81,79.27],[99.15,79.29],[99.99,78.92],[98.61,78.81]]],[[[161.19,69.46],[161.41,69.53],[161.38,69.21],[161.13,69.36],[161.35,69.36],[161.1,69.39],[161.19,69.46]]],[[[161.15,69.08],[161.19,69.29],[161.47,69.18],[161.42,68.86],[161.44,69.01],[161.15,69.08]]],[[[168.49,69.63],[167.79,69.81],[168.47,70.03],[169.46,69.81],[169.18,69.55],[168.49,69.63]]],[[[149.08,75.23],[150.95,75.13],[150.64,74.86],[148.34,74.77],[146.11,75.24],[146.49,75.59],[146.92,75.33],[147.62,75.44],[148.57,75.37],[148.33,75.21],[149.08,75.23]]],[[[140.61,73.9],[140.2,74.2],[140.87,74.27],[141.04,74.01],[140.61,73.9]]],[[[143.5,73.47],[143.61,73.21],[143.25,73.18],[139.78,73.4],[140.88,73.59],[141.12,73.85],[142.07,73.91],[143.5,73.47]]],[[[138.47,76.04],[139.14,76.2],[140.85,75.59],[141.05,76],[141.74,75.97],[141.37,76.17],[142.66,75.85],[144.04,75.8],[145.4,75.5],[144.79,75.4],[144.72,75.15],[144.08,75.01],[142.93,75.14],[142.52,75.34],[143.13,75.64],[142.42,75.74],[141.97,75.62],[142.28,75.3],[143.68,74.93],[142.5,74.8],[141.87,75],[139.92,74.79],[139.64,74.96],[139.06,74.64],[138.18,74.76],[136.95,75.26],[137.48,75.36],[137.04,75.6],[137.74,75.75],[137.47,75.93],[138.34,76.13],[138.47,76.04]]],[[[137.77,71.5],[137.04,71.53],[137.99,71.57],[137.77,71.5]]],[[[77.87,72.33],[76.87,72.3],[77.62,72.6],[78.34,72.5],[77.87,72.33]]],[[[74.34,73.11],[74.76,73.08],[74.65,72.83],[74.11,72.99],[74.34,73.11]]],[[[79.5,72.93],[79.54,72.72],[78.62,72.8],[79.17,73.08],[79.5,72.93]]],[[[91.03,81.22],[91.63,81.12],[90.81,81.04],[90.16,81.16],[91.03,81.22]]],[[[86.68,74.83],[86.26,74.92],[87.01,74.99],[86.68,74.83]]],[[[55.3,73.72],[54.24,73.6],[53.68,73.75],[54.83,73.95],[55.03,74.16],[56.08,74.04],[55.11,74.25],[55.7,74.25],[55.38,74.41],[56.29,74.47],[55.57,74.54],[55.82,74.67],[56.93,74.67],[55.84,74.77],[56.45,74.89],[55.83,74.96],[55.91,75.17],[56.39,75.04],[56.89,75.36],[57.87,75.31],[57.56,75.47],[58.34,75.58],[58.01,75.65],[60.41,75.96],[60.27,76.09],[61.09,76.04],[61.1,76.27],[62.55,76.16],[64.22,76.28],[65.49,76.55],[66.09,76.5],[65.91,76.7],[67.05,76.94],[68.04,76.99],[68.82,76.87],[68.96,76.54],[68.31,76.25],[63.8,75.61],[63.59,75.71],[61.47,75.21],[61.29,75.31],[60.75,75.01],[59.93,75],[60.63,74.91],[60.25,74.73],[59.45,74.79],[59.76,74.57],[59.09,74.72],[59.12,74.53],[58.78,74.58],[59.14,74.42],[58.25,74.56],[58.73,74.21],[58.15,73.97],[57.41,74.2],[57.72,73.72],[56.61,73.87],[57.62,73.63],[57.23,73.55],[56.69,73.69],[57.24,73.45],[56.73,73.23],[56.12,73.26],[55.93,73.43],[55.96,73.29],[54.96,73.44],[54.09,73.34],[55.3,73.72]]],[[[70.97,73.25],[71.44,73.32],[71.68,73.15],[69.96,73.01],[70.54,73.45],[71.26,73.41],[70.97,73.25]]],[[[154.65,49.27],[154.85,49.63],[154.84,49.32],[154.65,49.27]]],[[[151.79,46.77],[151.72,46.85],[152.29,47.15],[151.79,46.77]]],[[[156.23,50.67],[156.48,50.87],[156.41,50.64],[156.23,50.67]]],[[[155.65,50.38],[156.15,50.75],[155.89,50.25],[155.23,50.05],[155.21,50.29],[155.65,50.38]]],[[[142.12,48.37],[141.85,48.77],[142.09,49.15],[142.04,50.55],[142.26,51.09],[141.67,51.75],[141.84,51.81],[141.63,51.89],[141.92,52.94],[141.76,53.38],[142.67,53.51],[142.48,53.66],[142.78,53.7],[142.7,53.84],[142.58,53.71],[142.7,53.94],[142.26,54.3],[142.55,54.24],[142.69,54.42],[142.99,54.11],[142.95,53.72],[143.32,52.84],[143.13,53.37],[143.02,53.28],[143.31,52.71],[143.33,52.83],[143.14,52.08],[143.08,52.24],[143.1,51.93],[143.33,51.69],[143.21,51.51],[143.36,51.63],[143.44,51.44],[143.31,51.74],[144.4,49.03],[144.1,49.25],[143.31,49.42],[143.48,49.31],[142.97,49.11],[142.56,48.17],[142.54,47.74],[143.02,47.25],[143.04,46.81],[143.35,46.66],[143.13,46.86],[143.48,46.82],[143.62,46.37],[143.42,46.02],[143.36,46.56],[143.22,46.68],[142.77,46.61],[142.7,46.75],[142.42,46.61],[142.08,45.89],[141.91,46.05],[141.81,46.6],[142.06,47.08],[142.12,48.37]]],[[[48.25,69],[48.37,69.29],[48.98,69.5],[50.31,69.13],[48.72,68.69],[48.27,68.85],[48.43,68.72],[48.29,68.75],[48.25,69]]],[[[61.51,81.07],[61.06,80.91],[60,80.97],[61.51,81.07]]],[[[59.18,81.85],[58.11,81.69],[57.9,81.81],[59.18,81.85]]],[[[58.84,80.87],[58.55,80.73],[57.85,80.77],[58.84,80.87]]],[[[57.13,81.44],[57.69,81.56],[58.55,81.42],[57.13,81.44]]],[[[56.13,81.28],[56.59,81.41],[57.95,81.3],[56.44,81.16],[55.55,81.2],[55.48,81.32],[56.13,81.28]]],[[[57.12,80.94],[56.11,81.11],[58.32,80.91],[57.68,80.82],[57.12,80.94]]],[[[63.02,80.64],[62.53,80.8],[64.98,81.17],[65.16,80.84],[63.02,80.64]]],[[[56.95,80.35],[57.03,80.07],[55.79,80.09],[55.93,80.3],[56.95,80.35]]],[[[56.97,80.45],[59.29,80.32],[58.18,80.27],[57.86,80.09],[56.97,80.45]]],[[[58.9,80],[59.88,80.04],[59.39,79.91],[58.9,80]]],[[[61.32,80.41],[59.67,80.38],[59.69,80.8],[62.04,80.86],[61.32,80.41]]],[[[50.99,80.1],[51.48,79.93],[50.4,79.93],[50.99,80.1]]],[[[47.06,80.17],[46.77,80.32],[48.09,80.3],[47.62,80.4],[48.21,80.46],[47.43,80.46],[49.21,80.52],[49.7,80.67],[49,80.78],[50.86,80.95],[50.3,80.74],[51.8,80.71],[48.45,80.32],[49.1,80.17],[48.35,80.07],[47.69,80.05],[48.11,80.25],[47.06,80.17]]],[[[47.03,80.59],[46.22,80.44],[44.91,80.6],[47.14,80.84],[48.51,80.79],[48.7,80.62],[47.72,80.78],[47.03,80.59]]],[[[53.44,80.13],[52.25,80.22],[53,80.39],[53.93,80.23],[53.44,80.13]]],[[[54.59,80.98],[54.71,81.11],[56.19,81.01],[57.58,80.71],[54.59,80.98]]],[[[79.31,80.88],[79.91,80.76],[78.85,80.76],[79.31,80.88]]],[[[81.74,75.4],[82.3,75.51],[82.05,75.15],[81.94,75.31],[81.64,75.3],[82.03,75.11],[82.15,75.15],[81.61,75.28],[81.9,75.46],[81.74,75.4]]],[[[149.86,45.77],[149.4,45.58],[150.22,46.19],[150.57,46.23],[149.86,45.77]]],[[[147.7,45.1],[147.92,45.44],[148.17,45.26],[148.66,45.54],[148.89,45.51],[148.84,45.34],[147.91,44.96],[147.65,44.99],[146.87,44.44],[147.18,44.69],[147.11,44.82],[147.7,45.1]]],[[[145.94,44.28],[146.14,44.51],[146.58,44.46],[145.44,43.72],[145.94,44.28]]],[[[166,55.36],[166.3,55.3],[166.67,54.68],[165.75,55.29],[166,55.36]]]]}},{"type":"Feature","properties":{"id":"PRI"},"geometry":{"type":"Polygon","coordinates":[[[-67.09,17.96],[-67.21,17.95],[-67.27,18.36],[-67.14,18.51],[-65.61,18.38],[-65.6,18.21],[-65.92,17.98],[-67.09,17.96]]]}},{"type":"Feature","properties":{"id":"PRK"},"geometry":{"type":"Polygon","coordinates":[[[124.36,39.98],[124.75,40.38],[126.08,40.97],[126.86,41.77],[127.14,41.53],[128.12,41.38],[128.31,41.6],[128.04,42],[128.65,42.02],[129.22,42.21],[129.35,42.41],[129.7,42.43],[129.95,43.01],[130.24,42.9],[130.65,42.41],[130.37,42.34],[129.76,41.77],[129.76,40.91],[128.63,40.31],[128.63,40.18],[128,40.06],[127.52,39.77],[127.57,39.3],[127.37,39.38],[127.39,39.18],[127.74,39.13],[128.36,38.62],[128.16,38.35],[127.13,38.31],[126.69,37.84],[126.39,37.91],[126.12,37.74],[125.59,38.04],[125.73,37.92],[125.34,37.68],[125.44,37.85],[124.97,37.93],[125.26,38.08],[124.65,38.13],[125,38.22],[124.85,38.35],[124.96,38.59],[125.43,38.69],[125.12,38.76],[125.46,39.58],[124.95,39.68],[124.82,39.49],[124.91,39.67],[124.77,39.8],[124.62,39.59],[124.36,39.98]]]}},{"type":"Feature","properties":{"id":"USA"},"geometry":{"type":"MultiPolygon","coordinates":[[[[-141,69.65],[-141,60.31],[-139.98,60.18],[-139.69,60.34],[-139.07,60.35],[-139.2,60.09],[-138.02,59.46],[-137.45,58.91],[-136.58,59.17],[-136.35,59.6],[-135.44,59.78],[-134.96,59.28],[-133.64,58.57],[-131.85,56.66],[-130.1,56.12],[-130.01,55.91],[-130.18,55.76],[-130,55.28],[-130.48,54.84],[-130.65,54.97],[-130.72,54.77],[-130.75,54.96],[-130.86,54.77],[-131.01,55.05],[-130.66,55.02],[-130.48,55.34],[-130.77,55.09],[-131.09,55.19],[-130.61,55.4],[-130.88,55.36],[-130.65,55.65],[-130.83,55.55],[-130.9,55.7],[-130.7,55.75],[-130.91,55.72],[-131.22,55.98],[-131.11,56.1],[-131.84,55.96],[-131.95,55.5],[-132.19,55.59],[-132.29,55.76],[-132.01,55.78],[-131.97,56.17],[-131.46,56.23],[-132.18,56.38],[-132.37,56.57],[-132.19,56.7],[-132.79,56.84],[-132.82,57.12],[-133,57.01],[-133.15,57.17],[-133.58,57.18],[-133.06,57.35],[-133.46,57.36],[-133.34,57.59],[-133.62,57.58],[-133.65,57.72],[-132.83,57.51],[-133.6,57.77],[-133.58,57.92],[-133.1,57.83],[-133.16,57.93],[-133.59,57.93],[-133.68,57.79],[-133.85,57.95],[-133.54,58.03],[-133.76,58.02],[-133.67,58.15],[-133.89,57.97],[-134.05,58.06],[-133.9,58.51],[-134.15,58.2],[-134.77,58.39],[-134.99,58.68],[-134.95,58.82],[-134.75,58.77],[-134.95,58.96],[-135.02,58.73],[-135.15,58.84],[-135.35,59.49],[-135.55,59.32],[-135.31,59.08],[-135.82,59.34],[-135.38,59.1],[-135.09,58.24],[-135.5,58.5],[-135.47,58.38],[-135.92,58.38],[-136.09,58.82],[-135.76,58.88],[-136.06,58.85],[-136.37,59.09],[-136.15,58.75],[-137.07,59.05],[-136.92,58.93],[-137.13,58.84],[-136.56,58.83],[-136.35,58.69],[-136.53,58.6],[-136.31,58.67],[-136.07,58.47],[-136.28,58.31],[-136.52,58.45],[-136.37,58.3],[-136.6,58.36],[-136.67,58.21],[-138.6,59.12],[-138.27,59.19],[-138.61,59.12],[-139.86,59.54],[-139.47,59.7],[-139.49,59.99],[-139.3,59.56],[-139.3,59.82],[-138.92,59.8],[-139.54,60.04],[-140.31,59.69],[-141.46,59.9],[-141.15,60.17],[-141.6,60.17],[-141.37,60.02],[-141.61,59.96],[-142.51,60.1],[-144.25,60.02],[-144,60.04],[-144.2,60.2],[-144.96,60.29],[-144.76,60.64],[-145.33,60.34],[-145.96,60.47],[-145.59,60.68],[-146.25,60.62],[-146.05,60.8],[-146.65,60.69],[-146.05,60.83],[-146.64,60.82],[-146.66,61.07],[-145.92,61.06],[-146.65,61.16],[-146.98,60.93],[-147.08,61.16],[-147.38,60.87],[-147.53,61.15],[-147.6,60.85],[-148.07,60.94],[-147.73,61.27],[-148.07,61.01],[-148.14,61.13],[-148.41,61.05],[-148.16,61.07],[-148.34,60.81],[-148.72,60.79],[-148.45,60.8],[-148.68,60.65],[-148.36,60.77],[-148.43,60.62],[-148.23,60.76],[-148.19,60.61],[-148.71,60.44],[-148.45,60.55],[-148.28,60.43],[-148.1,60.6],[-147.96,60.5],[-148.45,60.18],[-148.12,60.17],[-148.44,59.94],[-148.73,59.94],[-148.71,60.06],[-148.84,59.92],[-149.09,59.96],[-149.06,60.06],[-149.29,59.87],[-149.6,60.19],[-149.52,59.7],[-149.69,59.95],[-149.74,59.64],[-150.07,59.85],[-149.94,59.66],[-150.13,59.69],[-150.4,59.46],[-150.23,59.75],[-150.96,59.2],[-151.03,59.33],[-151.59,59.16],[-151.98,59.26],[-151.65,59.49],[-151.3,59.41],[-151.47,59.5],[-150.88,59.81],[-151.41,59.6],[-151.87,59.77],[-151.28,60.37],[-151.41,60.72],[-150.38,61.04],[-150.05,60.86],[-149.77,60.97],[-148.97,60.81],[-150.07,61.15],[-149.26,61.49],[-149.72,61.46],[-149.99,61.24],[-150.49,61.25],[-150.58,61.39],[-151.16,61.04],[-151.74,60.95],[-151.71,60.72],[-152.07,60.69],[-152.41,60.29],[-153.03,60.3],[-152.58,60.08],[-152.71,59.92],[-153.21,59.87],[-152.99,59.81],[-153.22,59.64],[-153.47,59.8],[-153.58,59.55],[-153.87,59.54],[-153.73,59.44],[-154.14,59.37],[-153.95,59.36],[-154.27,59.14],[-153.25,58.85],[-153.91,58.61],[-154,58.38],[-154.47,58.28],[-154.1,58.28],[-154.32,58.08],[-154.48,58.2],[-154.57,58.02],[-154.95,58],[-155.06,58.13],[-154.95,58],[-155.3,57.73],[-155.62,57.79],[-155.73,57.54],[-156.04,57.57],[-156.02,57.43],[-156.54,57.33],[-156.31,57.3],[-156.55,56.98],[-156.77,57.04],[-157.2,56.76],[-157.46,56.85],[-157.47,56.62],[-158.13,56.55],[-157.86,56.47],[-158.41,56.45],[-158.64,56.26],[-158.11,56.24],[-158.49,56.11],[-158.43,55.99],[-158.62,56.2],[-158.67,55.95],[-158.86,56.02],[-159.41,55.79],[-159.53,55.89],[-159.6,55.57],[-159.58,55.8],[-159.82,55.86],[-160.42,55.66],[-160.5,55.48],[-160.59,55.61],[-160.67,55.46],[-160.91,55.53],[-161.24,55.36],[-161.5,55.36],[-161.49,55.49],[-161.14,55.54],[-161.59,55.62],[-161.96,55.11],[-162.41,55.03],[-162.65,55.3],[-162.55,54.96],[-162.64,55.06],[-162.88,54.93],[-163.18,55.13],[-163.03,54.95],[-163.36,54.81],[-163.22,54.93],[-163.42,55.07],[-162.86,55.18],[-161.8,55.89],[-160.88,56],[-161.02,55.9],[-160.8,55.71],[-160.79,55.89],[-160.25,55.77],[-160.58,55.91],[-160.37,56.26],[-158.85,56.89],[-158.63,56.78],[-158.64,57.04],[-157.75,57.55],[-157.49,57.47],[-157.71,57.64],[-157.54,58.11],[-157.18,58.19],[-157.45,58.21],[-157.53,58.39],[-156.87,58.72],[-157.06,58.77],[-156.85,59.11],[-157.09,58.87],[-158.18,58.61],[-158.56,58.84],[-158.37,59.03],[-158.04,58.94],[-158.44,59.08],[-158.8,58.73],[-159.01,58.78],[-158.7,58.49],[-158.9,58.39],[-159.6,58.95],[-159.91,58.77],[-160.33,59.08],[-161.71,58.55],[-162.18,58.65],[-161.64,58.8],[-161.84,59.03],[-161.55,59.11],[-161.98,59.15],[-161.7,59.5],[-162.17,60.22],[-162.46,60.3],[-161.81,60.72],[-162.61,60.33],[-162.55,59.98],[-163.94,59.8],[-164.22,59.94],[-164.02,60.02],[-164.67,60.3],[-164.03,60.76],[-163.7,60.57],[-163.37,60.85],[-163.93,60.86],[-163.54,60.9],[-163.75,61],[-164.1,60.87],[-163.97,60.89],[-163.99,61.05],[-164.09,60.87],[-165.15,60.93],[-164.77,61.12],[-165.08,61.1],[-165.28,61.26],[-165.37,61.08],[-165.59,61.1],[-165.93,61.41],[-165.69,61.48],[-166.15,61.51],[-166.17,61.65],[-165.73,61.66],[-166.1,61.81],[-165.62,61.84],[-165.74,62.08],[-165.08,62.53],[-164.7,62.45],[-164.78,62.34],[-164.55,62.42],[-164.86,62.55],[-164.51,62.72],[-163.79,62.51],[-164.1,62.83],[-163.71,63.03],[-163.26,62.97],[-162.31,63.54],[-162.01,63.48],[-162.17,63.41],[-161.14,63.5],[-160.75,63.87],[-161.01,64.3],[-161.53,64.41],[-160.78,64.71],[-161.14,64.93],[-162.18,64.68],[-162.78,64.32],[-163.12,64.66],[-163.39,64.58],[-163.03,64.52],[-163.15,64.4],[-163.65,64.57],[-164.97,64.56],[-164.74,64.47],[-165.01,64.43],[-166.2,64.58],[-166.95,65.16],[-166.85,65.28],[-166.75,65.11],[-166.04,65.25],[-167.4,65.4],[-168.12,65.65],[-166.26,66.17],[-165.47,66.13],[-165.86,66.22],[-164.4,66.58],[-163.75,66.55],[-163.84,66.26],[-164.2,66.19],[-163.76,66.06],[-162.13,66.08],[-161.85,65.96],[-161.49,66.26],[-161.06,66.23],[-161.09,66.11],[-160.98,66.23],[-161.69,66.4],[-161.91,66.27],[-161.81,66.44],[-162.5,66.74],[-162.47,66.95],[-161.58,66.44],[-161.19,66.54],[-160.58,66.35],[-160.09,66.55],[-160.14,66.4],[-159.57,66.41],[-160.79,66.66],[-161.46,66.52],[-161.88,66.72],[-161.48,66.93],[-161.65,67.02],[-163.66,67.1],[-163.89,67.49],[-166.67,68.34],[-166.42,68.4],[-166.21,68.88],[-163.94,68.99],[-163.11,69.33],[-163.01,69.76],[-162.46,70.04],[-160.12,70.61],[-160.2,70.34],[-159.76,70.2],[-159.8,70.49],[-159.26,70.51],[-160.12,70.6],[-158.77,70.91],[-159.48,70.78],[-159.09,70.66],[-159.07,70.82],[-157.88,70.85],[-156.6,71.34],[-156.15,71.15],[-155.57,71.16],[-155.73,70.98],[-156.35,70.92],[-155.96,70.9],[-156,70.75],[-155.2,70.79],[-155.51,70.94],[-155.1,71.15],[-154.39,70.76],[-153.19,70.92],[-152.67,70.74],[-152.71,70.88],[-152.23,70.83],[-152.59,70.63],[-152.07,70.56],[-152.6,70.54],[-151.76,70.55],[-151.97,70.43],[-151.2,70.35],[-150.82,70.45],[-150.89,70.2],[-149.46,70.52],[-148.2,70.35],[-148.36,70.25],[-147.89,70.3],[-148.08,70.18],[-145.56,70.07],[-146.38,69.91],[-143.22,70.11],[-141,69.65]]],[[[-132.68,54.66],[-133.16,54.95],[-133.22,55.24],[-132.68,54.66]]],[[[-122.76,49],[-95.3,49],[-93.82,48.53],[-92.95,48.61],[-92.5,48.45],[-92.38,48.23],[-92.07,48.36],[-91.49,47.96],[-90.86,48.24],[-89.54,48.01],[-90.88,47.56],[-92.09,46.74],[-90.75,46.97],[-90.94,46.59],[-90.75,46.69],[-90.42,46.57],[-89.21,46.9],[-87.98,47.48],[-87.71,47.43],[-88.24,47.2],[-88.48,46.74],[-88.2,46.97],[-87.67,46.82],[-87.4,46.5],[-86.84,46.42],[-86.15,46.67],[-84.99,46.78],[-85.03,46.49],[-84.13,46.53],[-84.27,46.2],[-83.91,45.97],[-84.64,46.06],[-84.7,45.84],[-84.9,46.01],[-85.52,46.09],[-86.28,45.95],[-86.7,45.59],[-86.53,45.89],[-86.97,45.67],[-87,45.92],[-87.63,44.98],[-87.99,44.72],[-87.93,44.52],[-86.97,45.29],[-87.47,44.56],[-87.92,43.25],[-87.83,42.28],[-87.41,41.63],[-86.75,41.79],[-86.31,42.32],[-86.19,42.84],[-86.54,43.61],[-86.51,44.06],[-86.18,44.37],[-86.26,44.66],[-86.09,44.65],[-86.24,44.72],[-85.96,44.98],[-85.85,44.9],[-85.53,45.21],[-85.65,44.76],[-85.43,44.91],[-85.3,44.8],[-85.4,45.21],[-84.92,45.4],[-85.12,45.55],[-84.97,45.77],[-83.5,45.35],[-83.26,45.03],[-83.45,45.04],[-83.32,44.39],[-83.87,43.96],[-83.95,43.71],[-83.67,43.59],[-83.02,44.06],[-82.74,43.99],[-82.41,43.01],[-82.5,42.7],[-82.57,42.58],[-82.82,42.65],[-83.49,41.72],[-82.72,41.53],[-83.06,41.44],[-81.74,41.49],[-79.15,42.56],[-78.91,42.89],[-79.05,43.2],[-78.4,43.38],[-76.82,43.28],[-76.16,43.56],[-76.31,43.87],[-76.1,43.96],[-76.36,44.12],[-74.84,45.01],[-73.35,45.01],[-73.38,44.21],[-73.12,44.78],[-73.34,45.01],[-72.2,44.9],[-72.21,45.01],[-71.56,45.01],[-71.44,45.24],[-71.01,45.35],[-70.88,45.23],[-70.27,45.88],[-70.01,46.65],[-69.23,47.46],[-68.89,47.18],[-68.34,47.36],[-67.9,47.13],[-67.77,45.83],[-67.5,45.59],[-67.42,45.19],[-67.04,44.96],[-67.23,44.93],[-67.17,44.79],[-67.06,44.91],[-66.95,44.82],[-67.71,44.5],[-67.72,44.65],[-67.78,44.52],[-67.93,44.59],[-68.06,44.33],[-68.19,44.57],[-68.42,44.4],[-68.42,44.54],[-68.53,44.23],[-68.83,44.31],[-68.66,44.37],[-68.82,44.38],[-68.8,44.54],[-69.04,44.45],[-68.95,44.32],[-69.21,43.93],[-69.17,44.08],[-69.31,43.95],[-69.38,44.09],[-69.51,43.83],[-69.52,44.07],[-69.6,43.81],[-69.65,44.02],[-69.76,43.89],[-69.83,43.98],[-69.83,43.7],[-69.87,43.92],[-70.02,43.73],[-69.95,43.87],[-70.27,43.72],[-70.2,43.57],[-70.57,43.33],[-70.82,42.8],[-70.67,42.61],[-70.9,42.55],[-71.04,42.28],[-70.77,42.25],[-70.6,42],[-70.73,41.99],[-70.35,41.7],[-70.01,41.8],[-70.07,42.04],[-69.95,41.64],[-70.67,41.52],[-70.65,41.77],[-71.19,41.46],[-71.15,41.72],[-71.3,41.65],[-71.4,41.82],[-71.48,41.36],[-72.07,41.32],[-72.08,41.52],[-72.09,41.31],[-73.37,41.15],[-74.01,40.7],[-73.87,41.08],[-73.98,41.24],[-73.93,40.91],[-74.31,40.51],[-73.98,40.4],[-74.1,40.32],[-73.98,40.41],[-74.09,39.79],[-74.09,40.08],[-74.34,39.54],[-74.65,39.63],[-74.38,39.48],[-74.69,39.33],[-74.91,38.95],[-74.8,39.19],[-75.03,39.19],[-75,39.36],[-75.14,39.18],[-75.36,39.35],[-75.23,39.42],[-75.54,39.46],[-75.46,39.76],[-75.21,39.86],[-75.62,39.58],[-75.28,38.86],[-75.09,38.8],[-75.23,38.58],[-75.07,38.68],[-75.05,38.5],[-75.97,37.12],[-75.94,37.57],[-75.64,37.96],[-75.86,37.94],[-75.85,38.36],[-75.98,38.25],[-75.98,38.4],[-76.05,38.22],[-76.33,38.48],[-76.19,38.51],[-76.29,38.63],[-76,38.58],[-76.33,38.77],[-76.15,38.77],[-76.19,39.32],[-75.93,39.37],[-75.94,39.6],[-76.6,39.29],[-76.51,38.5],[-76.38,38.39],[-76.7,38.53],[-76.38,38.29],[-76.35,38.05],[-76.93,38.42],[-76.92,38.29],[-77.02,38.51],[-77.25,38.38],[-77.1,38.69],[-77.32,38.36],[-77.04,38.4],[-77.02,38.2],[-76.7,38.06],[-76.61,38.15],[-76.49,37.93],[-76.24,37.89],[-76.44,37.88],[-76.29,37.78],[-76.38,37.61],[-76.87,37.93],[-76.3,37.56],[-76.41,37.53],[-76.28,37.31],[-76.42,37.47],[-76.51,37.25],[-76.83,37.54],[-76.3,37],[-76.87,37.24],[-76.9,37.41],[-76.92,37.23],[-77.31,37.37],[-76.68,37.16],[-76.49,36.96],[-76.56,36.74],[-76.36,36.92],[-76.43,36.79],[-76.32,36.86],[-76.24,36.72],[-76.33,36.96],[-76.08,36.82],[-75.99,36.92],[-75.54,35.78],[-75.94,36.73],[-75.9,36.49],[-76.07,36.6],[-75.79,36.07],[-76.2,36.34],[-76.07,36.14],[-76.48,36.21],[-76.31,36.09],[-76.58,36.01],[-76.71,36.33],[-76.74,35.94],[-76.06,35.99],[-76.04,35.65],[-75.86,35.98],[-75.74,35.63],[-75.89,35.65],[-76.16,35.33],[-76.54,35.46],[-76.46,35.58],[-76.64,35.54],[-76.58,35.39],[-77.06,35.54],[-76.47,35.28],[-76.82,34.97],[-77.06,35.1],[-76.75,34.91],[-76.47,35.08],[-76.44,34.9],[-76.34,35.03],[-76.28,34.94],[-76.52,34.72],[-76.63,34.84],[-76.62,34.71],[-77.16,34.77],[-77.32,34.55],[-77.44,34.74],[-77.37,34.52],[-77.76,34.31],[-77.92,33.96],[-77.94,34.14],[-78.02,33.89],[-78.62,33.85],[-79.1,33.49],[-79.18,33.21],[-79.3,33.36],[-79.19,33.17],[-79.82,32.76],[-79.94,32.86],[-80,32.6],[-80.68,32.53],[-80.43,32.4],[-80.64,32.27],[-80.86,32.36],[-80.67,32.22],[-80.82,32.11],[-80.8,32.25],[-81.13,31.72],[-81.28,31.8],[-81.18,31.52],[-81.41,31.17],[-81.65,31.12],[-81.5,31.03],[-81.68,30.96],[-81.5,30.94],[-81.65,30.84],[-81.48,30.59],[-81.66,30.56],[-81.46,30.4],[-81.69,30.41],[-81.65,29.67],[-81.52,29.77],[-81.67,30.31],[-81.38,30.4],[-81.34,29.9],[-80.83,28.95],[-80.73,28.37],[-80.8,28.65],[-80.6,28.61],[-80.72,28.3],[-80.03,26.8],[-80.13,25.91],[-80.42,25.21],[-81.14,25.18],[-81.11,25.34],[-80.85,25.24],[-81.04,25.37],[-80.92,25.44],[-81.15,25.39],[-81.06,25.44],[-81.2,25.53],[-81,25.57],[-81.23,25.56],[-81.29,25.73],[-81.18,25.73],[-81.38,25.77],[-81.29,25.86],[-81.78,26.05],[-81.87,26.52],[-82.01,26.49],[-81.87,26.69],[-82.06,26.55],[-82.1,26.91],[-81.97,26.98],[-82.3,27.06],[-82.17,26.78],[-82.69,27.47],[-82.42,27.52],[-82.62,27.59],[-82.39,27.95],[-82.53,27.83],[-82.7,28.04],[-82.58,27.88],[-82.68,27.69],[-82.85,27.87],[-82.61,28.71],[-82.73,29],[-83.98,30.12],[-85.35,29.67],[-85.36,29.9],[-85.73,30.12],[-85.39,30.05],[-85.73,30.18],[-85.56,30.35],[-85.87,30.28],[-85.73,30.12],[-86.52,30.4],[-86.12,30.37],[-86.19,30.51],[-87.18,30.34],[-86.94,30.45],[-87.03,30.63],[-87.27,30.34],[-87.5,30.31],[-87.39,30.46],[-87.74,30.28],[-87.92,30.69],[-88.19,30.32],[-88.95,30.47],[-88.86,30.39],[-89.33,30.38],[-89.59,30.15],[-90.22,30.39],[-90.43,30.18],[-90.35,30],[-89.65,30.14],[-89.88,30.03],[-89.74,29.82],[-89.43,30.05],[-89.35,29.78],[-89.52,29.85],[-89.82,29.56],[-90.02,29.65],[-90.04,29.47],[-90.18,29.59],[-90.18,29.28],[-90.09,29.44],[-90.25,29.17],[-90.09,29.17],[-90.23,29.08],[-90.35,29.49],[-90.56,29.46],[-90.62,29.24],[-90.7,29.46],[-90.68,29.25],[-90.95,29.33],[-90.78,29.43],[-91.12,29.29],[-91.23,29.62],[-91.27,29.48],[-91.54,29.52],[-91.61,29.76],[-91.87,29.72],[-91.78,29.83],[-92.26,29.76],[-92.01,29.61],[-92.32,29.53],[-93.34,29.76],[-93.31,30.15],[-93.35,29.76],[-94.5,29.51],[-94.78,29.54],[-94.75,29.9],[-94.87,29.67],[-95.02,29.72],[-94.98,29.42],[-94.81,29.36],[-95.22,29.21],[-95.26,28.99],[-95.12,29.07],[-95.38,28.87],[-95.8,28.82],[-95.96,28.63],[-95.66,28.75],[-96.31,28.42],[-95.98,28.66],[-96.21,28.61],[-96.17,28.76],[-96.36,28.63],[-96.44,28.77],[-96.49,28.57],[-96.66,28.72],[-96.4,28.44],[-96.69,28.33],[-96.81,28.5],[-96.78,28.24],[-97.16,28.18],[-97.21,27.98],[-97.02,28.07],[-97.16,27.9],[-96.39,28.37],[-97.06,27.88],[-97.37,26.91],[-97.37,27.37],[-97.08,27.86],[-97.53,27.88],[-97.25,27.68],[-97.4,27.33],[-97.71,27.25],[-97.44,27.25],[-97.57,26.86],[-97.28,26.16],[-97.38,26],[-97.25,26.11],[-97.15,25.96],[-97.45,25.86],[-99.03,26.41],[-99.54,27.31],[-99.51,27.57],[-100.22,28.23],[-100.78,29.23],[-101.42,29.77],[-102.32,29.88],[-102.67,29.74],[-102.87,29.22],[-103.29,28.98],[-104.51,29.63],[-104.92,30.6],[-106.53,31.78],[-108.21,31.78],[-108.21,31.33],[-111.07,31.33],[-114.78,32.49],[-114.72,32.71],[-117.12,32.53],[-117.27,33.09],[-117.86,33.63],[-118.41,33.74],[-118.55,34.04],[-118.81,34],[-119.56,34.41],[-120.64,34.56],[-120.64,35.14],[-121.9,36.31],[-121.98,36.58],[-121.76,36.81],[-122.34,37.12],[-122.52,37.52],[-122.41,37.81],[-122.36,37.59],[-121.93,37.44],[-122.37,38.01],[-121.7,38.01],[-121.68,38.12],[-122.14,38.04],[-122.37,38.2],[-122.53,37.82],[-122.93,38.09],[-123.02,37.99],[-123,38.24],[-122.83,38.09],[-123.73,38.92],[-123.85,39.83],[-124.41,40.44],[-124.08,40.83],[-124.04,41.54],[-124.57,42.84],[-124.39,43.33],[-124.15,43.37],[-124.23,43.47],[-124.35,43.36],[-123.96,45.57],[-123.87,45.5],[-124.07,46.23],[-123.78,46.08],[-123.87,46.19],[-123.54,46.24],[-122.95,46.09],[-123.68,46.31],[-124.09,46.26],[-124.07,46.65],[-123.96,46.36],[-123.83,46.71],[-124.09,46.74],[-124.16,46.91],[-124.02,46.83],[-123.85,46.96],[-124.04,47.06],[-124.18,46.93],[-124.73,48.38],[-123.98,48.16],[-123.1,48.18],[-122.89,47.99],[-122.75,48.14],[-122.61,47.89],[-122.78,47.69],[-122.86,47.82],[-123.16,47.35],[-122.84,47.43],[-123.11,47.38],[-122.53,47.91],[-122.47,47.75],[-122.71,47.61],[-122.5,47.51],[-122.59,47.34],[-122.77,47.17],[-122.83,47.41],[-123.09,47.21],[-122.94,47.2],[-123.08,47.09],[-122.92,47.17],[-122.99,47.04],[-122.81,47.18],[-122.73,47.05],[-122.53,47.28],[-122.36,47.26],[-122.44,47.66],[-122.18,48.03],[-122.37,48.24],[-122.36,48.06],[-122.51,48.13],[-122.37,48.33],[-122.56,48.58],[-122.42,48.6],[-122.76,49]]],[[[-95.15,49.17],[-95.15,49.38],[-94.95,49.21],[-95.15,49.17]]],[[[-83.5,45.93],[-83.88,45.98],[-83.63,46.1],[-83.5,45.93]]],[[[-174.19,52.42],[-174,52.36],[-174.2,52.22],[-174.09,52.11],[-175.34,52.02],[-174.34,52.18],[-174.29,52.33],[-174.46,52.32],[-174.19,52.42]]],[[[-173.6,52.14],[-172.95,52.09],[-174.05,52.13],[-173.6,52.14]]],[[[-176.55,51.84],[-176.43,51.74],[-176.98,51.6],[-176.91,51.81],[-176.71,51.79],[-176.79,51.96],[-176.56,51.99],[-176.55,51.84]]],[[[-178.01,51.91],[-177.62,51.85],[-177.91,51.6],[-178.23,51.87],[-178.01,51.91]]],[[[-177.57,51.72],[-177.05,51.91],[-177.15,51.71],[-177.67,51.66],[-177.57,51.72]]],[[[-172.92,60.47],[-172.95,60.61],[-172.22,60.31],[-172.92,60.47]]],[[[-164.62,62.69],[-164.87,62.74],[-164.8,62.93],[-164.38,63.02],[-164.1,62.76],[-164.62,62.69]]],[[[-163.79,63.11],[-164.13,63.01],[-163.66,63.11],[-163.89,62.99],[-163.8,62.92],[-164.1,62.9],[-164.59,63.12],[-164.05,63.26],[-163.79,63.11]]],[[[-146.09,60.4],[-146.7,60.26],[-146.61,60.48],[-146.09,60.4]]],[[[-147.62,60.38],[-147.77,60.15],[-147.7,60.51],[-147.62,60.38]]],[[[-165.04,60.46],[-165.42,60.56],[-164.86,60.86],[-164.26,60.79],[-164.71,60.3],[-165.04,60.46]]],[[[-153.36,57.05],[-153.26,57.21],[-152.87,57.16],[-153.36,57.05]]],[[[-154.34,57.16],[-154.49,57.06],[-154.12,57.09],[-154.25,56.87],[-154.8,57.35],[-154.35,57.64],[-154.01,57.65],[-154.1,57.53],[-153.62,57.27],[-153.88,57.64],[-153.55,57.59],[-153.92,57.71],[-153.85,57.87],[-153.62,57.88],[-153.49,57.62],[-153.49,57.77],[-153.31,57.72],[-153.48,57.84],[-153.18,57.7],[-153.24,57.9],[-153.04,57.82],[-153.29,58],[-152.8,57.91],[-152.85,57.72],[-152.62,57.92],[-152.33,57.83],[-152.57,57.7],[-152.15,57.62],[-152.32,57.43],[-152.96,57.52],[-153.05,57.43],[-152.76,57.46],[-152.63,57.32],[-153.16,57.36],[-152.95,57.25],[-153.54,57.18],[-153.49,57.07],[-153.76,57.05],[-153.59,56.94],[-153.98,56.74],[-154.15,56.75],[-153.74,57.14],[-154.09,56.97],[-153.95,57.12],[-154.34,57.16]]],[[[-153.36,58.04],[-153.27,58.15],[-152.91,57.98],[-153.36,58.04]]],[[[-152.67,58.08],[-152.86,57.99],[-153.22,58.16],[-152.85,58.15],[-153.1,58.26],[-152.72,58.26],[-152.89,58.41],[-152.49,58.47],[-152.43,58.3],[-152.12,58.4],[-152.14,58.21],[-151.99,58.35],[-152.08,58.15],[-152.26,58.27],[-152.27,58.12],[-152.56,58.09],[-152.58,58.22],[-152.67,58.08]]],[[[-161.12,58.66],[-160.69,58.82],[-160.92,58.56],[-161.12,58.66]]],[[[-165.88,59.87],[-166.29,59.85],[-166.19,59.75],[-167.46,60.21],[-166.85,60.2],[-166.16,60.43],[-165.68,60.29],[-165.57,59.93],[-165.88,59.87]]],[[[-132.87,56.51],[-132.94,56.82],[-132.54,56.61],[-132.87,56.51]]],[[[-132.94,56.27],[-133.01,56.43],[-132.63,56.42],[-132.66,56.28],[-132.94,56.27]]],[[[-131.95,56.23],[-132.07,56.12],[-132.33,56.24],[-132.39,56.49],[-131.95,56.23]]],[[[-133.66,56.46],[-133.68,56.85],[-134.05,57.02],[-132.95,56.87],[-133.01,56.6],[-133.37,56.84],[-133.15,56.46],[-133.66,56.46]]],[[[-134.52,57.51],[-134.34,57.57],[-134.68,57.61],[-134.96,58.41],[-134.69,58.16],[-134.18,58.16],[-133.8,57.6],[-134.32,58.09],[-134.31,57.83],[-133.85,57.46],[-134.1,57.47],[-133.86,57.37],[-134.19,57.4],[-134.12,57.24],[-134.62,57.01],[-134.58,57.4],[-134.32,57.34],[-134.52,57.51]]],[[[-135.12,57.49],[-135.83,57.77],[-135.55,57.46],[-135.97,57.46],[-135.92,57.59],[-136.43,57.82],[-136.35,58],[-136.03,57.84],[-136.43,58.09],[-136.36,58.22],[-136.11,58.07],[-136.17,58.22],[-135.58,58.21],[-135.68,57.95],[-135.41,58.14],[-134.95,58.04],[-134.94,57.85],[-135.23,57.95],[-135.07,57.77],[-135.89,58],[-135.44,57.74],[-134.94,57.76],[-134.84,57.48],[-135.12,57.49]]],[[[-135.65,57.26],[-135.6,57.04],[-135.85,56.99],[-135.86,57.33],[-135.65,57.26]]],[[[-134.82,56.38],[-135.07,56.54],[-134.83,56.74],[-135.12,56.6],[-135.02,56.82],[-135.31,56.78],[-135.4,56.95],[-135.12,56.98],[-135.69,57.36],[-135.48,57.35],[-135.43,57.56],[-134.84,57.25],[-134.67,56.16],[-134.82,56.38]]],[[[-147.29,60.22],[-147.16,60.37],[-146.92,60.31],[-147.43,59.87],[-147.91,59.77],[-147.29,60.22]]],[[[-133.59,55.71],[-133.63,55.83],[-133.31,55.8],[-133.59,55.71]]],[[[-132.63,56.06],[-132.72,56.22],[-132.43,56.35],[-132.51,56.19],[-132.1,56.1],[-132.26,56.13],[-132.22,55.94],[-132.45,55.96],[-132.46,56.17],[-132.63,56.06]]],[[[-133.35,55.99],[-133.81,55.94],[-133.43,56.16],[-133.29,56.15],[-133.41,55.9],[-133.35,55.99]]],[[[-134.32,56.64],[-134.41,56.86],[-134.12,56.85],[-134.27,56.94],[-133.91,56.76],[-134.05,56.64],[-133.73,56.78],[-134.14,56],[-134.3,56.35],[-134.18,56.45],[-134.05,56.34],[-134.04,56.5],[-134.32,56.64]]],[[[-160.84,55.2],[-160.8,55.38],[-160.52,55.38],[-160.52,55.13],[-160.84,55.2]]],[[[-131.76,55.13],[-131.85,55.43],[-131.61,55.29],[-131.76,55.13]]],[[[-131.47,55.38],[-131.55,55.29],[-131.83,55.45],[-131.53,55.73],[-131.72,55.75],[-131.49,55.79],[-131.71,55.84],[-131.26,55.97],[-130.97,55.39],[-131.18,55.19],[-131.24,55.41],[-131.46,55.28],[-131.36,55.65],[-131.47,55.38]]],[[[-132.94,56.01],[-132.14,55.47],[-132.56,55.62],[-132.74,55.36],[-132.41,55.52],[-132.47,55.32],[-132.28,55.42],[-132.1,55.28],[-132.47,55.26],[-132.36,55.13],[-131.99,55.26],[-132.31,54.98],[-131.98,55.04],[-132.02,54.69],[-132.32,54.72],[-132.39,55.08],[-132.42,54.91],[-132.62,54.97],[-132.54,55.28],[-132.67,55.14],[-133.24,55.29],[-132.88,55.35],[-133.16,55.48],[-132.93,55.62],[-133.4,55.62],[-133.13,55.88],[-133.27,56.15],[-133.64,56.21],[-133.63,56.35],[-133.17,56.33],[-132.94,56.01]]],[[[-159.92,55.23],[-160.23,54.86],[-160.2,55.11],[-159.92,55.23]]],[[[-131.54,55.13],[-131.57,55.29],[-131.39,55.01],[-131.64,55.01],[-131.54,55.13]]],[[[-163.53,54.63],[-164.22,54.6],[-164.65,54.39],[-164.95,54.58],[-164.49,54.92],[-163.77,55.05],[-163.45,55.04],[-163.39,54.8],[-163.05,54.69],[-163.53,54.63]]],[[[-165.58,54.27],[-165.39,54.2],[-165.56,54.11],[-165.58,54.27]]],[[[-165.88,54.18],[-165.67,54.1],[-166.05,54.05],[-166.08,54.17],[-165.88,54.18]]],[[[-166.42,53.67],[-166.66,53.48],[-166.8,53.56],[-166.75,53.44],[-167.85,53.31],[-166.97,53.53],[-167.16,53.6],[-167.04,53.71],[-166.79,53.63],[-166.7,53.72],[-167.15,53.83],[-167.01,53.96],[-166.65,54.01],[-166.61,53.83],[-166.27,53.98],[-166.62,53.74],[-166.34,53.79],[-166.42,53.67]]],[[[-168.33,53.48],[-167.79,53.5],[-169.11,52.82],[-168.61,53.27],[-168.35,53.26],[-168.33,53.48]]],[[[-170.76,-14.37],[-170.84,-14.32],[-170.56,-14.25],[-170.76,-14.37]]],[[[-169.71,63.01],[-170.73,63.39],[-171.73,63.37],[-171.74,63.78],[-171.5,63.58],[-170.29,63.69],[-170.06,63.43],[-168.69,63.3],[-169.71,63.01]]],[[[-159.54,21.89],[-159.78,22.07],[-159.35,22.22],[-159.33,21.96],[-159.54,21.89]]],[[[-157.31,21.1],[-157.25,21.22],[-156.71,21.16],[-157.31,21.1]]],[[[-158.12,21.33],[-158.28,21.57],[-157.98,21.71],[-157.65,21.3],[-158.12,21.33]]],[[[-156.89,20.74],[-157.06,20.91],[-156.83,20.86],[-156.89,20.74]]],[[[-156.64,21.02],[-155.99,20.71],[-156.41,20.58],[-156.47,20.8],[-156.69,20.88],[-156.64,21.02]]],[[[-155.88,19.05],[-156.06,19.73],[-155.83,19.98],[-155.85,20.27],[-155.21,19.97],[-154.81,19.52],[-155.67,18.91],[-155.88,19.05]]],[[[-72.55,41],[-72.28,41.16],[-72.66,40.92],[-71.86,41.07],[-72.87,40.74],[-74.04,40.62],[-73.48,40.95],[-72.55,41]]],[[[-70.71,41.34],[-70.84,41.35],[-70.57,41.47],[-70.47,41.35],[-70.71,41.34]]],[[[-88.77,48.09],[-88.44,48.18],[-88.91,47.87],[-89.24,47.84],[-88.77,48.09]]],[[[-122.76,48.24],[-122.6,48.41],[-122.51,48.3],[-122.73,48.23],[-122.38,47.91],[-122.76,48.24]]],[[[-122.93,48.71],[-122.74,48.66],[-123.03,48.61],[-122.93,48.71]]],[[[-118.47,32.83],[-118.61,33.03],[-118.35,32.82],[-118.47,32.83]]],[[[-120.05,34.01],[-120.12,33.89],[-120.25,34],[-120.05,34.01]]],[[[-119.85,34.07],[-119.52,34.03],[-119.82,33.96],[-119.85,34.07]]],[[[-89.78,29.57],[-89.39,29.32],[-89.73,29.39],[-89.69,29.49],[-89.84,29.42],[-89.78,29.57]]],[[[-67.09,17.96],[-67.21,17.95],[-67.27,18.36],[-67.14,18.51],[-65.61,18.38],[-65.6,18.21],[-65.92,17.98],[-67.09,17.96]]],[[[144.77,13.39],[144.68,13.25],[144.62,13.45],[144.87,13.65],[144.77,13.39]]],[[[172.76,52.88],[172.44,52.92],[173.12,52.99],[173.43,52.83],[172.9,52.75],[172.76,52.88]]],[[[173.49,52.44],[173.77,52.51],[173.72,52.36],[173.49,52.44]]],[[[177.61,51.95],[177.2,51.88],[177.59,52.14],[177.61,51.95]]],[[[178.68,51.65],[179.47,51.37],[179.24,51.35],[178.68,51.65]]]]}},{"type":"Feature","properties":{"id":"NZL"},"geometry":{"type":"MultiPolygon","coordinates":[[[[-176.63,-43.71],[-176.33,-44.03],[-176.58,-44.13],[-176.56,-43.83],[-176.89,-43.82],[-176.63,-43.71]]],[[[165.95,-50.75],[166.06,-50.53],[166.29,-50.54],[166.08,-50.72],[166.22,-50.86],[166.02,-50.74],[165.89,-50.84],[165.95,-50.75]]],[[[175.49,-36.19],[175.52,-36.35],[175.31,-36.23],[175.34,-36.07],[175.49,-36.19]]],[[[177.89,-39.06],[177.86,-39.27],[177.84,-39.06],[177.07,-39.16],[176.86,-39.48],[177.1,-39.64],[175.96,-41.25],[175.29,-41.61],[175.17,-41.38],[174.87,-41.41],[174.9,-41.22],[174.62,-41.29],[175.17,-40.65],[175.14,-40.07],[173.77,-39.37],[173.85,-39.15],[174.6,-38.82],[174.68,-38.11],[174.92,-38.09],[174.78,-38.08],[174.89,-37.96],[174.77,-37.84],[174.97,-37.8],[174.84,-37.8],[174.7,-37.42],[174.81,-37.32],[174.69,-37.35],[174.54,-37.06],[174.73,-37.25],[174.69,-37.14],[174.94,-37.06],[174.77,-36.93],[174.48,-37.04],[174.16,-36.47],[174.44,-36.65],[174.43,-36.34],[174.25,-36.38],[174.51,-36.25],[174.31,-36.31],[174.42,-36.14],[174.31,-36.23],[174.2,-36.11],[174.23,-36.26],[173.97,-36.1],[174.18,-36.34],[174.05,-36.39],[173.22,-35.38],[173.28,-35.28],[173.21,-35.38],[173.06,-35.19],[173.15,-35],[172.68,-34.42],[173.05,-34.41],[172.86,-34.54],[173.28,-34.89],[173.23,-35.02],[173.4,-34.78],[173.46,-35.02],[173.56,-34.91],[173.72,-35.09],[173.86,-34.99],[174.08,-35.12],[173.96,-35.22],[174.1,-35.36],[174.33,-35.17],[174.59,-35.85],[174.36,-35.73],[174.31,-35.84],[174.5,-35.84],[174.57,-36.14],[174.87,-36.37],[174.72,-36.36],[174.74,-36.5],[174.66,-36.4],[174.66,-36.6],[174.84,-36.6],[174.68,-36.62],[174.81,-36.83],[174.6,-36.76],[174.66,-36.9],[175.19,-36.93],[175.34,-37.21],[175.5,-37.2],[175.47,-36.62],[175.33,-36.49],[175.49,-36.51],[175.61,-36.76],[175.82,-36.72],[175.66,-36.87],[175.83,-36.86],[176.04,-37.68],[176.23,-37.71],[176.18,-37.62],[177.15,-38.04],[177.98,-37.54],[178.54,-37.67],[178.35,-38.42],[177.95,-38.7],[177.89,-39.06]]],[[[168.06,-46.95],[168.22,-47.1],[167.45,-47.28],[167.77,-46.92],[167.72,-46.71],[167.98,-46.72],[168.16,-46.9],[167.91,-46.98],[168.06,-46.95]]],[[[172.71,-43.55],[172.66,-43.67],[173.05,-43.65],[173.1,-43.83],[172.22,-43.89],[171.33,-44.3],[171.15,-44.94],[170.9,-44.89],[171.15,-44.94],[170.57,-45.72],[170.72,-45.77],[170.51,-45.88],[170.73,-45.77],[170.75,-45.87],[170.29,-45.96],[169.58,-46.58],[168.33,-46.63],[168.34,-46.42],[167.78,-46.39],[167.52,-46.16],[166.66,-46.2],[166.92,-45.92],[166.71,-46.08],[166.56,-46.07],[166.71,-45.86],[166.45,-46],[166.45,-45.81],[166.98,-45.72],[166.73,-45.73],[166.97,-45.6],[166.72,-45.6],[167.01,-45.49],[166.67,-45.58],[166.76,-45.4],[166.91,-45.43],[166.84,-45.28],[167.16,-45.47],[166.97,-45.14],[167.31,-45.05],[167.14,-44.99],[167.33,-44.84],[167.44,-44.98],[167.36,-44.82],[167.53,-44.88],[167.75,-44.58],[167.93,-44.68],[167.82,-44.5],[168.37,-44.01],[168.79,-43.98],[170.94,-42.78],[171.46,-41.75],[171.72,-41.72],[172.08,-41.38],[172.13,-40.85],[172.68,-40.5],[173.04,-40.56],[172.73,-40.52],[172.65,-40.66],[172.84,-40.84],[173,-40.78],[173,-41.15],[173.19,-41.33],[173.83,-40.92],[174.02,-40.91],[173.77,-41.02],[173.95,-41.06],[173.77,-41.29],[174.12,-41.18],[173.87,-41.21],[174.05,-41.11],[174,-40.97],[174.32,-40.99],[173.91,-41.28],[174.32,-41.21],[174.03,-41.44],[174.28,-41.74],[173.32,-42.88],[172.78,-43.15],[172.71,-43.55]]]]}},{"type":"Feature","properties":{"id":"KEN"},"geometry":{"type":"Polygon","coordinates":[[[33.99,4.23],[34.39,4.61],[35.94,4.62],[35.83,3.62],[36.61,2.4],[36.71,2.86],[36.39,2.98],[36.21,3.29],[36.21,4.45],[37.03,4.38],[38.13,3.61],[39.54,3.4],[39.87,3.87],[40.76,4.28],[41.17,3.94],[41.9,3.98],[40.99,2.83],[40.99,-0.83],[41.56,-1.66],[41.28,-1.99],[41.22,-1.89],[41.01,-2.05],[41,-1.9],[40.95,-2.08],[40.78,-1.94],[40.93,-2.23],[40.72,-2.22],[40.77,-2.45],[40.19,-2.74],[40.12,-3.29],[39.45,-4.58],[39.22,-4.68],[37.77,-3.63],[37.59,-3.46],[37.71,-3.3],[37.53,-2.97],[34.09,-1.03],[34.2,-0.88],[34.06,-0.82],[34.13,-0.4],[34.48,-0.51],[34.45,-0.35],[34.87,-0.26],[34.67,-0.1],[34.37,-0.19],[34.32,-0.41],[34.06,-0.13],[34.15,-0.08],[34.02,-0.09],[34.01,0.25],[34.99,1.66],[34.95,2.47],[34.4,3.37],[34.46,3.67],[34.09,3.86],[33.99,4.23]]]}},{"type":"Feature","properties":{"id":"DZA"},"geometry":{"type":"Polygon","coordinates":[[[8.64,36.94],[8.15,36.5],[8.41,36.41],[8.25,35.89],[8.31,35.32],[8.48,35.24],[8.25,34.92],[8.32,34.73],[7.53,34.07],[7.53,33.8],[7.83,33.19],[8.12,33.1],[8.32,32.82],[8.36,32.5],[9.07,32.09],[9.56,30.24],[9.41,30.07],[9.78,29.42],[9.96,27.87],[9.78,27.26],[9.93,26.86],[9.86,26.52],[9.4,26.2],[10.03,25.36],[10.22,24.65],[10.9,24.56],[11.42,24.2],[11.6,24.26],[12,23.52],[7.51,20.88],[5.81,19.45],[3.3,19],[3.11,19.16],[3.25,19.83],[2.68,20.1],[2.38,20.03],[2.21,20.32],[1.8,20.3],[1.6,20.6],[1.17,20.74],[1.17,21.12],[-8.67,27.31],[-8.67,28.71],[-7.15,29.52],[-5.8,29.61],[-5.56,29.48],[-5.29,29.9],[-4.32,30.53],[-3.67,30.66],[-3.54,31.01],[-3.64,31.17],[-3.78,31.1],[-3.66,31.63],[-2.82,31.79],[-2.87,32.11],[-1.15,32.11],[-1.3,32.17],[-1.25,32.33],[-1,32.52],[-1.54,32.96],[-1.69,34.49],[-1.85,34.62],[-1.74,34.74],[-2.21,35.09],[-1.77,35.12],[-1.29,35.36],[-1.05,35.67],[-0.63,35.71],[-0.47,35.89],[-0.1,35.79],[0.34,36.19],[1.34,36.55],[2.56,36.59],[2.89,36.8],[3.49,36.77],[3.89,36.92],[4.79,36.89],[5.37,36.64],[6.47,37.09],[6.94,36.87],[7.22,36.95],[7.21,37.09],[7.79,36.97],[7.82,36.84],[8.64,36.94]]]}},{"type":"Feature","properties":{"id":"CIV"},"geometry":{"type":"Polygon","coordinates":[[[-8.47,7.56],[-8.21,7.54],[-8.06,8.04],[-7.94,8.02],[-7.98,8.19],[-8.24,8.23],[-8.24,8.46],[-7.64,8.38],[-7.69,8.65],[-7.97,8.83],[-7.73,9.07],[-7.92,9.21],[-7.85,9.42],[-8.14,9.53],[-8.16,9.95],[-7.72,10.39],[-7.46,10.45],[-7.38,10.25],[-7.03,10.15],[-6.94,10.35],[-6.68,10.34],[-6.67,10.6],[-6.43,10.56],[-6.21,10.73],[-6.2,10.24],[-5.99,10.2],[-5.79,10.43],[-5.11,10.31],[-4.97,9.89],[-4.69,9.68],[-4.52,9.75],[-4.31,9.6],[-4.13,9.85],[-3.19,9.94],[-2.82,9.45],[-2.69,9.49],[-2.78,9.06],[-2.62,8.92],[-2.49,8.21],[-2.78,7.95],[-3.26,6.62],[-3.03,5.71],[-2.76,5.6],[-2.72,5.14],[-3.21,5.19],[-3.21,5.38],[-3.31,5.13],[-4.55,5.19],[-3.98,5.27],[-4.04,5.35],[-4.83,5.15],[-5.32,5.24],[-5.36,5.11],[-6.09,4.99],[-7.55,4.38],[-7.42,5.84],[-7.74,5.93],[-7.9,6.28],[-8.6,6.51],[-8.27,7],[-8.47,7.56]]]}},{"type":"Feature","properties":{"id":"BHR"},"geometry":{"type":"Polygon","coordinates":[[[50.63,26.13],[50.57,25.79],[50.44,26.23],[50.63,26.13]]]}},{"type":"Feature","properties":{"id":"VEN"},"geometry":{"type":"MultiPolygon","coordinates":[[[[-59.99,8.53],[-59.82,8.32],[-60.03,8.03],[-60.54,7.82],[-60.72,7.54],[-60.55,7.13],[-60.29,7.13],[-60.37,6.94],[-61.14,6.72],[-61.12,6.19],[-61.41,5.97],[-60.59,4.93],[-60.99,4.52],[-61.32,4.54],[-61.56,4.25],[-62.75,4.03],[-62.74,3.67],[-62.96,3.61],[-63.2,3.95],[-63.43,3.98],[-63.5,3.84],[-63.68,4.02],[-63.96,3.87],[-64.16,4.13],[-64.56,4.11],[-64.81,4.27],[-64.17,3.57],[-64.23,3.12],[-63.98,2.72],[-64.06,2.5],[-63.42,2.45],[-63.4,2.15],[-63.99,1.98],[-64.34,1.36],[-64.39,1.53],[-64.74,1.23],[-64.8,1.32],[-65.6,0.69],[-65.5,0.87],[-65.62,1.01],[-66.12,0.75],[-66.84,1.22],[-67.26,2.43],[-67.86,2.87],[-67.33,3.36],[-67.7,3.97],[-67.84,4.59],[-67.83,5.24],[-67.4,5.97],[-67.54,6.26],[-69.23,6.08],[-70.12,6.98],[-71.98,7.02],[-72.2,7.38],[-72.44,7.4],[-72.39,8.34],[-72.66,8.61],[-72.77,9.08],[-73.35,9.19],[-72.95,9.84],[-72.89,10.45],[-72.65,10.88],[-72.25,11.14],[-71.97,11.65],[-71.38,11.81],[-71.97,11.55],[-71.88,11.22],[-71.6,11],[-71.82,10.99],[-71.58,10.7],[-72.13,9.81],[-72.01,9.46],[-71.72,9.38],[-71.82,9.23],[-71.7,9.06],[-71.34,9.09],[-71.06,9.32],[-71.03,9.71],[-71.59,10.79],[-71.43,10.8],[-71.45,10.97],[-70.05,11.44],[-70.14,11.56],[-69.75,11.46],[-69.81,11.69],[-70.24,11.63],[-70.29,11.9],[-70.02,12.2],[-69.63,11.47],[-69.26,11.53],[-68.66,11.35],[-68.22,10.89],[-68.33,10.85],[-68.24,10.58],[-67.93,10.45],[-66.24,10.65],[-65.87,10.23],[-65.08,10.04],[-64.19,10.48],[-63.64,10.49],[-64.23,10.5],[-64.26,10.66],[-61.86,10.75],[-62.35,10.53],[-62.97,10.53],[-63.04,10.45],[-62.85,10.53],[-62.82,10.42],[-63.03,10.44],[-63.01,10.31],[-62.73,10.38],[-62.83,10.37],[-62.62,10.12],[-62.79,10.03],[-62.62,10.23],[-62.33,9.8],[-62.2,10.02],[-61.82,9.76],[-61.58,9.8],[-61.64,9.9],[-60.88,9.47],[-60.78,9.32],[-61,9.18],[-60.75,9.22],[-60.89,8.82],[-60.85,8.71],[-60.68,8.79],[-61,8.56],[-59.99,8.53]]],[[[-63.89,10.9],[-64.17,10.98],[-63.88,11.18],[-63.78,11],[-63.89,10.9]]]]}},{"type":"Feature","properties":{"id":"UGA"},"geometry":{"type":"MultiPolygon","coordinates":[[[[30.85,3.5],[31.17,3.8],[31.52,3.64],[31.8,3.82],[32.2,3.51],[32.42,3.75],[33.03,3.89],[33.51,3.75],[33.99,4.23],[34.09,3.86],[34.46,3.67],[34.4,3.37],[34.95,2.47],[34.99,1.66],[34.01,0.25],[33.55,0.18],[33.27,0.48],[33,0.1],[32.87,0.2],[32.7,0.08],[32.7,0.3],[32.56,0.07],[31.93,-0.13],[32.05,-0.31],[31.68,-0.83],[31.78,-1],[30.47,-1.06],[29.93,-1.48],[29.82,-1.31],[29.59,-1.39],[29.69,-0.45],[29.9,-0.22],[29.73,-0.08],[30.01,0.85],[30.35,1.19],[30.63,1.02],[31.42,1.92],[31.39,2.28],[31.28,2.18],[30.74,2.45],[30.89,2.86],[30.77,3.05],[30.94,3.4],[30.85,3.5]]],[[[32.05,-0.26],[32.34,-0.35],[32.28,-0.48],[32.05,-0.26]]],[[[33.35,0.31],[33.31,0.1],[33.2,0.31],[33.35,0.31]]]]}},{"type":"Feature","properties":{"id":"MTQ"},"geometry":{"type":"Polygon","coordinates":[[[-61.23,14.8],[-60.87,14.77],[-60.84,14.41],[-61.08,14.47],[-61,14.61],[-61.23,14.8]]]}},{"type":"Feature","properties":{"id":"GUY"},"geometry":{"type":"Polygon","coordinates":[[[-57.18,5.59],[-57.28,5.23],[-57.18,5.2],[-57.92,4.83],[-57.84,4.65],[-58.04,4],[-57.65,3.36],[-57.3,3.38],[-57.21,2.85],[-56.69,2.03],[-56.47,1.95],[-56.8,1.85],[-57.31,2],[-57.54,1.7],[-57.99,1.66],[-58,1.5],[-58.32,1.6],[-58.5,1.27],[-58.83,1.17],[-59.69,1.76],[-59.98,2.93],[-59.8,3.36],[-59.87,3.58],[-59.52,3.94],[-59.73,4.18],[-59.67,4.38],[-60.16,4.52],[-60.11,5.19],[-60.74,5.2],[-61.41,5.97],[-61.12,6.19],[-61.23,6.57],[-61.14,6.72],[-60.37,6.94],[-60.29,7.13],[-60.55,7.13],[-60.72,7.54],[-60.54,7.82],[-60.03,8.03],[-59.82,8.32],[-59.99,8.53],[-59.12,8.03],[-58.48,7.34],[-58.6,6.32],[-58.42,6.86],[-58.02,6.8],[-57.58,6.38],[-57.62,6.16],[-57.48,6.34],[-57.18,6.11],[-57.18,5.59]]]}},{"type":"Feature","properties":{"id":"COL"},"geometry":{"type":"Polygon","coordinates":[[[-77.89,7.22],[-77.73,7.7],[-77.56,7.51],[-77.14,7.95],[-77.45,8.47],[-77.37,8.67],[-76.93,8.09],[-76.81,8.13],[-76.92,7.92],[-76.75,7.92],[-76.76,8.4],[-76.94,8.55],[-76.33,8.92],[-75.95,9.44],[-75.62,9.41],[-75.7,9.7],[-75.51,10.57],[-74.79,11.05],[-74.41,10.98],[-74.47,10.79],[-74.61,10.81],[-74.4,10.73],[-74.14,11.34],[-73.28,11.29],[-72.23,11.89],[-72.18,12.22],[-71.93,12.15],[-71.96,12.27],[-71.67,12.46],[-71.22,12.29],[-71.12,12.03],[-71.97,11.65],[-72.25,11.14],[-72.65,10.88],[-72.89,10.45],[-72.95,9.84],[-73.35,9.19],[-72.99,9.23],[-72.77,9.09],[-72.66,8.61],[-72.41,8.38],[-72.44,7.4],[-72.2,7.38],[-72.05,7.04],[-70.12,6.98],[-69.42,6.11],[-67.85,6.3],[-67.46,6.19],[-67.62,5.51],[-67.84,5.32],[-67.86,4.52],[-67.32,3.37],[-67.86,2.87],[-67.22,2.4],[-66.86,1.31],[-67.09,1.17],[-67.15,1.83],[-67.4,2.23],[-67.9,1.81],[-68.2,2.03],[-68.29,1.83],[-68.16,1.73],[-69.84,1.72],[-69.84,1.07],[-69.3,1.06],[-69.14,0.69],[-70.05,0.56],[-70.04,-0.19],[-69.61,-0.5],[-69.41,-1.18],[-69.93,-4.22],[-70.31,-3.81],[-70.71,-3.8],[-70.09,-2.65],[-70.86,-2.23],[-71.4,-2.38],[-71.83,-2.19],[-71.93,-2.38],[-72.87,-2.44],[-73.15,-2.26],[-73.14,-1.81],[-73.51,-1.72],[-73.57,-1.33],[-74.26,-0.95],[-74.44,-0.49],[-74.82,-0.2],[-75.81,0.05],[-76.27,0.44],[-76.42,0.24],[-77.53,0.4],[-77.48,0.66],[-78.18,0.94],[-78.31,1.19],[-78.43,1.14],[-79.01,1.65],[-78.83,1.82],[-78.56,1.75],[-78.71,2.17],[-78.57,2.45],[-78.48,2.37],[-78.55,2.49],[-78.44,2.39],[-78.47,2.56],[-78.32,2.36],[-78.32,2.51],[-78.2,2.44],[-77.84,2.7],[-77.04,3.9],[-77.28,3.84],[-77.18,4.05],[-77.36,3.93],[-77.53,4.13],[-77.29,4.74],[-77.39,5.44],[-77.54,5.48],[-77.24,5.76],[-77.48,6.19],[-77.33,6.55],[-77.89,7.22]]]}},{"type":"Feature","properties":{"id":"ERI"},"geometry":{"type":"MultiPolygon","coordinates":[[[[43.14,12.71],[42.7,12.35],[42.4,12.47],[40.94,14.08],[40.13,14.55],[39.93,14.42],[39.59,14.61],[39.25,14.41],[39.15,14.65],[38.46,14.41],[37.91,14.89],[37.53,14.18],[37.31,14.45],[36.63,14.31],[36.43,15.17],[36.97,16.27],[37,17.07],[37.4,17.05],[37.52,17.33],[38.26,17.53],[38.58,18.02],[39.71,15.09],[39.88,15.51],[40.21,14.95],[40.53,15.02],[40.78,14.71],[41.19,14.62],[41.69,13.93],[42.24,13.54],[42.24,13.64],[42.39,13.21],[42.55,13.23],[42.77,12.85],[42.99,12.83],[42.91,12.97],[43.14,12.71]]],[[[40.13,15.78],[40.42,15.56],[39.96,15.62],[40.08,15.65],[39.92,15.73],[40.05,15.82],[39.95,15.89],[40.13,15.78]]]]}},{"type":"Feature","properties":{"id":"ARG"},"geometry":{"type":"MultiPolygon","coordinates":[[[[-73.45,-49.79],[-73.62,-49.66],[-73.62,-49.16],[-73.11,-49.16],[-72.7,-48.9],[-72.55,-48.91],[-72.47,-49.15],[-72.22,-49.18],[-72.53,-48.89],[-72.58,-48.5],[-72.23,-48.32],[-72.53,-47.94],[-72.25,-47.41],[-72.01,-47.3],[-71.81,-47.53],[-72.02,-47.25],[-71.85,-47.16],[-71.96,-46.82],[-71.67,-46.52],[-71.13,-46.53],[-71.9,-46.13],[-71.61,-45.98],[-71.78,-45.62],[-71.37,-45.34],[-71.56,-44.98],[-72.06,-44.88],[-72.06,-44.76],[-71.25,-44.8],[-71.1,-44.59],[-71.31,-44.43],[-71.81,-44.42],[-71.85,-44.11],[-71.41,-43.93],[-71.65,-43.93],[-71.75,-43.79],[-71.58,-43.65],[-71.93,-43.45],[-71.73,-43.2],[-72.14,-42.9],[-72.16,-42.2],[-71.73,-42.1],[-71.89,-41.28],[-71.87,-40.65],[-71.66,-40.36],[-71.83,-40.09],[-71.67,-40.1],[-71.72,-39.64],[-71.5,-39.64],[-71.43,-38.93],[-70.83,-38.6],[-71.21,-37.69],[-71.15,-36.82],[-71.04,-36.47],[-70.71,-36.43],[-70.42,-36.15],[-70.31,-35.81],[-70.58,-35.26],[-70.38,-35.17],[-70.03,-34.29],[-69.8,-34.24],[-69.9,-33.77],[-69.77,-33.36],[-70.04,-33.27],[-69.99,-32.9],[-70.39,-32.04],[-70.21,-31.96],[-70.57,-31.47],[-70.27,-31.04],[-70.15,-30.35],[-69.96,-30.39],[-69.82,-30.18],[-69.96,-30.08],[-69.87,-29.7],[-70.02,-29.33],[-69.79,-29.13],[-69.65,-28.4],[-69.16,-27.95],[-68.84,-27.15],[-68.57,-27.18],[-68.26,-26.92],[-68.59,-26.49],[-68.38,-26.18],[-68.58,-25.42],[-68.34,-25.11],[-68.56,-24.78],[-68.39,-24.48],[-67.32,-24.03],[-66.99,-23],[-67.18,-22.81],[-66.74,-22.24],[-66.29,-22.09],[-66.22,-21.78],[-65.75,-22.11],[-64.99,-22.08],[-64.62,-22.2],[-64.34,-22.88],[-63.93,-22],[-62.83,-22],[-60.99,-23.82],[-60.04,-24.01],[-59.13,-24.62],[-57.86,-25.08],[-57.57,-25.54],[-58.1,-26.13],[-58.26,-26.72],[-58.79,-27.39],[-58.01,-27.26],[-56.82,-27.6],[-56.35,-27.54],[-56.12,-27.32],[-55.83,-27.53],[-55.44,-27.02],[-54.84,-26.67],[-54.59,-25.59],[-54.04,-25.58],[-53.64,-26.21],[-53.83,-27.16],[-55.78,-28.25],[-55.72,-28.42],[-55.87,-28.36],[-56.41,-29.07],[-57.63,-30.17],[-58.04,-30.94],[-57.88,-31.01],[-58.05,-31.17],[-57.99,-31.55],[-58.16,-31.84],[-58.08,-33],[-58.45,-33.09],[-58.54,-33.46],[-58.46,-34.52],[-57.5,-35.03],[-57.13,-35.44],[-57.41,-35.96],[-57.13,-36.27],[-56.73,-36.33],[-56.67,-36.87],[-57.49,-37.83],[-57.54,-38.1],[-59.01,-38.68],[-61.81,-38.99],[-62.51,-38.71],[-62.33,-38.85],[-62.32,-39.27],[-62.01,-39.38],[-62.29,-39.29],[-62.04,-39.45],[-62.11,-39.84],[-62.32,-39.87],[-62.48,-40.3],[-62.17,-40.63],[-62.38,-40.91],[-63.08,-41.15],[-63.78,-41.16],[-64.88,-40.83],[-64.73,-40.8],[-64.85,-40.72],[-65.11,-40.83],[-65.04,-42.06],[-64.46,-42.24],[-64.62,-42.42],[-64.43,-42.44],[-64.04,-42.35],[-64.38,-42.24],[-63.76,-42.08],[-63.63,-42.76],[-64.14,-42.87],[-64.21,-42.62],[-64.56,-42.49],[-64.98,-42.65],[-65.01,-42.78],[-64.31,-42.98],[-64.98,-43.26],[-65.33,-43.66],[-65.22,-44.37],[-65.73,-44.81],[-65.52,-44.93],[-65.69,-45.06],[-66.2,-44.98],[-66.6,-45.14],[-66.52,-45.22],[-66.96,-45.27],[-67.59,-45.99],[-67.5,-46.47],[-66.79,-47],[-65.74,-47.2],[-65.84,-47.74],[-66.29,-47.87],[-65.88,-47.76],[-65.76,-47.92],[-67.55,-49.01],[-67.83,-49.39],[-67.61,-49.25],[-67.9,-50],[-68.34,-50.12],[-68.62,-49.8],[-68.57,-49.94],[-68.78,-49.97],[-68.36,-50.16],[-68.88,-50.34],[-69.13,-50.9],[-69.46,-51.1],[-69.17,-50.98],[-68.95,-51.56],[-69.59,-51.62],[-68.96,-51.62],[-68.43,-52.4],[-70,-52],[-72.03,-51.97],[-72.44,-51.58],[-72.36,-50.62],[-73.12,-50.78],[-73.43,-50.37],[-73.45,-49.79]]],[[[-68.61,-54.89],[-68.6,-54.65],[-67.21,-54.54],[-68.61,-54.53],[-68.61,-52.66],[-68.2,-53.14],[-68.33,-53.01],[-68.56,-53.25],[-68.14,-53.33],[-67.72,-53.81],[-66.47,-54.48],[-65.7,-54.72],[-65.12,-54.66],[-65.22,-54.82],[-66.45,-55.06],[-68.25,-54.79],[-68.61,-54.89]]],[[[-56.73,-27.5],[-56.79,-27.57],[-56.98,-27.49],[-56.73,-27.5]]],[[[-64.36,-54.75],[-63.8,-54.73],[-64.7,-54.92],[-64.69,-54.78],[-64.36,-54.75]]]]}},{"type":"Feature","properties":{"id":"MNP"},"geometry":{"type":"Polygon","coordinates":[[[145.72,15.22],[145.83,15.27],[145.75,15.09],[145.72,15.22]]]}},{"type":"Feature","properties":{"id":"DOM"},"geometry":{"type":"Polygon","coordinates":[[[-71.76,18.03],[-71.7,18.34],[-71.95,18.58],[-71.74,18.72],[-71.72,18.88],[-71.89,18.96],[-71.64,19.2],[-71.76,19.7],[-71.65,19.9],[-71.01,19.93],[-70.27,19.64],[-69.96,19.68],[-69.74,19.28],[-69.15,19.3],[-69.23,19.18],[-69.62,19.22],[-69.62,19.08],[-68.78,18.97],[-68.32,18.6],[-68.64,18.21],[-69.21,18.46],[-69.88,18.48],[-70.15,18.23],[-70.5,18.19],[-70.61,18.42],[-71.06,18.32],[-71.42,17.6],[-71.69,17.77],[-71.76,18.03]]]}},{"type":"Feature","properties":{"id":"MWI"},"geometry":{"type":"Polygon","coordinates":[[[33.48,-10.78],[33.7,-10.56],[33.32,-10.05],[33.36,-9.82],[33.21,-9.6],[33,-9.63],[32.95,-9.4],[33.8,-9.61],[34.26,-10.4],[34.15,-10.6],[34.33,-11.65],[34.02,-12.19],[34.28,-12.75],[34.3,-13.37],[34.62,-13.73],[34.59,-14.21],[34.78,-14.26],[34.85,-13.99],[35.24,-14.42],[35.07,-13.73],[34.85,-13.72],[34.87,-13.48],[35.87,-14.85],[35.83,-15.09],[35.66,-15.04],[35.54,-15.33],[35.74,-15.54],[35.85,-15.48],[35.81,-15.93],[35.31,-16.22],[35.14,-16.56],[35.31,-17.06],[35.1,-17.13],[35.16,-16.84],[34.43,-16.26],[34.26,-15.92],[34.6,-15.27],[34.52,-14.56],[34.36,-14.39],[33.67,-14.62],[33.24,-14],[33.02,-14.05],[32.67,-13.57],[32.85,-13.53],[33.01,-13.21],[33.05,-12.6],[33.55,-12.36],[33.26,-12.13],[33.23,-11.42],[33.4,-11.16],[33.26,-10.89],[33.48,-10.78]]]}},{"type":"Feature","properties":{"id":"HTI"},"geometry":{"type":"MultiPolygon","coordinates":[[[[-71.76,19.7],[-71.68,19.24],[-71.89,18.96],[-71.72,18.88],[-71.74,18.72],[-72.01,18.62],[-71.7,18.34],[-71.76,18.03],[-72.05,18.24],[-72.82,18.14],[-73.39,18.28],[-73.7,18.24],[-73.88,18.02],[-74.48,18.42],[-74.42,18.62],[-74.2,18.68],[-72.89,18.42],[-72.35,18.54],[-72.32,18.68],[-72.82,19.05],[-72.7,19.46],[-73.39,19.63],[-73.41,19.84],[-72.78,19.95],[-72.32,19.71],[-71.76,19.7]]],[[[-72.99,18.88],[-72.81,18.7],[-73.3,18.93],[-72.99,18.88]]]]}},{"type":"Feature","properties":{"id":"DJI"},"geometry":{"type":"Polygon","coordinates":[[[42.4,12.47],[42.7,12.35],[43.14,12.71],[43.41,12.22],[43.37,11.98],[42.51,11.58],[42.62,11.46],[43.15,11.62],[43.26,11.46],[42.96,10.98],[42.63,11.1],[41.95,10.91],[41.8,11.08],[41.92,11.18],[41.83,11.73],[42.4,12.47]]]}},{"type":"Feature","properties":{"id":"SJM"},"geometry":{"type":"MultiPolygon","coordinates":[[[[-8.71,70.92],[-9.04,70.83],[-7.95,71.16],[-8,71.02],[-8.71,70.92]]],[[[23.98,77.68],[22.67,77.24],[23.03,77.58],[20.87,77.44],[21.55,77.92],[20.83,78.12],[22.83,78.26],[23.52,77.93],[24.29,77.93],[23.98,77.68]]],[[[20.7,78.22],[20.19,78.5],[21.93,78.58],[22.12,78.27],[20.7,78.22]]],[[[10.92,78.79],[12.15,78.21],[11.03,78.48],[10.51,78.9],[10.92,78.79]]],[[[16.79,76.83],[17.06,76.64],[16.27,76.56],[16.52,76.7],[15.48,76.87],[16.61,77.06],[15.19,77.02],[13.9,77.49],[15.91,77.5],[14.73,77.66],[17.17,77.78],[16.73,77.89],[13.76,77.73],[13.57,78.05],[14.31,77.97],[14.19,78.1],[17.42,78.44],[16.29,78.46],[16.97,78.65],[16.55,78.72],[15.43,78.46],[15.32,78.84],[14.94,78.59],[14.26,78.73],[14.77,78.37],[14.09,78.43],[14.08,78.25],[12.98,78.2],[12.35,78.49],[13.3,78.58],[12.38,78.54],[11.5,78.73],[11.34,78.98],[12.65,78.91],[11.68,79.07],[11.99,79.26],[11.17,79.11],[10.64,79.55],[11.66,79.83],[12.3,79.66],[12.2,79.84],[12.5,79.74],[13.77,79.88],[13.72,79.69],[12.3,79.59],[13.45,79.57],[14.03,79.28],[13.81,79.53],[14.71,79.79],[16.4,78.88],[15.6,79.8],[16.24,80.06],[17.99,79.75],[17.66,79.37],[18.26,79.63],[18.88,79.12],[19.8,79.15],[19.87,79],[21.5,78.82],[21.35,78.67],[18.89,78.5],[18.27,77.52],[17.58,77.58],[16.79,76.83]]],[[[22.47,80.31],[22.79,80.51],[23.16,80.11],[24.28,80.36],[27.24,80.06],[25.76,79.44],[23.9,79.21],[20.06,79.46],[19.67,79.61],[21.09,79.54],[20.47,79.67],[21.83,79.69],[21.6,79.82],[18.75,79.71],[18.08,79.9],[18.95,80.05],[17.71,80.13],[18.71,80.21],[19.42,80.09],[19,80.34],[19.78,80.22],[19.62,80.51],[20.9,80.2],[21.78,80.27],[22.21,79.98],[22.47,80.31]]],[[[28.32,78.92],[29.64,78.9],[28.07,78.8],[28.32,78.92]]],[[[31.47,80.12],[32.75,80.31],[33.51,80.23],[31.47,80.12]]]]}},{"type":"Feature","properties":{"id":"PAN"},"geometry":{"type":"MultiPolygon","coordinates":[[[[-82.86,9.61],[-82.34,9.43],[-82.36,9.21],[-82.18,9.19],[-82.25,9],[-81.79,8.93],[-81.88,9.18],[-81.39,8.77],[-80.96,8.82],[-79.92,9.39],[-79.91,9.28],[-79.62,9.62],[-78.97,9.57],[-79.07,9.44],[-78.05,9.25],[-77.37,8.67],[-77.45,8.47],[-77.14,7.95],[-77.56,7.51],[-77.73,7.7],[-77.89,7.22],[-78.45,8.06],[-78.28,8.08],[-78.16,8.42],[-77.8,8.12],[-78.03,8.27],[-78.15,8.62],[-78.1,8.41],[-78.26,8.39],[-78.24,8.55],[-78.37,8.42],[-78.41,8.58],[-78.42,8.35],[-78.62,8.79],[-79.09,9.09],[-79.63,8.97],[-79.85,8.71],[-79.7,8.66],[-80.47,8.22],[-79.99,7.52],[-80.44,7.24],[-80.89,7.21],[-81.05,7.91],[-81.27,7.93],[-81.23,7.61],[-81.52,7.71],[-81.75,8.22],[-82.16,8.17],[-82.2,8.38],[-82.85,8.29],[-82.9,8.04],[-83.05,8.33],[-82.84,8.48],[-82.92,8.77],[-82.71,8.92],[-82.94,9.08],[-82.86,9.61]]],[[[-78.87,8.46],[-78.91,8.22],[-78.98,8.45],[-78.87,8.46]]],[[[-81.67,7.39],[-81.89,7.49],[-81.75,7.65],[-81.67,7.39]]]]}},{"type":"Feature","properties":{"id":"AFG"},"geometry":{"type":"Polygon","coordinates":[[[61.27,35.61],[62.29,35.25],[63.1,35.42],[63.25,35.68],[63.12,35.86],[64.07,36],[64.45,36.24],[64.64,36.44],[64.76,37.11],[65.51,37.29],[65.71,37.54],[67.01,37.37],[67.27,37.18],[67.69,37.22],[67.99,36.96],[69.02,37.29],[69.31,37.11],[69.39,37.44],[69.64,37.58],[70.14,37.52],[70.17,37.93],[70.85,38.44],[71.33,38.31],[71.26,37.92],[71.59,37.93],[71.44,37.09],[71.65,36.69],[72.69,37.05],[73.28,37.45],[73.78,37.44],[73.65,37.24],[74.47,37.43],[74.89,37.23],[74.51,37.24],[74.05,36.83],[72.65,36.85],[72.25,36.75],[71.81,36.4],[71.64,36.48],[71.2,36.04],[71.55,35.73],[71.66,35.44],[71.54,35.31],[71.68,35.21],[71.09,34.68],[71,34.5],[71.13,34.23],[70.87,33.97],[69.9,34.04],[70.33,33.33],[69.5,33.02],[69.45,32.66],[69.24,32.46],[69.33,31.93],[69.12,31.7],[68.86,31.59],[68.58,31.83],[68.43,31.76],[68.54,31.71],[68.17,31.84],[67.57,31.52],[67.77,31.32],[66.73,31.21],[66.39,30.94],[66.28,30.57],[66.23,30.07],[66.37,29.97],[64.12,29.38],[63.58,29.49],[62.47,29.39],[60.87,29.86],[61.8,30.84],[61.78,31.3],[61.36,31.42],[61.35,31.58],[61.28,31.43],[60.86,31.49],[60.88,32.2],[60.58,33.13],[60.95,33.51],[60.58,33.6],[60.52,34.06],[60.67,34.3],[60.92,34.3],[60.74,34.52],[61,34.64],[61.27,35.61]]]}},{"type":"Feature","properties":{"id":"AGO"},"geometry":{"type":"MultiPolygon","coordinates":[[[[13.1,-5.89],[16.57,-5.87],[16.96,-7.21],[17.51,-8.01],[19.38,-8],[19.55,-7],[20.62,-6.92],[20.55,-7.14],[21.79,-7.31],[21.76,-7.95],[21.95,-8.49],[21.8,-9.42],[22.19,-9.92],[22.33,-10.39],[22.33,-10.76],[22.17,-10.87],[22.25,-11.26],[22.51,-11.04],[23.2,-11.11],[23.48,-10.94],[23.86,-11.04],[24,-10.89],[24.08,-12.38],[23.89,-12.84],[24.06,-13],[22,-13],[22,-16.21],[22.12,-16.49],[23.43,-17.64],[20.78,-18.02],[18.9,-17.82],[18.41,-17.39],[14.11,-17.43],[13.36,-16.98],[11.8,-17.27],[11.73,-15.87],[12,-15.63],[12.15,-15.18],[12.53,-13.42],[12.98,-12.98],[12.94,-12.83],[13.48,-12.51],[13.76,-11.96],[13.87,-11.01],[13.49,-10.24],[14.04,-10.4],[13.48,-10.23],[13.31,-9.98],[12.99,-9.09],[13.4,-8.75],[13.39,-8.39],[12.83,-6.99],[12.27,-6.14],[12.65,-6.15],[12.6,-6.05],[13.1,-5.89]]],[[[12.01,-5.03],[12.73,-4.43],[13.1,-4.64],[12.46,-5.09],[12.42,-5.74],[12.28,-5.74],[12.04,-5.07],[12.15,-5],[12.01,-5.03]]]]}},{"type":"Feature","properties":{"id":"TTO"},"geometry":{"type":"Polygon","coordinates":[[[-61.01,10.36],[-60.99,10.14],[-61.16,10.07],[-61.93,10.05],[-61.46,10.3],[-61.61,10.75],[-60.91,10.83],[-61.01,10.36]]]}},{"type":"Feature","properties":{"id":"CUW"},"geometry":{"type":"Polygon","coordinates":[[[-68.86,12.08],[-69.16,12.39],[-68.74,12.04],[-68.86,12.08]]]}},{"type":"Feature","properties":{"id":"UZB"},"geometry":{"type":"MultiPolygon","coordinates":[[[[70.94,42.26],[71.26,42.17],[70.17,41.52],[70.72,41.47],[70.79,41.19],[71.27,41.11],[71.73,41.55],[71.9,41.16],[73.14,40.8],[72.66,40.51],[72.35,40.6],[72.42,40.4],[72.09,40.45],[72.05,40.28],[71.73,40.15],[71.27,40.34],[70.63,40.18],[70.34,40.43],[70.74,40.66],[70.44,41.05],[69.72,40.63],[69.44,40.79],[69.3,40.2],[68.53,40.14],[69.03,40.13],[68.85,40.05],[68.89,39.87],[68.82,39.99],[68.63,39.85],[68.55,39.54],[67.71,39.66],[67.42,39.54],[67.47,39.32],[67.33,39.24],[67.68,39.15],[67.7,39],[68.2,38.94],[68.06,38.39],[68.4,38.2],[68.28,37.91],[67.86,37.64],[67.79,37.19],[67.28,37.19],[67.01,37.37],[66.55,37.36],[66.62,38.01],[65.54,38.29],[62.46,39.97],[62.37,40.34],[61.8,41.16],[61.41,41.32],[61.24,41.15],[60.51,41.22],[60.08,41.43],[60.08,41.8],[60.33,41.77],[59.97,41.94],[60.02,42.21],[59.55,42.29],[58.63,42.8],[58.58,42.65],[58.23,42.66],[58.51,42.29],[58.03,42.5],[57.85,42.17],[57.26,42.34],[56.97,41.67],[57.16,41.37],[57.04,41.26],[56,41.32],[56,45],[58.61,45.58],[58.21,44.87],[58.27,44.41],[58.49,44.48],[58.75,45.51],[61.11,44.36],[62,43.51],[63.35,43.65],[64.53,43.57],[65,43.72],[65.84,42.86],[66.1,42.94],[66,41.94],[66.53,41.88],[66.71,41.14],[67.97,41.13],[67.97,40.85],[68.54,40.58],[68.52,41.01],[68.74,40.98],[69.15,41.43],[70.94,42.26]]],[[[71.01,40.17],[71.19,39.9],[71.05,39.9],[71.01,40.17]]]]}},{"type":"Feature","properties":{"id":"TKM"},"geometry":{"type":"Polygon","coordinates":[[[52.45,41.76],[52.98,42.12],[54.22,42.38],[54.93,41.93],[55.43,41.28],[57.04,41.26],[57.16,41.37],[56.97,41.67],[57.05,41.92],[57.04,41.69],[57.13,41.79],[57.3,41.56],[57.61,41.6],[57.87,41.82],[57.66,41.93],[57.63,42.16],[57.85,42.17],[58.03,42.5],[58.51,42.29],[58.18,42.6],[58.58,42.65],[58.63,42.8],[59.55,42.29],[60.02,42.21],[59.97,41.94],[60.33,41.77],[60.08,41.8],[60.08,41.43],[60.48,41.22],[61.8,41.16],[62.46,39.97],[65.54,38.29],[66.62,38.01],[66.55,37.36],[65.71,37.54],[65.53,37.24],[64.76,37.11],[64.64,36.44],[64.45,36.24],[64.07,36],[63.12,35.86],[63.25,35.68],[63.1,35.42],[62.3,35.21],[62.06,35.43],[61.27,35.61],[61.15,36.65],[60.35,36.63],[60.04,37.02],[59.55,37.14],[59.35,37.53],[58.82,37.7],[58.39,37.63],[57.45,37.94],[57.21,38.28],[56.44,38.26],[56.34,38.08],[55.44,38.09],[54.84,37.75],[54.67,37.44],[53.97,37.35],[53.81,37.92],[54.02,38.96],[53.1,39.42],[53.21,39.57],[53.46,39.55],[53.43,39.44],[53.74,39.55],[53.45,39.69],[53.49,39.88],[54.14,39.81],[53.66,40.02],[52.91,40.03],[52.92,39.87],[52.78,40],[52.85,41.15],[53,40.73],[53.53,40.74],[53.62,40.88],[53.72,40.61],[54.54,40.7],[54.33,40.88],[54.62,40.81],[54.81,41.05],[54.01,41.57],[53.83,42.15],[52.97,42],[52.73,41.74],[52.73,41.61],[52.87,41.67],[52.82,41.38],[52.45,41.76]]]}},{"type":"Feature","properties":{"id":"SYC"},"geometry":{"type":"Polygon","coordinates":[[[55.46,-4.6],[55.54,-4.8],[55.37,-4.64],[55.46,-4.6]]]}},{"type":"Feature","properties":{"id":"BTN"},"geometry":{"type":"Polygon","coordinates":[[[88.91,27.29],[89.6,28.16],[91.34,28.07],[91.59,27.86],[91.65,27.48],[92.02,27.48],[92.1,26.88],[89.86,26.7],[88.92,26.99],[88.75,27.14],[88.91,27.29]]]}},{"type":"Feature","properties":{"id":"VCT"},"geometry":{"type":"Polygon","coordinates":[[[-61.26,13.27],[-61.13,13.37],[-61.17,13.12],[-61.26,13.27]]]}},{"type":"Feature","properties":{"id":"MUS"},"geometry":{"type":"Polygon","coordinates":[[[57.51,-20.14],[57.63,-19.98],[57.81,-20.23],[57.53,-20.53],[57.31,-20.47],[57.51,-20.14]]]}},{"type":"Feature","properties":{"id":"HMD"},"geometry":{"type":"Polygon","coordinates":[[[73.77,-53.12],[73.49,-53.19],[73.25,-52.99],[73.77,-53.12]]]}},{"type":"Feature","properties":{"id":"BGD"},"geometry":{"type":"MultiPolygon","coordinates":[[[[88.44,25.18],[89,25.27],[88.09,25.91],[88.51,26.41],[88.37,26.58],[88.67,26.26],[88.92,26.28],[88.96,26.46],[89.27,26.09],[89.55,26],[89.63,26.23],[89.74,26.16],[89.84,26],[89.74,25.89],[89.87,25.93],[89.66,25.78],[89.7,25.5],[89.83,25.71],[89.85,25.29],[92.12,25.17],[92.5,24.89],[92.25,24.9],[92.14,24.41],[91.92,24.34],[91.89,24.15],[91.76,24.24],[91.37,24.1],[91.16,23.73],[91.35,23.1],[91.42,23.27],[91.58,22.98],[91.78,23.04],[91.95,23.73],[92.27,23.72],[92.68,21.29],[92.37,21.48],[92.18,21.16],[92.35,20.75],[91.94,21.47],[92.06,21.48],[92.06,21.75],[91.98,21.66],[91.87,22.17],[91.42,22.81],[91.51,22.93],[91.1,22.48],[90.77,22.75],[90.6,23.6],[90.55,23.32],[90.01,23.68],[90.62,23.22],[90.48,23.05],[90.86,22.42],[90.64,21.99],[90.66,22.55],[90.49,22.72],[90.64,22.29],[90.23,21.81],[90.03,21.88],[90.15,22.11],[89.99,22],[89.93,22.41],[89.82,22.07],[89.58,22.55],[89.53,21.99],[89.43,22.53],[89.33,22.2],[89.15,22.42],[89.2,22],[88.84,23.01],[89,23.21],[88.72,23.25],[88.79,23.49],[88.56,23.65],[88.83,24.1],[88.02,24.65],[88.21,24.96],[88.34,24.87],[88.44,25.18]]],[[[89.46,21.82],[89.38,21.73],[89.41,21.99],[89.46,21.82]]],[[[89.57,22.18],[89.66,22.37],[89.7,22.07],[89.57,22.18]]],[[[91.89,21.58],[91.88,21.69],[91.97,21.51],[91.89,21.58]]]]}},{"type":"Feature","properties":{"id":"ARE"},"geometry":{"type":"MultiPolygon","coordinates":[[[[56.08,26.05],[56.38,24.98],[56.12,24.73],[56.01,24.99],[55.81,24.91],[55.75,24.23],[56.02,24.07],[55.49,23.94],[55.57,23.63],[55.23,23.11],[55.21,22.71],[52.58,22.94],[51.59,24.25],[51.57,24.39],[51.63,24.2],[51.65,24.33],[51.78,24.27],[51.8,24.01],[52.08,23.96],[52.59,24.21],[53.96,24.08],[54.18,24.19],[54.02,24.19],[54.13,24.33],[54.51,24.31],[54.66,24.84],[55.18,25.06],[55.26,25.28],[55.35,25.2],[55.29,25.36],[55.97,25.78],[56.08,26.05]]],[[[53.83,24.23],[53.97,24.15],[53.62,24.17],[53.83,24.23]]]]}},{"type":"Feature","properties":{"id":"SWZ"},"geometry":{"type":"Polygon","coordinates":[[[31.98,-25.95],[32.13,-26.84],[32.01,-26.81],[31.95,-27.32],[31.15,-27.2],[30.79,-26.57],[31.32,-25.74],[31.98,-25.95]]]}},{"type":"Feature","properties":{"id":"ZWE"},"geometry":{"type":"Polygon","coordinates":[[[25.26,-17.79],[26.68,-18.07],[27.03,-17.96],[28.11,-16.85],[28.87,-16.78],[29,-16.59],[28.75,-16.53],[28.88,-16.01],[29.19,-15.79],[30.37,-15.65],[30.42,-16],[31.28,-16.01],[31.91,-16.41],[32.9,-16.71],[33.07,-18.35],[32.89,-18.51],[32.93,-18.77],[32.7,-18.94],[32.88,-19.1],[32.83,-19.67],[33.06,-19.78],[32.86,-20.29],[32.49,-20.63],[32.37,-21.14],[32.48,-21.32],[31.31,-22.42],[29.38,-22.19],[29.04,-22.01],[29.06,-21.8],[28.02,-21.57],[27.69,-21.09],[27.72,-20.51],[27.29,-20.5],[27.21,-20.08],[26.17,-19.55],[25.26,-17.79]]]}},{"type":"Feature","properties":{"id":"PER"},"geometry":{"type":"Polygon","coordinates":[[[-80.22,-3.44],[-80.13,-3.9],[-80.48,-4.05],[-80.45,-4.21],[-80.31,-4.2],[-80.45,-4.45],[-80.14,-4.29],[-79.5,-4.52],[-79.4,-4.83],[-79.02,-5.02],[-78.66,-4.58],[-78.35,-3.37],[-78.15,-3.48],[-78.2,-3.36],[-77.84,-3.01],[-76.69,-2.61],[-75.56,-1.56],[-75.39,-0.95],[-75.22,-0.9],[-75.24,-0.59],[-75.61,-0.11],[-75.08,-0.08],[-74.47,-0.48],[-74.27,-0.92],[-73.58,-1.32],[-73.51,-1.72],[-73.14,-1.87],[-73.13,-2.28],[-72.94,-2.45],[-72.2,-2.45],[-71.74,-2.14],[-71.51,-2.35],[-70.92,-2.25],[-70.11,-2.69],[-70.71,-3.8],[-70.24,-3.93],[-69.95,-4.25],[-70.03,-4.37],[-70.29,-4.18],[-70.76,-4.16],[-70.94,-4.38],[-71.91,-4.52],[-72.87,-5.14],[-72.96,-5.66],[-73.24,-6.04],[-73.14,-6.51],[-73.71,-6.84],[-73.7,-7.31],[-73.95,-7.36],[-73.98,-7.53],[-73.68,-7.78],[-73.77,-7.91],[-73.54,-8.35],[-72.94,-8.98],[-73.2,-9.41],[-72.36,-9.49],[-72.18,-10],[-71.2,-9.96],[-70.51,-9.45],[-70.62,-11],[-69.59,-10.95],[-68.66,-12.49],[-69.07,-13.67],[-68.83,-14.22],[-68.99,-14.24],[-69.34,-14.79],[-69.12,-15.26],[-69.33,-15.54],[-69.7,-15.23],[-69.89,-15.28],[-69.7,-15.71],[-69.92,-15.56],[-70.02,-15.83],[-69.48,-15.98],[-69.52,-16.2],[-68.96,-16.2],[-69.08,-16.26],[-69.02,-16.67],[-69.64,-17.28],[-69.47,-17.5],[-69.83,-17.71],[-69.86,-18.17],[-70.38,-18.35],[-71.38,-17.71],[-71.47,-17.3],[-72.11,-17.02],[-72.42,-16.7],[-73.7,-16.24],[-75.14,-15.41],[-76.27,-14.2],[-76.28,-13.91],[-76.4,-13.89],[-76.25,-13.85],[-76.21,-13.38],[-76.8,-12.36],[-77.17,-12.07],[-77.21,-11.65],[-77.65,-11.3],[-77.66,-10.95],[-78.19,-10.11],[-78.98,-8.21],[-79.47,-7.72],[-79.98,-6.75],[-81.15,-5.98],[-81.08,-5.79],[-80.85,-5.83],[-80.85,-5.62],[-81.2,-5.21],[-81.06,-5.03],[-81.33,-4.68],[-81.25,-4.27],[-80.5,-3.51],[-80.22,-3.44]]]}},{"type":"Feature","properties":{"id":"OMN"},"geometry":{"type":"MultiPolygon","coordinates":[[[[52,19],[55,20],[55.67,22],[55.21,22.71],[55.23,23.11],[55.57,23.63],[55.49,23.94],[56.02,24.07],[55.75,24.23],[55.81,24.91],[56.01,24.99],[56.12,24.73],[56.38,24.98],[56.58,24.51],[57.07,24],[58.75,23.52],[59.5,22.55],[59.8,22.54],[59.81,22.23],[59.34,21.43],[58.66,20.79],[58.52,20.42],[58.21,20.4],[58.31,20.55],[58.18,20.62],[57.82,20.2],[57.68,19.71],[57.81,18.97],[56.79,18.74],[56.35,17.92],[55.43,17.82],[55.23,17.53],[55.26,17.24],[55.02,17],[54.18,17.02],[53.11,16.65],[52,19]]],[[[56.27,25.63],[56.08,26.05],[56.21,26.26],[56.42,26.21],[56.3,26.21],[56.38,26.39],[56.51,26.36],[56.4,26.28],[56.49,26.13],[56.33,26.16],[56.48,26.08],[56.27,25.63]]],[[[58.8,20.37],[58.64,20.16],[58.9,20.7],[58.96,20.52],[58.8,20.37]]]]}},{"type":"Feature","properties":{"id":"KWT"},"geometry":{"type":"MultiPolygon","coordinates":[[[[46.55,29.1],[47.17,30.02],[47.71,30.1],[47.96,30.01],[48.19,29.55],[47.98,29.58],[47.7,29.36],[48.1,29.35],[48.43,28.54],[47.7,28.52],[47.47,29],[46.55,29.1]]],[[[48.12,29.79],[48.11,29.97],[48.34,29.86],[48.23,29.58],[48.12,29.79]]]]}},{"type":"Feature","properties":{"id":"KHM"},"geometry":{"type":"Polygon","coordinates":[[[105.21,14.34],[105.36,14.1],[105.6,14.15],[105.97,13.93],[106,13.76],[105.98,13.93],[106.19,14.06],[106,14.37],[106.5,14.58],[106.85,14.29],[107.54,14.69],[107.34,14.11],[107.6,13.3],[107.54,12.35],[106.41,11.97],[106.45,11.67],[106.02,11.77],[105.81,11.62],[105.87,11.28],[106.19,11.05],[106.19,10.79],[105.85,10.86],[105.75,11.03],[105.12,10.92],[104.87,10.52],[104.44,10.42],[103.88,10.66],[103.73,10.5],[103.54,10.6],[103.71,10.85],[103.66,11.08],[103.51,11.17],[103.42,10.89],[103.12,10.87],[103.15,11.32],[102.7,12.17],[102.79,12.42],[102.51,12.68],[102.34,13.56],[102.62,13.61],[102.94,14.2],[103.17,14.33],[104.81,14.44],[105.08,14.21],[105.21,14.34]]]}},{"type":"Feature","properties":{"id":"SLV"},"geometry":{"type":"Polygon","coordinates":[[[-90.13,13.74],[-89.54,14.22],[-89.57,14.42],[-89.1,14.4],[-88.51,13.93],[-88.23,14],[-87.71,13.8],[-87.9,13.16],[-89.81,13.52],[-90.13,13.74]]]}},{"type":"Feature","properties":{"id":"PYF"},"geometry":{"type":"MultiPolygon","coordinates":[[[[-151.38,-16.82],[-151.47,-16.91],[-151.48,-16.73],[-151.38,-16.82]]],[[[-149.13,-17.83],[-149.58,-17.74],[-149.62,-17.56],[-149.34,-17.54],[-149.13,-17.83]]],[[[-140.03,-8.82],[-140.02,-8.93],[-140.23,-8.93],[-140.24,-8.8],[-140.03,-8.82]]],[[[-138.94,-9.8],[-139.16,-9.77],[-138.8,-9.74],[-138.94,-9.8]]]]}},{"type":"Feature","properties":{"id":"URY"},"geometry":{"type":"Polygon","coordinates":[[[-57.6,-30.19],[-57.2,-30.28],[-57.13,-30.15],[-56.78,-30.14],[-56.02,-30.79],[-56.01,-31.08],[-55.58,-30.83],[-55.24,-31.26],[-54.59,-31.46],[-53.18,-32.65],[-53.68,-33.14],[-53.43,-33.72],[-53.78,-34.41],[-54.94,-34.97],[-55.69,-34.76],[-56.16,-34.93],[-57.13,-34.45],[-57.85,-34.48],[-58.42,-33.91],[-58.36,-33.13],[-58.08,-33],[-58.2,-31.89],[-57.79,-31.2],[-57.89,-30.98],[-57.64,-30.98],[-57.82,-30.46],[-57.6,-30.19]]]}},{"type":"Feature","properties":{"id":"TUN"},"geometry":{"type":"MultiPolygon","coordinates":[[[[11.56,33.17],[11.56,32.44],[10.63,31.98],[10.14,31.51],[10.29,30.91],[9.56,30.24],[9.07,32.09],[8.36,32.5],[8.32,32.82],[8.12,33.1],[7.83,33.19],[7.53,33.8],[7.53,34.07],[8.32,34.73],[8.25,34.92],[8.48,35.24],[8.31,35.32],[8.25,35.89],[8.41,36.41],[8.15,36.5],[8.64,36.94],[9.74,37.35],[9.89,37.28],[9.82,37.14],[9.89,37.28],[10.28,37.18],[10.14,37.14],[10.35,36.87],[10.2,36.79],[10.38,36.72],[11.07,37.05],[11.12,36.83],[10.43,36.14],[10.63,35.82],[11.05,35.62],[11.17,35.23],[10.73,34.65],[10.02,34.12],[10.44,33.62],[10.72,33.71],[10.78,33.47],[11,33.65],[11.1,33.36],[11.29,33.28],[11.13,33.32],[11.18,33.21],[11.56,33.17]]],[[[10.74,33.72],[10.75,33.89],[11.06,33.82],[10.89,33.63],[10.74,33.72]]]]}},{"type":"Feature","properties":{"id":"ISR"},"geometry":{"type":"Polygon","coordinates":[[[34.27,31.22],[35.11,33.09],[35.5,33.09],[35.77,33.34],[35.9,32.94],[35.55,32.4],[35.08,32.46],[34.99,32.11],[34.98,31.83],[35.19,31.81],[34.91,31.35],[35.4,31.49],[35.38,30.96],[35.43,31.05],[34.98,29.54],[34.27,31.22]]]}},{"type":"Feature","properties":{"id":"STP"},"geometry":{"type":"Polygon","coordinates":[[[6.64,0.11],[6.51,0.02],[6.46,0.24],[6.66,0.41],[6.76,0.3],[6.64,0.11]]]}},{"type":"Feature","properties":{"id":"MAF"},"geometry":{"type":"Polygon","coordinates":[[[-63.01,18.05],[-63.08,18.05],[-63.04,18.12],[-63.01,18.05]]]}},{"type":"Feature","properties":{"id":"MDG"},"geometry":{"type":"MultiPolygon","coordinates":[[[[48.25,-13.24],[48.36,-13.41],[48.19,-13.39],[48.25,-13.24]]],[[[47.07,-15.47],[47.29,-15.44],[47.05,-15.19],[47.46,-14.67],[47.42,-15.15],[47.79,-14.57],[47.88,-14.73],[47.99,-14.67],[47.9,-14.97],[48.01,-14.86],[47.97,-14.48],[47.74,-14.61],[47.69,-14.44],[47.8,-14.22],[47.93,-14.27],[47.89,-14.1],[47.99,-14.42],[48.07,-14.22],[47.89,-13.6],[48.06,-13.53],[48.27,-13.83],[48.56,-13.53],[48.47,-13.37],[48.69,-13.53],[48.9,-13.27],[48.93,-12.79],[48.72,-12.44],[48.94,-12.49],[49.27,-11.95],[49.37,-12.21],[49.26,-12.14],[49.19,-12.32],[49.36,-12.23],[49.51,-12.36],[49.53,-12.68],[49.93,-13.05],[50.18,-14.77],[50.49,-15.27],[50.22,-15.99],[50.02,-15.87],[49.9,-15.43],[49.61,-15.56],[49.68,-16.05],[49.86,-16.22],[49.72,-16.74],[49.84,-16.84],[49.59,-16.91],[49.43,-17.27],[49.52,-17.69],[47.1,-24.99],[45.19,-25.61],[44.81,-25.34],[44.35,-25.26],[43.68,-24.37],[43.64,-23.67],[43.82,-23.56],[43.37,-22.85],[43.22,-22.25],[43.35,-21.75],[43.51,-21.69],[43.5,-21.39],[43.75,-21.34],[43.9,-20.85],[44.52,-19.97],[43.93,-17.55],[44.42,-16.72],[44.44,-16.2],[44.83,-16.24],[45.26,-15.94],[45.24,-16.15],[45.38,-16.12],[45.35,-15.98],[45.66,-16.1],[45.67,-15.77],[46.07,-15.9],[46.12,-15.71],[46.46,-15.98],[46.3,-15.84],[46.46,-15.52],[46.75,-15.46],[46.63,-15.41],[46.94,-15.2],[47.07,-15.34],[46.93,-15.57],[47.07,-15.47]]]]}},{"type":"Feature","properties":{"id":"TCD"},"geometry":{"type":"Polygon","coordinates":[[[15,23],[16,23.5],[24,19.5],[24,15.7],[23.12,15.72],[22.93,15.55],[23.01,15.23],[22.68,14.87],[22.7,14.69],[22.38,14.54],[22.55,14.12],[22.08,13.78],[22.29,13.34],[21.81,12.81],[21.95,12.64],[22.22,12.75],[22.47,12.62],[22.48,12.03],[22.64,12.07],[22.56,11.62],[22.97,11.28],[22.88,10.92],[22.46,11],[21.72,10.64],[21.72,10.29],[20.44,9.14],[18.96,8.96],[18.86,8.85],[19.12,8.67],[18.62,8.05],[17.73,7.98],[16.84,7.53],[16.59,7.88],[15.97,7.48],[15.49,7.53],[15.58,7.64],[15.11,8.66],[14.49,9.06],[13.98,9.64],[14.2,10],[15.64,9.98],[15.14,10.59],[15.08,11.98],[14.84,12.61],[14.55,12.78],[14.72,12.95],[14.71,13.23],[14.08,13.08],[13.63,13.71],[13.48,14.46],[13.7,14.55],[13.86,15.03],[14.38,15.73],[15.51,16.9],[15.75,19.93],[16,20.35],[15.58,20.77],[15.63,20.96],[15.2,21.5],[15,23]]]}},{"type":"Feature","properties":{"id":"GHA"},"geometry":{"type":"Polygon","coordinates":[[[-2.69,9.49],[-2.77,10.42],[-2.9,10.53],[-2.83,11.01],[-0.62,10.91],[-0.14,11.14],[0.03,10.99],[-0.06,10.63],[0.4,10.31],[0.26,9.66],[0.38,9.6],[0.24,9.45],[0.57,9.41],[0.53,8.88],[0.37,8.75],[0.73,8.34],[0.59,8.2],[0.52,7.46],[0.66,7.32],[0.53,6.83],[0.75,6.44],[1.2,6.11],[0.84,5.97],[0.79,5.85],[0.94,5.8],[0.63,5.94],[0.65,5.77],[0.07,5.7],[-2.05,4.74],[-3.1,5.09],[-2.72,5.14],[-2.76,5.6],[-3.03,5.71],[-3.26,6.62],[-2.78,7.95],[-2.49,8.21],[-2.62,8.92],[-2.78,9.06],[-2.69,9.49]]]}},{"type":"Feature","properties":{"id":"NCL"},"geometry":{"type":"MultiPolygon","coordinates":[[[[166.09,-21.94],[164.95,-21.36],[164.84,-21.06],[164.46,-20.85],[164.19,-20.34],[164.03,-20.3],[164,-20.08],[165.24,-20.77],[165.63,-21.28],[166.94,-22.09],[167.01,-22.32],[166.45,-22.31],[166.09,-21.94]]],[[[168.11,-21.44],[168.12,-21.63],[167.85,-21.6],[167.8,-21.38],[168.11,-21.44]]],[[[167.01,-20.92],[167.18,-20.83],[167.04,-20.73],[167.25,-20.7],[167.41,-21.16],[167.01,-20.92]]]]}},{"type":"Feature","properties":{"id":"VUT"},"geometry":{"type":"MultiPolygon","coordinates":[[[[167.92,-15.4],[167.67,-15.44],[167.99,-15.28],[167.92,-15.4]]],[[[167.54,-14.2],[167.57,-14.36],[167.42,-14.36],[167.54,-14.2]]],[[[167.47,-13.96],[167.47,-13.71],[167.58,-13.88],[167.47,-13.96]]],[[[168.28,-15.92],[168.21,-16.02],[168.15,-15.45],[168.28,-15.92]]],[[[168.31,-16.32],[167.91,-16.23],[168.17,-16.1],[168.31,-16.32]]],[[[167.44,-16.11],[167.77,-16.33],[167.77,-16.55],[167.42,-16.53],[167.18,-15.9],[167.44,-16.11]]],[[[168.29,-16.68],[168.48,-16.84],[168.18,-16.8],[168.15,-16.57],[168.29,-16.68]]],[[[167.02,-14.93],[167.26,-15.52],[166.82,-15.67],[166.57,-14.68],[166.83,-15.16],[167.02,-14.93]]],[[[168.18,-17.69],[168.32,-17.52],[168.6,-17.69],[168.4,-17.83],[168.18,-17.69]]],[[[169.34,-18.92],[169,-18.88],[169.01,-18.66],[169.15,-18.63],[169.34,-18.92]]],[[[169.47,-19.57],[169.29,-19.58],[169.25,-19.34],[169.47,-19.57]]]]}},{"type":"Feature","properties":{"id":"JPN"},"geometry":{"type":"MultiPolygon","coordinates":[[[[125.3,24.73],[125.27,24.92],[125.47,24.72],[125.3,24.73]]],[[[124.14,24.35],[124.08,24.45],[124.34,24.61],[124.14,24.35]]],[[[123.8,24.42],[123.88,24.26],[123.66,24.31],[123.8,24.42]]],[[[129.54,28.45],[129.72,28.46],[129.38,28.11],[129.13,28.25],[129.54,28.45]]],[[[128.91,27.7],[128.97,27.89],[129.04,27.76],[128.91,27.7]]],[[[127.83,26.18],[127.66,26.08],[127.71,26.44],[127.98,26.58],[127.88,26.71],[128.12,26.66],[128.26,26.87],[128.25,26.65],[127.83,26.43],[127.83,26.18]]],[[[133.31,36.17],[133.18,36.21],[133.28,36.35],[133.31,36.17]]],[[[138.22,37.81],[138.24,38.08],[138.51,38.33],[138.5,37.92],[138.22,37.81]]],[[[134.93,34.46],[134.95,34.27],[134.73,34.19],[134.66,34.29],[135,34.61],[134.93,34.46]]],[[[133.13,33.91],[133.63,34.05],[133.56,34.26],[134.14,34.4],[134.59,34.24],[134.62,33.85],[134.75,33.83],[134.31,33.58],[134.18,33.24],[133.93,33.49],[133.55,33.56],[133.01,33.01],[133.02,32.72],[132.47,32.91],[132.41,33.21],[132.56,33.23],[132.37,33.32],[132.42,33.46],[132.01,33.34],[132.65,33.7],[132.89,34.12],[133.13,33.91]]],[[[134.19,34.49],[134.37,34.56],[134.34,34.43],[134.19,34.49]]],[[[133.97,34.61],[133.93,34.45],[133.7,34.56],[132.64,34.2],[132.35,34.36],[132.14,33.83],[131.79,34.06],[130.92,33.94],[130.87,34.29],[131.4,34.42],[132.63,35.29],[132.63,35.44],[133.09,35.6],[133.4,35.45],[134.91,35.61],[135.22,35.78],[135.3,35.66],[135.15,35.56],[135.32,35.45],[135.46,35.6],[135.72,35.48],[136.02,35.76],[136.09,35.68],[135.96,35.98],[136.69,36.67],[136.76,37.36],[137.35,37.52],[136.86,37.11],[137.06,37.11],[136.99,36.86],[137.22,36.75],[138.54,37.37],[138.84,37.82],[139.37,38.1],[139.83,38.91],[140.08,39.72],[139.69,40],[139.86,39.98],[140.03,40.22],[139.86,40.61],[140.32,40.87],[140.34,41.26],[140.63,41.19],[140.73,40.83],[140.88,41.01],[141.11,40.87],[141.2,41.29],[140.76,41.15],[140.92,41.55],[141.27,41.35],[141.47,41.43],[141.43,40.7],[141.82,40.27],[142.07,39.55],[141.92,39.1],[141.62,39],[141.67,38.86],[141.44,38.67],[141.52,38.27],[141.27,38.42],[140.93,38.17],[140.98,37],[140.8,36.91],[140.56,36.28],[140.84,35.75],[140.45,35.52],[140.38,35.19],[139.89,34.9],[139.75,34.97],[139.78,35.31],[140.13,35.57],[139.76,35.66],[139.68,35.14],[139.54,35.31],[139.16,35.26],[139.14,34.89],[138.84,34.6],[138.76,34.97],[138.91,35.05],[138.7,35.14],[138.36,34.91],[138.23,34.59],[137.6,34.67],[137.55,34.81],[137.55,34.68],[137.02,34.58],[137.34,34.78],[137.03,34.77],[136.98,34.97],[136.89,34.72],[136.9,35.08],[136.7,35.07],[136.53,34.61],[136.92,34.44],[136.9,34.28],[136.66,34.35],[136.32,34.2],[135.76,33.43],[135.06,33.88],[135.21,34.15],[135.07,34.3],[135.42,34.52],[135.41,34.7],[135.05,34.62],[134.47,34.81],[133.97,34.61]]],[[[128.66,32.72],[128.81,32.8],[128.9,32.65],[128.64,32.59],[128.66,32.72]]],[[[130.08,32.22],[129.97,32.24],[130.01,32.53],[130.46,32.53],[130.08,32.22]]],[[[130.28,33.17],[130.12,33.1],[130.12,32.88],[130.33,32.86],[130.36,32.68],[130.17,32.59],[130.08,32.79],[129.74,32.57],[129.87,32.75],[129.63,32.93],[129.68,33.1],[129.79,32.87],[130.02,32.84],[129.55,33.22],[129.57,33.38],[129.86,33.28],[129.85,33.56],[130.02,33.45],[130.21,33.67],[130.4,33.6],[130.29,33.68],[130.53,33.89],[131,33.97],[131.1,33.62],[131.67,33.67],[131.74,33.47],[131.51,33.27],[131.9,33.27],[131.79,33.12],[132.09,32.93],[131.69,32.56],[131.35,31.37],[131.11,31.48],[131.01,31.36],[131.13,31.28],[130.66,30.99],[130.8,31.34],[130.59,31.59],[130.77,31.56],[130.8,31.7],[130.64,31.73],[130.51,31.49],[130.59,31.16],[130.11,31.41],[130.33,31.56],[130.18,32.11],[130.34,32.11],[130.66,32.63],[130.46,32.61],[130.62,32.79],[130.28,33.17]]],[[[129.4,34.48],[129.35,34.3],[129.23,34.36],[129.45,34.71],[129.4,34.48]]],[[[129.35,34.28],[129.17,34.1],[129.2,34.33],[129.35,34.28]]],[[[130.52,30.23],[130.38,30.38],[130.5,30.47],[130.67,30.38],[130.52,30.23]]],[[[143.24,41.94],[141.7,42.66],[141,42.3],[140.71,42.58],[140.48,42.59],[140.29,42.25],[141.19,41.8],[140.64,41.82],[140.2,41.4],[139.99,41.55],[140.13,41.97],[139.77,42.26],[139.82,42.61],[140.52,42.99],[140.35,43.33],[141.16,43.14],[141.37,43.26],[141.33,43.72],[141.65,43.94],[141.79,44.62],[141.57,45.23],[141.64,45.45],[141.94,45.52],[142.99,44.56],[143.75,44.11],[144.72,43.92],[145.34,44.34],[145.06,43.78],[145.34,43.59],[145.19,43.62],[145.28,43.29],[145.52,43.23],[145.82,43.39],[144.97,42.98],[144.89,43.08],[144.78,42.93],[143.93,42.88],[143.47,42.55],[143.24,41.94]]]]}},{"type":"Feature","properties":{"id":"GNQ"},"geometry":{"type":"MultiPolygon","coordinates":[[[[9.81,2.34],[11.36,2.17],[11.35,1],[9.8,1],[9.89,1.09],[9.59,1.03],[9.34,1.18],[9.81,1.92],[9.81,2.34]]],[[[8.71,3.79],[8.94,3.67],[8.68,3.21],[8.41,3.36],[8.71,3.79]]]]}},{"type":"Feature","properties":{"id":"NER"},"geometry":{"type":"Polygon","coordinates":[[[0.23,15],[0.97,14.98],[1.31,15.28],[3.51,15.37],[3.89,15.72],[4.2,16.4],[4.27,19.14],[5.81,19.45],[7.51,20.88],[12,23.52],[13.54,23.17],[14.23,22.61],[15,23],[15.2,21.5],[15.63,20.96],[15.58,20.77],[16,20.35],[15.75,19.93],[15.51,16.9],[14.38,15.73],[13.86,15.03],[13.7,14.55],[13.48,14.46],[13.63,13.71],[12.83,13.45],[12.44,13.07],[11.46,13.38],[10.66,13.36],[10.01,13.18],[9.66,12.81],[8.7,12.92],[7.82,13.34],[6.94,13],[6.43,13.6],[5.51,13.88],[4.47,13.68],[4.14,13.48],[4.1,12.99],[3.65,12.52],[3.61,11.7],[2.87,12.39],[2.38,12.25],[2.41,11.9],[2.07,12.35],[2.26,12.42],[2.22,12.59],[2.02,12.72],[1.57,12.61],[1.16,13.01],[0.97,13.01],[0.99,13.37],[1.28,13.35],[0.47,13.91],[0.17,14.52],[0.23,15]]]}},{"type":"Feature","properties":{"id":"MEX"},"geometry":{"type":"MultiPolygon","coordinates":[[[[-117.12,32.53],[-114.79,32.71],[-114.78,32.49],[-111.07,31.33],[-108.21,31.33],[-108.21,31.78],[-106.53,31.78],[-104.92,30.6],[-104.51,29.63],[-103.29,28.98],[-102.87,29.22],[-102.67,29.74],[-102.32,29.88],[-101.43,29.76],[-100.79,29.23],[-100.29,28.3],[-99.58,27.61],[-99.1,26.41],[-97.4,25.84],[-97.2,25.96],[-97.42,25.24],[-97.39,25.4],[-97.54,25.47],[-97.54,25.28],[-97.69,25.38],[-97.84,25.27],[-97.63,24.92],[-97.77,24.9],[-97.74,24.49],[-97.87,24.51],[-97.8,24.3],[-97.74,24.44],[-97.75,23.79],[-97.71,24.28],[-97.77,22.89],[-97.87,22.35],[-98.03,22.31],[-97.82,22.05],[-97.83,22.34],[-97.69,21.68],[-97.17,20.64],[-96.55,19.93],[-95.89,18.72],[-95.83,18.82],[-94.81,18.54],[-94.64,18.15],[-94.42,18.17],[-94.59,18.12],[-94.46,18.01],[-94.41,18.17],[-92.34,18.67],[-91.96,18.7],[-91.88,18.56],[-92.2,18.61],[-92.3,18.49],[-92.08,18.59],[-91.98,18.47],[-91.96,18.58],[-91.7,18.33],[-91.77,18.49],[-91.49,18.45],[-91.55,18.28],[-91.1,19.03],[-91.5,18.79],[-90.77,19.29],[-90.71,19.67],[-90.44,19.96],[-90.49,20.49],[-90.26,21.04],[-88.12,21.61],[-87.59,21.49],[-88.11,21.62],[-87.2,21.38],[-87.08,21.58],[-86.82,21.22],[-86.8,21.41],[-86.8,21.03],[-87.5,20.14],[-87.47,19.78],[-87.47,19.95],[-87.74,19.67],[-87.69,19.48],[-87.46,19.56],[-87.72,19.23],[-87.45,19.31],[-87.84,18.21],[-88.07,18.48],[-88.03,18.89],[-88.32,18.49],[-88.52,18.46],[-88.86,17.89],[-90.99,17.82],[-90.99,17.25],[-91.43,17.23],[-90.68,16.69],[-90.63,16.48],[-90.39,16.42],[-90.43,16.17],[-91.67,16.07],[-92.21,15.26],[-92.06,15.07],[-92.22,14.54],[-93.69,15.98],[-93.78,15.92],[-93.66,15.83],[-94.38,16.3],[-94.42,16.2],[-93.97,15.99],[-94.75,16.21],[-94.53,16.21],[-94.61,16.36],[-94.88,16.3],[-94.83,16.44],[-95.11,16.26],[-94.76,16.21],[-95.24,16.17],[-95.44,15.98],[-96.56,15.66],[-97.2,15.96],[-97.78,15.98],[-98.77,16.55],[-101.06,17.27],[-101.96,17.97],[-102.19,17.92],[-103.49,18.33],[-103.75,18.74],[-104.94,19.31],[-105.69,20.41],[-105.24,20.58],[-105.54,20.77],[-105.25,21.04],[-105.19,21.46],[-105.45,21.63],[-105.47,21.98],[-105.52,21.81],[-105.64,21.99],[-105.64,22.18],[-105.54,21.97],[-105.32,22.19],[-105.61,22.3],[-105.64,22.73],[-105.81,22.76],[-105.7,22.47],[-107.14,24.15],[-107.81,24.5],[-107.49,24.31],[-107.52,24.54],[-107.64,24.46],[-108,24.65],[-108.01,25.08],[-108.36,25.33],[-108.39,25.19],[-108.68,25.54],[-109.05,25.47],[-109.12,25.55],[-108.91,25.67],[-109.06,25.58],[-109.44,26],[-109.25,26.31],[-109.3,26.13],[-109.21,26.34],[-109.12,26.17],[-109.08,26.27],[-109.26,26.48],[-109.26,26.32],[-109.31,26.57],[-109.51,26.75],[-109.77,26.71],[-109.97,27.11],[-110.52,27.29],[-110.41,27.29],[-110.62,27.6],[-110.51,27.86],[-111.11,27.94],[-111.46,28.32],[-111.37,28.37],[-111.71,28.46],[-111.95,28.76],[-111.84,28.81],[-112.17,28.97],[-112.23,29.31],[-112.41,29.34],[-113.09,30.68],[-113.06,31.16],[-113.62,31.33],[-113.98,31.66],[-114.15,31.49],[-114.79,31.82],[-114.94,31.32],[-114.71,30.91],[-114.56,30.01],[-113.64,29.28],[-113.53,28.89],[-113.39,28.94],[-113.1,28.51],[-112.85,28.44],[-112.77,27.86],[-112.33,27.52],[-112.22,27.21],[-111.95,27.1],[-111.77,26.55],[-111.85,26.88],[-111.56,26.7],[-111.31,25.77],[-110.69,24.88],[-110.68,24.36],[-110.32,24.18],[-110.42,24.11],[-110.28,24.35],[-109.83,24.06],[-109.7,23.66],[-109.42,23.45],[-109.53,23.11],[-110.01,22.9],[-110.33,23.56],[-111.82,24.61],[-112,24.88],[-111.95,24.75],[-112.04,24.85],[-112.08,24.73],[-112.17,24.96],[-111.98,25.51],[-112.19,25.98],[-113.06,26.6],[-113.23,26.79],[-113.16,26.99],[-113.27,26.75],[-113.45,26.83],[-113.61,26.71],[-113.86,26.97],[-114.44,27.18],[-114.51,27.42],[-115.01,27.72],[-115.06,27.86],[-114.31,27.87],[-114.11,27.6],[-113.96,27.66],[-114.18,27.75],[-114.15,27.95],[-114.28,27.9],[-114.13,28.09],[-114.11,27.92],[-114.04,28.02],[-114.05,28.47],[-114.96,29.37],[-115.7,29.75],[-116.06,30.8],[-116.33,30.96],[-116.36,31.24],[-116.69,31.55],[-116.61,31.84],[-116.88,32.02],[-117.12,32.53]]],[[[-86.96,20.5],[-86.72,20.59],[-86.99,20.27],[-86.96,20.5]]],[[[-97.61,21.78],[-97.71,21.97],[-97.33,21.57],[-97.42,21.26],[-97.38,21.53],[-97.61,21.78]]],[[[-112.2,29.01],[-112.31,28.75],[-112.58,28.88],[-112.45,29.2],[-112.29,29.23],[-112.2,29.01]]],[[[-113.21,29.05],[-113.56,29.54],[-113.17,29.28],[-113.12,28.99],[-113.21,29.05]]],[[[-115.16,28.14],[-115.36,28.08],[-115.25,28.38],[-115.16,28.14]]],[[[-112.14,24.65],[-112.06,24.54],[-112.3,24.8],[-112.13,25.27],[-112.26,24.85],[-112.14,24.65]]]]}},{"type":"Feature","properties":{"id":"SGP"},"geometry":{"type":"Polygon","coordinates":[[[103.77,1.45],[104.03,1.32],[103.61,1.22],[103.77,1.45]]]}},{"type":"Feature","properties":{"id":"CXR"},"geometry":{"type":"Polygon","coordinates":[[[105.7,-10.43],[105.67,-10.57],[105.53,-10.51],[105.7,-10.43]]]}},{"type":"Feature","properties":{"id":"CHN"},"geometry":{"type":"MultiPolygon","coordinates":[[[[73.55,39.33],[73.95,39.6],[73.94,40.03],[74.9,40.34],[74.84,40.52],[75.22,40.44],[75.6,40.66],[75.69,40.28],[76.5,40.43],[76.87,41.02],[77.77,41.01],[78.16,41.38],[80.2,42.04],[80.22,42.71],[80.6,42.9],[80.38,43.02],[80.81,43.18],[80.52,43.82],[80.41,44.61],[79.89,44.89],[81.77,45.38],[82.57,45.21],[82.56,45.38],[82.31,45.52],[83.15,47.23],[84.94,46.86],[85.53,47.05],[85.57,48.16],[85.77,48.41],[86.58,48.54],[86.74,48.91],[87.06,49.13],[87.81,49.17],[87.74,48.87],[88.09,48.71],[87.97,48.57],[89.06,47.99],[89.55,48.04],[90.26,47.69],[91.05,46.72],[90.89,46.31],[91.02,46.02],[90.67,45.55],[90.88,45.19],[93.5,44.97],[94.73,44.34],[95.41,44.29],[95.32,44.03],[95.52,44],[96.38,42.77],[99.5,42.57],[100.86,42.67],[101.8,42.5],[102.07,42.22],[103.39,41.89],[104.52,41.87],[104.52,41.66],[105.01,41.58],[107.45,42.46],[108.84,42.4],[110.1,42.64],[111.01,43.32],[111.95,43.69],[111.41,44.34],[111.79,44.99],[112.42,45.07],[112.76,44.86],[113.63,44.74],[114.74,45.44],[115.69,45.45],[116.28,45.77],[116.59,46.3],[117.37,46.36],[117.41,46.58],[117.83,46.53],[118.9,46.78],[119.3,46.61],[119.9,46.67],[119.71,47.19],[118.55,47.99],[117.78,48],[117.38,47.64],[116.87,47.89],[116.25,47.88],[115.94,47.68],[115.52,48.15],[115.81,48.26],[115.79,48.52],[116.68,49.79],[117.78,49.53],[119.27,50.11],[119.34,50.29],[119.15,50.36],[120.08,51.68],[120.6,51.91],[120.78,52.16],[120.63,52.31],[120.69,52.52],[120.13,52.58],[120.05,52.73],[121.04,53.29],[123.54,53.55],[124.71,53.16],[125.59,53.08],[126.43,52.3],[126.32,52.25],[126.9,51.41],[126.93,51.05],[127.26,50.76],[127.39,50.28],[127.61,50.23],[127.53,49.81],[127.87,49.57],[128.76,49.59],[129.08,49.35],[129.51,49.42],[130.23,48.86],[130.68,48.87],[130.55,48.67],[130.82,48.29],[130.66,48.12],[130.97,47.71],[132.56,47.72],[133.04,48.09],[134.19,48.38],[134.77,48.36],[134.57,48.04],[134.77,47.75],[134.17,47.3],[133.91,46.31],[133.48,45.86],[133.47,45.66],[133.13,45.43],[133.13,45.13],[132.86,45.06],[132.67,45.35],[131.87,45.34],[131.49,44.97],[130.96,44.85],[131.3,44.04],[131.31,43.4],[131.14,42.93],[130.4,42.73],[130.58,42.67],[130.56,42.53],[130.06,42.97],[129.85,42.94],[129.71,42.43],[129.35,42.41],[128.65,42.02],[128.1,42.02],[128.31,41.6],[128.19,41.41],[127.31,41.47],[126.86,41.77],[126.54,41.61],[126.08,40.97],[124.75,40.38],[124.14,39.75],[123.64,39.87],[122.75,39.6],[121.84,39.04],[121.91,38.96],[121.69,39.05],[121.69,38.86],[121.13,38.73],[121.09,38.93],[121.66,39.09],[121.59,39.27],[121.93,39.4],[121.55,39.31],[121.24,39.45],[121.57,39.55],[121.47,39.81],[121.89,40],[122.28,40.47],[122.16,40.68],[121.97,40.68],[121.84,40.99],[121.75,40.84],[120.97,40.83],[121.03,40.71],[120.83,40.67],[120.46,40.21],[119.4,39.79],[119.29,39.4],[118.92,39.13],[118.53,39.21],[118.4,38.97],[118.06,39.23],[117.69,39.13],[117.88,38.94],[117.71,38.96],[117.85,38.87],[117.62,38.84],[117.72,38.67],[117.57,38.61],[117.76,38.33],[118,38.41],[117.84,38.28],[117.95,38.18],[118.15,38.32],[118.02,38.01],[118.12,38.19],[118.55,38.01],[119.07,38.15],[118.94,38.02],[119.31,37.73],[119.01,37.65],[118.93,37.35],[119,37.19],[119.27,37.31],[119.16,37.07],[119.2,37.18],[119.24,37.07],[119.48,37.15],[119.36,37.04],[119.75,37.12],[119.84,37.37],[120.29,37.58],[120.22,37.69],[120.74,37.83],[121.56,37.44],[122.12,37.56],[122.16,37.43],[122.71,37.4],[122.37,37.02],[122.57,37.04],[122.51,36.9],[122.17,36.84],[122.17,37.06],[121.64,36.74],[121.48,36.77],[121.57,36.85],[121.01,36.58],[120.77,36.63],[120.99,36.55],[120.89,36.38],[120.69,36.4],[120.71,36.13],[120.28,36.04],[120.33,36.26],[120.11,36.19],[120.3,35.97],[119.65,35.6],[119.17,34.95],[119.64,34.51],[120.27,34.3],[120.86,33.23],[120.96,32.61],[121.37,32.43],[121.36,32.2],[121.73,32.06],[121.97,31.72],[121.3,31.89],[120.96,31.8],[120.76,32.05],[120.15,31.95],[119.89,32.12],[119.99,31.96],[120.76,31.98],[120.83,31.77],[121.09,31.73],[121.88,31.13],[121.96,30.88],[121.49,30.81],[120.79,30.29],[120.52,30.4],[120.21,30.28],[120.63,30.38],[120.88,30.17],[121.32,30.36],[121.66,30],[122.13,29.9],[121.46,29.54],[121.49,29.38],[122,29.59],[121.97,29.22],[121.79,29.17],[121.81,29.38],[121.75,29.15],[121.54,29.28],[121.61,29.14],[121.44,29.16],[121.73,28.94],[121.51,28.94],[121.68,28.79],[121.45,28.69],[121.67,28.35],[121.15,28.04],[121.27,28.36],[121.17,28.39],[121.01,28.01],[120.76,27.98],[120.87,27.87],[120.59,27.6],[120.7,27.48],[120.52,27.2],[120.19,27.27],[120.44,27.15],[120.01,26.89],[120.12,26.63],[119.84,26.52],[120.07,26.8],[119.87,26.65],[119.85,26.85],[119.73,26.7],[119.57,26.78],[119.56,26.62],[119.83,26.45],[119.6,26.47],[119.67,26.34],[119.96,26.38],[119.52,26.08],[119.71,26.01],[119.6,25.7],[119.46,25.69],[119.64,25.35],[119.36,25.59],[119.34,25.43],[119.11,25.42],[119.37,25.25],[118.85,25.24],[119.03,24.96],[118.72,24.85],[118.66,24.97],[118.6,24.87],[118.78,24.77],[118.61,24.53],[118.44,24.72],[118.23,24.53],[118.17,24.67],[118.13,24.42],[118.08,24.6],[118.04,24.44],[117.77,24.5],[118.14,24.27],[117.77,23.91],[117.7,24.04],[117.59,23.72],[117.58,23.9],[117.36,23.95],[117.51,23.87],[117.3,23.8],[117.28,23.63],[116.92,23.54],[116.94,23.64],[116.8,23.29],[116.53,23.44],[116.81,23.24],[116.59,23.22],[116.5,22.94],[116.28,22.98],[115.82,22.74],[115.69,22.91],[115.57,22.65],[115.26,22.83],[114.88,22.77],[114.88,22.54],[114.73,22.6],[114.79,22.84],[114.52,22.72],[114.61,22.5],[114.23,22.55],[114.2,22.41],[114.4,22.44],[114.3,22.26],[113.92,22.37],[114.03,22.51],[113.49,23.05],[113.62,22.75],[113.55,22.21],[113.21,22.04],[113.25,21.87],[113.08,22.23],[112.98,21.89],[112.82,21.96],[112.57,21.75],[112.4,22.07],[112.35,21.71],[112.02,21.81],[111.91,21.68],[112.01,21.62],[111.81,21.56],[111.91,21.69],[111.69,21.78],[111.79,21.62],[111.65,21.52],[111.43,21.58],[111.26,21.42],[111.03,21.53],[110.43,21.21],[110.38,21.46],[110.31,21.11],[110.55,21.07],[110.52,20.93],[110.2,20.95],[110.31,21.11],[110.16,20.94],[110.39,20.82],[110.3,20.66],[110.46,20.68],[110.52,20.43],[110.28,20.24],[109.92,20.22],[109.86,20.4],[110.01,20.43],[109.82,20.51],[109.66,20.94],[109.75,21.34],[109.96,21.35],[109.94,21.49],[109.65,21.52],[109.6,21.75],[109.49,21.71],[109.55,21.48],[109.16,21.4],[109.04,21.45],[109.15,21.6],[108.85,21.68],[108.9,21.79],[108.69,21.6],[108.55,21.92],[108.47,21.56],[108.37,21.54],[108.44,21.69],[108.22,21.5],[108.23,21.63],[107.36,21.6],[107.02,21.94],[106.72,21.97],[106.57,22.47],[106.83,22.81],[106.14,23],[105.88,22.92],[105.32,23.39],[104.8,23.12],[104.73,22.82],[104.37,22.69],[104.12,22.81],[103.97,22.51],[103.62,22.79],[103.53,22.59],[103.33,22.81],[103.03,22.44],[102.48,22.78],[102.14,22.4],[101.68,22.48],[101.62,21.98],[101.83,21.6],[101.8,21.21],[101.22,21.23],[101.1,21.78],[100.59,21.45],[100.17,21.49],[99.97,22.06],[99.17,22.15],[99.38,22.5],[99.31,22.74],[99.56,22.95],[99.51,23.08],[98.89,23.18],[98.89,23.62],[98.67,23.81],[98.83,24.13],[97.6,23.9],[97.75,24.17],[97.67,24.46],[97.53,24.44],[97.55,24.74],[97.8,24.85],[97.78,25.12],[98.14,25.39],[98.17,25.63],[98.4,25.6],[98.69,25.93],[98.71,27.56],[98.44,27.67],[98.32,27.52],[98.14,28.14],[97.65,28.54],[97.35,28.21],[96.65,28.61],[96.5,28.43],[96.59,28.7],[96.14,29.35],[95.27,29.08],[94.66,29.31],[92.68,28.15],[92.73,27.98],[92.46,27.79],[92.24,27.89],[91.93,27.73],[91.34,28.07],[89.6,28.16],[88.96,27.31],[88.84,28.02],[88.63,28.12],[88.13,27.88],[87.16,27.82],[86.72,28.11],[86.41,27.91],[86.19,28.17],[86,27.91],[85.71,28.39],[85.61,28.26],[85.11,28.35],[85.11,28.69],[84.86,28.57],[84.23,28.89],[84.2,29.24],[83.9,29.33],[83.58,29.18],[83.28,29.57],[82.17,30.07],[82.11,30.35],[81.42,30.37],[81.25,30.01],[80.21,30.58],[80.24,30.76],[79.87,30.97],[79.43,31.02],[79.1,31.45],[78.78,31.31],[78.77,32],[78.39,32.54],[78.74,32.7],[78.89,32.4],[79.42,32.53],[79.46,32.71],[78.7,33.68],[78.66,34.08],[79.04,34.33],[78.2,34.75],[78,35.24],[78.11,35.47],[76.78,35.66],[76.57,35.93],[76.16,35.83],[75.96,36.52],[75.67,36.76],[75.45,36.72],[75.4,36.96],[74.56,37.03],[74.51,37.24],[74.89,37.23],[75.15,37.41],[74.93,37.57],[75.01,37.78],[74.7,38.43],[74.19,38.64],[74,38.52],[73.8,38.61],[73.69,38.85],[73.84,39],[73.55,39.33]]],[[[118.48,39.05],[118.65,39.06],[118.51,38.92],[118.48,39.05]]],[[[121.35,31.84],[121.96,31.47],[121.16,31.79],[121.35,31.84]]],[[[121.98,30.07],[121.95,30.18],[122.1,30.16],[122.32,29.94],[121.98,30.07]]],[[[119.79,25.61],[119.89,25.57],[119.77,25.4],[119.68,25.6],[119.79,25.61]]],[[[117.39,23.58],[117.35,23.75],[117.51,23.76],[117.39,23.58]]],[[[108.85,18.44],[108.67,18.55],[108.65,19.31],[109.3,19.7],[109.15,19.71],[109.29,19.91],[109.53,19.84],[109.71,20.02],[110.01,19.91],[110.37,20.09],[110.64,19.92],[110.68,20.16],[110.93,20.01],[111.04,19.64],[110.8,19.61],[110.54,18.78],[110.05,18.38],[109.75,18.4],[109.7,18.18],[108.85,18.44]]]]}},{"type":"Feature","properties":{"id":"SLB"},"geometry":{"type":"MultiPolygon","coordinates":[[[[156.09,-6.8],[156.15,-6.93],[156.03,-6.99],[156.09,-6.8]]],[[[155.68,-7.06],[155.73,-6.96],[155.87,-7.05],[155.68,-7.06]]],[[[157,-6.9],[157.56,-7.39],[157.1,-7.36],[156.39,-6.66],[156.5,-6.59],[157,-6.9]]],[[[160.15,-9],[160.41,-9.14],[160.22,-9.19],[160.31,-9.09],[160.1,-9.1],[160.15,-9]]],[[[158,-8.77],[157.87,-8.67],[158.01,-8.5],[158.13,-8.57],[158,-8.77]]],[[[159.05,-8.09],[158.3,-7.57],[158.73,-7.58],[159.85,-8.34],[159.74,-8.4],[159.9,-8.57],[159.05,-8.09]]],[[[159.56,-8.5],[159.59,-8.38],[159.7,-8.52],[159.56,-8.5]]],[[[160.77,-9],[160.57,-8.33],[160.74,-8.32],[160.99,-8.63],[160.94,-8.82],[161.17,-8.98],[161.4,-9.59],[160.77,-9]]],[[[161.42,-10.36],[161.28,-10.21],[162.09,-10.47],[162.22,-10.81],[162.38,-10.84],[161.76,-10.74],[161.42,-10.36]]],[[[160.46,-9.49],[160.83,-9.87],[159.82,-9.8],[159.58,-9.37],[159.71,-9.25],[159.91,-9.43],[160.46,-9.49]]],[[[157.56,-8],[157.9,-8.45],[157.8,-8.64],[157.54,-8.26],[157.21,-8.32],[157.41,-7.99],[157.56,-8]]],[[[156.94,-7.97],[157.12,-7.85],[157.18,-8.1],[156.94,-7.97]]],[[[157.2,-8.58],[157.38,-8.41],[157.41,-8.72],[157.2,-8.58]]],[[[156.51,-7.67],[156.6,-7.56],[156.78,-7.72],[156.71,-7.96],[156.51,-7.67]]],[[[166,-10.78],[165.75,-10.79],[166.15,-10.68],[166,-10.78]]]]}},{"type":"Feature","properties":{"id":"FLK"},"geometry":{"type":"MultiPolygon","coordinates":[[[[-61.02,-51.78],[-61.05,-51.89],[-60.86,-51.79],[-61,-51.99],[-61.16,-51.85],[-61.02,-51.78]]],[[[-58.33,-51.38],[-58.63,-51.47],[-58.2,-51.66],[-58.39,-51.48],[-57.95,-51.36],[-57.76,-51.54],[-58.16,-51.55],[-57.71,-51.68],[-58.3,-51.75],[-58.11,-51.79],[-58.4,-51.92],[-59.12,-51.84],[-58.62,-51.97],[-58.65,-52.14],[-59.28,-51.99],[-59.01,-52.26],[-59.41,-52.12],[-59.3,-52.33],[-59.73,-52.1],[-59.23,-51.72],[-58.95,-51.77],[-59.18,-51.58],[-58.85,-51.52],[-59.14,-51.46],[-58.87,-51.38],[-58.97,-51.23],[-58.33,-51.38]]],[[[-60.65,-51.93],[-60.18,-51.71],[-60.54,-51.81],[-60.65,-51.67],[-59.97,-51.74],[-60.66,-51.34],[-60.13,-51.51],[-60.04,-51.38],[-59.19,-51.4],[-59.86,-51.96],[-60.28,-51.99],[-60.62,-52.26],[-61.08,-52.01],[-60.4,-51.93],[-60.65,-51.93]]]]}},{"type":"Feature","properties":{"id":"BFA"},"geometry":{"type":"Polygon","coordinates":[[[-5.51,10.43],[-5.49,11.08],[-5.2,11.43],[-5.4,11.83],[-4.74,12],[-4.4,12.31],[-4.48,12.72],[-4.21,12.82],[-4.34,13.14],[-3.97,13.5],[-3.43,13.17],[-3.23,13.29],[-3.26,13.71],[-2.87,13.65],[-2.84,14.05],[-2.47,14.3],[-2,14.19],[-1.98,14.48],[-0.72,15.08],[0.23,15],[0.17,14.52],[0.47,13.91],[1.28,13.35],[0.99,13.37],[0.97,13.01],[1.16,13.01],[1.57,12.61],[2.02,12.72],[2.22,12.59],[2.26,12.42],[2.07,12.35],[2.41,11.9],[2.02,11.43],[1.4,11.45],[1.06,11.15],[1.11,11.03],[0.49,10.93],[-0.14,11.14],[-0.62,10.91],[-2.83,11.01],[-2.9,10.53],[-2.77,10.42],[-2.69,9.49],[-2.82,9.45],[-3.19,9.94],[-4.13,9.85],[-4.31,9.6],[-4.52,9.75],[-4.69,9.68],[-4.97,9.89],[-5.11,10.31],[-5.36,10.28],[-5.51,10.43]]]}},{"type":"Feature","properties":{"id":"YEM"},"geometry":{"type":"MultiPolygon","coordinates":[[[[42.77,16.4],[43.23,16.65],[43.16,17.11],[43.35,17.56],[43.83,17.34],[45.22,17.44],[46.75,17.28],[47,16.95],[47.18,16.95],[47.47,17.12],[48.18,18.17],[49.12,18.62],[52,19],[53.11,16.65],[52.23,16.22],[52.2,15.61],[51.37,15.23],[49.26,14.61],[48.68,14.05],[47.98,14.05],[47.39,13.65],[46.69,13.43],[45.66,13.35],[45.13,12.98],[45.04,12.75],[44.58,12.82],[43.96,12.59],[43.46,12.68],[42.94,14.92],[42.85,15.15],[42.6,15.23],[42.7,15.36],[42.81,15.28],[42.68,15.69],[42.84,16.02],[42.77,16.4]]],[[[53.31,12.53],[53.54,12.71],[54.53,12.54],[53.73,12.3],[53.31,12.53]]]]}},{"type":"Feature","properties":{"id":"SEN"},"geometry":{"type":"Polygon","coordinates":[[[-16.75,13.07],[-15.8,13.17],[-15.81,13.35],[-15.3,13.37],[-15.09,13.6],[-14.36,13.23],[-13.8,13.41],[-13.97,13.58],[-14.34,13.45],[-15.07,13.83],[-15.36,13.78],[-15.48,13.58],[-16.55,13.59],[-16.64,13.71],[-16.49,14],[-16.65,13.85],[-16.55,14.06],[-16.68,13.88],[-17.18,14.66],[-17.53,14.74],[-16.98,15.1],[-16.53,15.77],[-16.3,16.47],[-14.41,16.65],[-13.87,16.13],[-13.44,16.08],[-12.79,15.15],[-12.18,14.69],[-11.93,13.92],[-12.07,13.72],[-11.83,13.31],[-11.63,13.39],[-11.36,12.98],[-11.37,12.49],[-12.29,12.34],[-12.89,12.56],[-13.06,12.48],[-13.07,12.64],[-15.17,12.69],[-15.68,12.42],[-16.67,12.36],[-16.78,12.53],[-16.68,12.39],[-16.6,12.62],[-16.44,12.37],[-16.53,12.59],[-15.98,12.68],[-16.37,12.56],[-16.57,12.71],[-16.75,12.57],[-16.75,13.07]]]}},{"type":"Feature","properties":{"id":"GMB"},"geometry":{"type":"Polygon","coordinates":[[[-16.55,13.59],[-15.48,13.58],[-15.36,13.78],[-15.07,13.83],[-14.34,13.45],[-13.97,13.58],[-13.8,13.41],[-14.36,13.23],[-15.09,13.6],[-15.3,13.37],[-15.81,13.35],[-15.8,13.17],[-16.75,13.07],[-16.82,13.34],[-16.69,13.48],[-16.46,13.25],[-16.22,13.35],[-16.48,13.36],[-16.55,13.59]]]}},{"type":"Feature","properties":{"id":"IND"},"geometry":{"type":"MultiPolygon","coordinates":[[[[68.27,23.9],[68.36,23.97],[68.24,23.68],[68.27,23.9]]],[[[68.88,24.27],[70,24.17],[70.21,24.33],[70.12,23.92],[70.84,23.91],[71.14,23.45],[70.79,23.19],[70.32,23.21],[69.72,22.73],[69.1,22.9],[68.63,23.18],[68.75,23.09],[68.6,23.24],[68.74,23.31],[68.48,23.55],[68.73,23.83],[69.01,23.75],[69.24,24.11],[68.88,24.27]]],[[[70.58,24.28],[71.07,24.38],[71.28,24.27],[71.05,24.6],[71,24.49],[71.1,24.69],[70.67,25.4],[70.66,25.7],[70.27,25.71],[70.1,25.94],[70.18,26.55],[69.51,26.74],[69.59,27.18],[70.37,28.01],[70.59,28.01],[70.87,27.7],[71.9,27.96],[72.39,28.77],[72.95,29.03],[73.4,29.95],[73.97,30.2],[73.99,30.51],[74.7,31.07],[74.51,31.13],[74.66,31.43],[74.5,31.71],[74.67,31.92],[75.22,32.1],[75.32,32.34],[74.68,32.49],[74.65,32.83],[74.54,32.75],[74.01,33.2],[74.19,33.46],[73.96,33.72],[74.25,34.01],[73.92,34.01],[73.98,34.26],[73.75,34.38],[73.97,34.69],[74.31,34.8],[75.75,34.52],[77,34.94],[77.12,35.07],[76.78,35.66],[78.08,35.49],[78.01,35.27],[78.23,34.81],[79.04,34.33],[78.66,34.08],[78.76,33.73],[78.41,33.98],[79.46,32.71],[79.42,32.53],[78.89,32.4],[78.74,32.7],[78.39,32.54],[78.77,32],[78.78,31.31],[79.1,31.45],[79.43,31.02],[79.87,30.97],[80.24,30.76],[80.21,30.58],[81.03,30.2],[80.29,29.48],[80.1,28.83],[81.19,28.36],[81.32,28.13],[82.45,27.68],[82.71,27.72],[82.74,27.5],[83.3,27.33],[83.39,27.48],[83.85,27.36],[84.15,27.52],[84.62,27.34],[84.64,27.05],[85.33,26.74],[85.63,26.87],[85.78,26.63],[86.75,26.43],[86.46,26.06],[87.07,26.59],[87.34,26.35],[88.06,26.41],[88.18,26.8],[87.99,27.11],[88.14,27.88],[88.63,28.12],[88.84,28.02],[88.92,27.33],[88.75,27.14],[88.88,26.95],[89.33,26.85],[89.32,26.68],[89.37,26.86],[89.86,26.7],[90.49,26.86],[92.09,26.86],[92.12,27.29],[92.02,27.48],[91.65,27.48],[91.64,27.76],[92.24,27.89],[92.46,27.79],[92.73,27.98],[92.68,28.15],[94.66,29.31],[95.27,29.07],[96.14,29.35],[96.3,29.18],[96.2,29.08],[96.37,29.11],[96.59,28.7],[96.5,28.43],[96.65,28.61],[97.35,28.21],[97.34,27.88],[96.9,27.61],[97.15,27.09],[96.61,27.37],[96.1,27.22],[95.15,26.61],[95.18,26.07],[94.64,25.4],[94.58,25.22],[94.74,25],[94.16,23.85],[93.34,24.1],[93.39,23.14],[93.13,23.06],[93.2,22.26],[93,21.99],[92.71,22.16],[92.6,21.98],[92.27,23.72],[91.95,23.73],[91.78,23.04],[91.58,22.98],[91.42,23.27],[91.35,23.1],[91.16,23.73],[91.37,24.1],[91.76,24.24],[91.89,24.15],[91.92,24.34],[92.14,24.41],[92.25,24.9],[92.5,24.89],[92.12,25.17],[89.85,25.29],[89.84,25.7],[90.37,26.18],[91.54,26.12],[92.53,26.56],[94.35,26.9],[94.9,27.51],[95.38,27.58],[95.15,27.59],[95.49,27.79],[95.93,27.79],[95.47,27.83],[95.31,28.11],[95.38,27.86],[94.68,27.42],[94.31,26.91],[92.48,26.62],[91.58,26.16],[90.46,26.27],[89.83,25.87],[89.69,26.17],[89.54,25.97],[88.96,26.46],[88.99,26.25],[88.67,26.26],[88.6,26.47],[88.33,26.5],[88.51,26.41],[88.09,25.91],[88.99,25.31],[88.44,25.18],[88.34,24.87],[88.21,24.96],[88.02,24.65],[88.15,24.45],[88.66,24.3],[88.56,23.65],[88.79,23.49],[88.72,23.25],[89,23.21],[88.84,23.01],[89.04,22.25],[88.72,22.01],[88.64,22.16],[88.55,21.82],[88.47,22.05],[88.27,21.73],[88.21,22.16],[87.87,22.45],[88.18,22.09],[87.79,21.69],[87.28,21.61],[87.37,21.55],[86.89,21.32],[86.78,21.14],[86.96,20.79],[86.71,20.61],[86.86,20.78],[87.01,20.74],[86.84,20.65],[87.05,20.72],[86.38,19.98],[86.21,20.04],[86.37,19.96],[85.46,19.64],[85.54,19.89],[85.25,19.78],[85.1,19.52],[85.41,19.62],[84.72,19.1],[84.12,18.31],[82.34,17.1],[82.29,16.71],[81.89,16.72],[82.23,16.71],[82.19,16.54],[82.32,16.57],[81.73,16.32],[81.26,16.33],[81.39,16.34],[80.96,15.8],[80.84,16.15],[80.83,15.75],[80.5,15.94],[80,15.22],[80.26,13.58],[80.11,13.81],[80.17,13.62],[80.05,13.58],[80.36,13.31],[80.15,12.45],[79.89,12.07],[79.78,12.12],[79.88,10.3],[79.28,10.25],[78.9,9.49],[79.19,9.28],[78.2,8.96],[78.07,8.37],[77.75,8.18],[77.32,8.12],[76.55,8.9],[76.68,9],[76.53,8.97],[76.35,9.39],[76.24,9.97],[76.37,9.52],[76.39,9.85],[75.76,11.35],[75.2,12.01],[74.38,14.57],[74.11,14.75],[73.78,15.41],[73.96,15.38],[73.79,15.46],[74,15.51],[73.77,15.49],[73.46,16.06],[72.93,18.22],[73.09,18.15],[73.12,18.33],[72.92,18.35],[72.86,18.69],[72.94,18.83],[73.05,18.67],[72.91,18.88],[73.04,18.98],[73.01,19.27],[72.76,19.37],[72.88,19.53],[72.72,19.54],[72.65,19.84],[72.95,20.76],[72.72,21.04],[72.88,21.05],[72.71,21.08],[72.81,21.22],[72.61,21.09],[72.63,21.38],[72.82,21.42],[72.61,21.58],[72.81,21.65],[72.52,21.7],[72.73,21.95],[72.51,21.94],[72.59,22.2],[72.87,22.24],[72.36,22.41],[72.21,22.01],[72.1,22.1],[72.19,21.95],[72.03,22.03],[72.24,21.91],[72.26,21.75],[72.13,21.82],[72.31,21.63],[72.11,21.2],[70.81,20.7],[70.18,21.04],[68.96,22.24],[69.07,22.48],[69.19,22.24],[70.15,22.52],[70.73,23.2],[71.72,23.14],[71.46,23.28],[71.21,23.21],[71.39,23.35],[71.24,23.32],[71.31,23.57],[71.05,23.63],[71.06,23.87],[71.27,24],[71.16,24.22],[70.58,24.28]]],[[[88.04,21.68],[88.14,21.88],[88.16,21.65],[88.04,21.68]]],[[[72.82,19.23],[73,19.22],[72.8,18.88],[72.82,19.23]]],[[[92.39,10.56],[92.52,10.9],[92.57,10.58],[92.39,10.56]]],[[[92.61,11.56],[92.51,11.85],[92.77,12.23],[92.72,12.83],[92.84,13.41],[93.03,13.58],[93.03,13.08],[92.85,12.93],[92.97,12.5],[92.82,12.43],[92.71,11.48],[92.61,11.56]]],[[[93.67,7],[93.84,7.24],[93.9,6.8],[93.67,7]]]]}},{"type":"Feature","properties":{"id":"GIN"},"geometry":{"type":"MultiPolygon","coordinates":[[[[-14.92,11.07],[-14.66,11.5],[-13.71,11.71],[-13.7,12.01],[-13.93,12.21],[-13.71,12.68],[-13.12,12.64],[-13.06,12.48],[-12.89,12.56],[-12.36,12.31],[-11.38,12.41],[-11.44,12.28],[-11.23,12],[-10.93,12.23],[-10.66,11.9],[-10.34,12.23],[-9.69,12.03],[-9.34,12.25],[-9.41,12.46],[-9.25,12.51],[-8.95,12.36],[-8.78,11.97],[-8.85,11.65],[-8.39,11.37],[-8.67,10.96],[-8.29,11.02],[-8.33,10.59],[-7.99,10.34],[-8.14,9.53],[-7.85,9.42],[-7.92,9.21],[-7.73,9.07],[-7.97,8.83],[-7.69,8.65],[-7.64,8.38],[-8.24,8.46],[-8.24,8.23],[-7.98,8.19],[-7.94,8.02],[-8.06,8.04],[-8.21,7.54],[-8.68,7.7],[-8.84,7.28],[-9.11,7.19],[-9.21,7.39],[-9.45,7.41],[-9.48,8.35],[-9.77,8.55],[-10.68,8.32],[-10.51,8.62],[-10.57,9.05],[-10.73,9.08],[-10.66,9.31],[-11.21,10],[-12.44,9.88],[-12.77,9.34],[-13.3,9.04],[-13.27,9.41],[-13.43,9.27],[-13.55,9.64],[-13.72,9.51],[-13.5,9.78],[-13.62,9.77],[-13.62,9.94],[-13.82,9.84],[-14.03,10.16],[-14.22,10.11],[-14.19,10.29],[-14.19,10.18],[-14.45,10.21],[-14.64,10.47],[-14.52,10.56],[-14.67,10.51],[-14.5,10.59],[-14.62,10.63],[-14.51,10.85],[-14.74,10.7],[-14.66,10.91],[-14.8,10.82],[-14.82,10.93],[-14.63,11.01],[-14.92,11.07]]],[[[-15.07,10.88],[-14.9,10.93],[-14.96,10.77],[-15.07,10.88]]]]}},{"type":"Feature","properties":{"id":"TWN"},"geometry":{"type":"Polygon","coordinates":[[[120.59,22.37],[120.32,22.52],[120.18,23],[120.04,23.05],[120.17,23.81],[121.04,25.03],[121.58,25.3],[122,25],[121.83,24.84],[121.88,24.53],[121.63,24.15],[121.41,23.12],[120.95,22.53],[120.87,21.9],[120.71,21.93],[120.59,22.37]]]}},{"type":"Feature","properties":{"id":"SDN"},"geometry":{"type":"Polygon","coordinates":[[[24,20],[25,20],[25,22],[31.3,22],[31.16,21.64],[31.47,22.14],[31.4,22],[33.18,22],[33.57,21.72],[34,21.77],[34.08,22],[36.88,22],[36.98,21.4],[37.32,21.07],[37.1,21.2],[37.41,18.87],[38.58,18.02],[38.26,17.53],[37.52,17.33],[37.4,17.05],[37,17.07],[36.97,16.27],[36.43,15.17],[36.56,14.26],[36.14,12.71],[35.7,12.67],[35.08,11.8],[34.86,10.74],[34.59,10.89],[34.28,10.54],[34.35,10.23],[34.11,9.5],[33.88,9.5],[33.97,10.15],[33.25,10.78],[33.14,11.44],[33.29,12.22],[32.74,12.24],[32.76,11.98],[32.17,11.95],[32.39,11.71],[32.47,11.04],[31.33,9.78],[30.85,9.75],[30,10.29],[29.54,10.08],[29.54,9.75],[29,9.67],[28.74,9.35],[28.04,9.35],[27.91,9.61],[26.39,9.56],[25.93,10.18],[25.93,10.39],[25.76,10.44],[25.1,10.32],[24.55,9.23],[24.58,8.91],[24.26,8.69],[23.51,8.72],[23.58,8.99],[23.45,9.03],[23.7,9.67],[23.31,10.46],[22.88,10.92],[22.97,11.28],[22.56,11.62],[22.64,12.07],[22.48,12.03],[22.47,12.62],[22.22,12.75],[21.95,12.64],[21.81,12.81],[22.29,13.34],[22.08,13.78],[22.55,14.12],[22.38,14.54],[22.7,14.69],[22.67,14.86],[23.01,15.23],[22.93,15.55],[23.09,15.69],[24,15.7],[24,20]]]}},{"type":"Feature","properties":{"id":"AUS"},"geometry":{"type":"MultiPolygon","coordinates":[[[[73.77,-53.12],[73.49,-53.19],[73.25,-52.99],[73.77,-53.12]]],[[[105.7,-10.43],[105.67,-10.57],[105.53,-10.51],[105.7,-10.43]]],[[[146.29,-18.33],[146.3,-18.49],[146.07,-18.25],[146.29,-18.33]]],[[[142.2,-10.6],[142.28,-10.71],[142.15,-10.77],[142.2,-10.6]]],[[[132.56,-11.03],[132.59,-11.36],[132.47,-11.15],[132.56,-11.03]]],[[[136.29,-13.74],[136.11,-13.82],[136.2,-13.67],[136.29,-13.74]]],[[[136.44,-14.2],[136.33,-14.25],[136.42,-13.82],[136.69,-13.65],[136.73,-13.84],[136.91,-13.77],[136.7,-14.12],[136.96,-14.17],[136.95,-14.3],[136.44,-14.2]]],[[[136.65,-11.27],[136.47,-11.45],[136.76,-11.02],[136.65,-11.27]]],[[[139.19,-16.67],[139.31,-16.46],[139.7,-16.48],[139.19,-16.67]]],[[[139.55,-17.1],[139.39,-17.08],[139.49,-16.98],[139.55,-17.1]]],[[[136.94,-15.71],[137.07,-15.63],[137.07,-15.85],[136.94,-15.71]]],[[[137.6,-36],[136.7,-36.06],[136.53,-35.88],[136.59,-35.75],[137.62,-35.56],[137.58,-35.73],[137.78,-35.72],[137.76,-35.84],[137.91,-35.72],[138.13,-35.8],[137.6,-36]]],[[[153.08,-25.79],[152.94,-25.59],[152.99,-25.22],[153.23,-24.98],[153.12,-24.82],[153.26,-24.7],[153.36,-25.01],[153.08,-25.79]]],[[[153.41,-27.57],[153.54,-27.43],[153.42,-27.74],[153.41,-27.57]]],[[[151.18,-23.74],[151.02,-23.45],[151.24,-23.49],[151.32,-23.76],[151.18,-23.74]]],[[[147.96,-39.76],[148.29,-39.97],[148.31,-40.22],[148.05,-40.25],[147.76,-39.89],[147.96,-39.76]]],[[[148.41,-40.37],[148.4,-40.49],[147.98,-40.4],[148.41,-40.37]]],[[[145.27,-38.38],[145.3,-38.28],[145.5,-38.35],[145.27,-38.38]]],[[[144.05,-39.64],[144.13,-39.98],[143.92,-40.16],[143.84,-39.72],[144.05,-39.64]]],[[[147.4,-43.24],[147.32,-43.5],[147.14,-43.49],[147.35,-43.06],[147.4,-43.24]]],[[[147.93,-43.01],[148.01,-43.22],[147.86,-43.11],[147.79,-43.24],[147.62,-43.01],[147.86,-43.06],[147.91,-42.84],[147.93,-43.01]]],[[[147.3,-40.96],[147.84,-40.89],[147.97,-40.74],[148.35,-40.99],[148.36,-42.19],[148.3,-42.28],[148.3,-42.13],[148.08,-42.11],[147.79,-42.9],[147.45,-42.76],[147.61,-42.85],[147.42,-43.05],[147.48,-42.91],[147.16,-42.75],[147.34,-43.05],[147.17,-43.28],[147,-43.02],[147.1,-43.29],[146.83,-43.64],[146.56,-43.47],[146.03,-43.57],[145.92,-43.38],[146.23,-43.32],[146,-43.34],[145.94,-43.15],[145.84,-43.32],[145.49,-42.99],[145.17,-42.2],[145.47,-42.53],[145.56,-42.36],[145.33,-42.15],[145.22,-42.22],[144.61,-41.01],[144.73,-40.64],[145.12,-40.84],[145.26,-40.71],[146.39,-41.24],[146.53,-41.12],[146.61,-41.26],[146.77,-41.08],[147.12,-41.44],[146.79,-41.05],[147.3,-40.96]]],[[[124.55,-15.41],[124.57,-15.25],[124.66,-15.4],[124.55,-15.41]]],[[[130.5,-11.61],[130.37,-11.17],[130.8,-11.58],[130.71,-11.38],[131.03,-11.41],[131.15,-11.25],[131.22,-11.44],[131.25,-11.19],[131.54,-11.41],[130.97,-11.94],[130.5,-11.61]]],[[[130.54,-11.82],[130.02,-11.8],[130.08,-11.67],[130.31,-11.73],[130.15,-11.48],[130.25,-11.35],[130.4,-11.42],[130.34,-11.6],[130.64,-11.75],[130.54,-11.82]]],[[[115.46,-20.79],[115.32,-20.89],[115.43,-20.67],[115.46,-20.79]]],[[[112.92,-25.58],[113.02,-25.5],[113.22,-26.16],[112.92,-25.58]]],[[[134.47,-12.07],[134.61,-12.19],[134.76,-11.95],[134.81,-12.19],[135.06,-12.26],[134.99,-12.34],[135.15,-12.24],[135.33,-12.4],[135.27,-12.25],[135.51,-12.15],[135.22,-12.19],[135.3,-12.12],[135.91,-11.95],[135.67,-12.31],[136.05,-12.06],[135.9,-12.44],[136.02,-12.4],[136.01,-12.59],[136.06,-12.43],[136.4,-12.33],[136.47,-12.15],[136.17,-12.16],[136.56,-11.88],[136.45,-11.99],[136.65,-12.27],[136.78,-12.16],[136.98,-12.35],[136.77,-12.56],[136.72,-12.46],[136.62,-12.84],[136.46,-12.77],[136.67,-13],[136.46,-12.98],[136.57,-13.06],[136.47,-13.25],[136.33,-13.32],[136.34,-13.05],[136.18,-13.28],[136.14,-13.13],[135.74,-13.56],[135.91,-13.75],[136.08,-13.66],[135.9,-14.19],[135.6,-14.23],[135.67,-14.43],[135.36,-14.73],[135.36,-14.96],[135.67,-15.06],[135.61,-15.17],[135.71,-15.09],[135.4,-15.45],[135.75,-15.12],[136.24,-15.42],[136.6,-15.76],[136.54,-15.85],[136.72,-15.69],[136.56,-15.91],[136.98,-15.85],[137.73,-16.24],[137.59,-16.47],[137.75,-16.26],[138.3,-16.8],[139.01,-16.9],[139.22,-17.31],[139.55,-17.46],[139.38,-17.64],[139.55,-17.47],[140.23,-17.76],[140.82,-17.52],[141.26,-16.55],[141.32,-16.69],[141.38,-15.92],[141.51,-16.04],[141.41,-15.92],[141.6,-15.83],[141.43,-15.83],[141.58,-15.2],[141.69,-15.24],[141.47,-13.88],[141.6,-13.89],[141.51,-13.76],[141.47,-13.86],[141.63,-13.37],[141.73,-13.63],[141.87,-13.28],[141.66,-13.34],[141.6,-12.95],[141.8,-12.68],[141.95,-12.94],[141.91,-12.75],[142.12,-12.75],[141.69,-12.52],[141.83,-12.39],[141.59,-12.56],[141.88,-11.96],[141.93,-12.17],[142.16,-12.02],[141.94,-11.97],[141.99,-11.77],[142.15,-11.78],[142,-11.75],[142.13,-10.96],[142.53,-10.69],[142.46,-10.98],[142.59,-10.87],[142.79,-11.07],[142.85,-11.84],[143.24,-11.97],[143.05,-12.15],[143.08,-12.34],[143.44,-12.61],[143.36,-12.93],[143.54,-12.84],[143.53,-13.76],[143.78,-14.4],[144.2,-14.48],[144.2,-14.26],[144.52,-14.17],[144.68,-14.55],[145.35,-14.95],[145.18,-15.12],[145.36,-15.27],[145.22,-15.47],[145.48,-16.08],[145.41,-16.46],[145.79,-17.02],[145.96,-16.9],[145.89,-17.06],[146.15,-17.65],[145.98,-18.1],[146.34,-18.53],[146.25,-18.84],[146.88,-19.3],[147.02,-19.18],[147.16,-19.45],[147.44,-19.42],[147.41,-19.31],[147.66,-19.83],[147.82,-19.71],[148.34,-20.15],[148.56,-20.07],[148.77,-20.24],[148.93,-20.54],[148.67,-20.43],[148.7,-20.67],[149.23,-21.06],[149.29,-21.54],[149.49,-21.53],[149.52,-22.34],[149.69,-22.35],[149.67,-22.49],[149.81,-22.38],[150.04,-22.65],[149.91,-22.32],[150.05,-22.13],[150.64,-22.66],[150.53,-22.38],[150.67,-22.35],[150.84,-22.69],[150.78,-23.52],[151.02,-23.57],[151.45,-24.09],[151.89,-24.15],[152.02,-24.53],[152.47,-24.82],[152.66,-25.24],[152.91,-25.29],[153.02,-26],[153.04,-25.81],[153.19,-25.93],[153.03,-26.39],[153.15,-26.8],[153.04,-27.27],[153.32,-27.58],[153.48,-28.27],[153.57,-28.2],[153.61,-28.84],[153.29,-29.42],[153.33,-29.68],[152.97,-30.67],[153.06,-31.06],[152.84,-31.4],[152.94,-31.48],[152.55,-32.01],[152.53,-32.38],[152.34,-32.4],[152.54,-32.44],[152.31,-32.44],[152.21,-32.7],[151.97,-32.65],[151.92,-32.78],[152.17,-32.76],[151.77,-32.86],[151.42,-33.52],[151.19,-33.52],[151.34,-33.62],[151.27,-33.97],[151.04,-33.98],[151.17,-34.09],[150.78,-34.56],[150.9,-34.6],[150.71,-34.9],[150.83,-35.07],[150.67,-35.02],[150.76,-35.17],[150.54,-35.17],[150.18,-35.71],[149.96,-37.52],[149.77,-37.48],[149.48,-37.78],[147.66,-37.85],[147.45,-38.07],[147.74,-37.98],[146.88,-38.63],[146.21,-38.69],[146.29,-38.9],[146.48,-38.79],[146.37,-39.14],[146.16,-38.8],[145.92,-38.91],[145.82,-38.64],[145.37,-38.54],[145.55,-38.37],[145.49,-38.23],[145.25,-38.22],[145.23,-38.41],[144.89,-38.5],[144.67,-38.31],[144.97,-38.33],[145.12,-38.09],[144.98,-37.85],[144.36,-38.1],[144.69,-38.12],[144.67,-38.27],[144.04,-38.48],[143.55,-38.86],[142.37,-38.35],[141.74,-38.25],[141.54,-38.43],[141.02,-38.05],[140.58,-38.03],[139.74,-37.18],[139.67,-36.95],[139.86,-36.7],[139.63,-36.1],[139.04,-35.64],[139.36,-35.5],[139.37,-35.34],[138.98,-35.39],[139,-35.55],[138.1,-35.63],[138.44,-35.35],[138.47,-34.79],[138.59,-34.78],[138.09,-34.13],[137.76,-35.12],[136.85,-35.28],[137.01,-34.9],[137.45,-34.91],[137.45,-34.14],[137.98,-33.56],[137.81,-33.27],[138.05,-33.12],[137.77,-32.49],[137.79,-33],[137.64,-32.95],[137.45,-33.13],[137.21,-33.66],[136.93,-33.66],[136.36,-34.07],[136.09,-34.54],[135.93,-34.53],[135.79,-34.81],[136.01,-34.74],[135.95,-35.01],[135.11,-34.59],[135.21,-34.43],[135.37,-34.64],[135.52,-34.61],[135.39,-34.59],[135.31,-34.02],[134.83,-33.63],[134.89,-33.43],[134.7,-33.17],[134.37,-33.18],[134.28,-33.02],[134.33,-33.2],[134.14,-33.02],[134.06,-32.72],[134.2,-32.8],[134.29,-32.66],[134.18,-32.48],[133.85,-32.54],[133.95,-32.39],[133.61,-32.09],[133.13,-32.21],[132.75,-31.95],[132.2,-32.03],[131.15,-31.47],[130.79,-31.61],[129.05,-31.68],[127.22,-32.28],[125.96,-32.29],[124.25,-33.01],[123.98,-33.56],[123.54,-33.94],[123.16,-34.02],[123.02,-33.86],[122.11,-34.02],[122.01,-33.83],[120.44,-33.97],[120.09,-33.87],[119.62,-34.09],[119.58,-34.39],[119.35,-34.35],[119.42,-34.46],[119.26,-34.53],[118.87,-34.45],[118.4,-34.92],[117.94,-34.94],[117.95,-35.13],[117.33,-35.03],[117.46,-34.97],[116.63,-35.06],[116,-34.84],[115.58,-34.42],[115.14,-34.38],[114.99,-34.1],[115,-33.53],[115.42,-33.65],[115.71,-33.33],[115.7,-31.69],[115.06,-30.51],[114.96,-29.35],[114.56,-28.53],[114.17,-28.11],[114.18,-27.68],[113.96,-27.22],[113.16,-26.15],[113.27,-26.24],[113.3,-26.02],[113.38,-26.33],[113.36,-26.02],[113.59,-26.64],[113.63,-26.46],[113.66,-26.67],[113.84,-26.58],[113.88,-26.33],[113.41,-25.72],[113.51,-25.5],[113.76,-25.88],[113.7,-26.2],[113.88,-25.94],[114.08,-26.47],[114.24,-26.31],[114.28,-25.86],[113.4,-24.41],[113.47,-23.9],[113.78,-23.47],[113.83,-22.95],[113.65,-22.58],[114,-21.87],[114.19,-21.81],[114.1,-22.54],[114.31,-22.43],[114.43,-22.61],[114.56,-22.13],[114.82,-21.86],[114.68,-21.83],[115.49,-21.55],[116.18,-20.98],[116.19,-20.82],[116.71,-20.79],[116.81,-20.53],[116.8,-20.7],[117.17,-20.59],[117.38,-20.79],[117.82,-20.67],[118.18,-20.34],[118.86,-20.29],[119.1,-19.96],[119.57,-20.08],[121.11,-19.54],[121.81,-18.45],[122.37,-18.12],[122.38,-17.99],[122.18,-17.97],[122.17,-17.26],[122.48,-16.9],[122.62,-16.97],[122.58,-16.76],[122.82,-16.77],[122.74,-16.68],[122.93,-16.39],[123.04,-16.36],[122.96,-16.58],[123.14,-16.69],[123.12,-16.94],[123.56,-17.48],[123.58,-17.72],[123.63,-17.2],[123.71,-17.28],[123.58,-17.03],[123.93,-17.24],[123.8,-17],[123.92,-17.1],[123.83,-16.96],[123.96,-16.83],[123.8,-16.91],[123.78,-16.73],[123.5,-16.66],[123.64,-16.57],[123.43,-16.5],[123.66,-16.49],[123.5,-16.38],[123.73,-16.42],[123.56,-16.18],[123.81,-16.19],[123.72,-16.25],[123.87,-16.45],[123.89,-16.3],[124.04,-16.4],[123.91,-16.21],[124.13,-16.28],[124.4,-16.58],[124.51,-16.55],[124.39,-16.35],[124.96,-16.37],[124.39,-16.34],[124.45,-16.07],[124.6,-16.2],[124.8,-15.66],[124.7,-15.62],[124.75,-15.81],[124.69,-15.73],[124.5,-16],[124.42,-15.55],[124.68,-15.49],[124.7,-15.25],[125.29,-15.6],[125.23,-15.42],[125.07,-15.44],[125.11,-15.26],[124.88,-15.31],[125.05,-15.15],[124.88,-15.26],[124.83,-15.16],[125.07,-14.98],[125.19,-15.21],[125.29,-15.1],[125.55,-15.26],[125.37,-15.11],[125.49,-14.98],[125.21,-14.97],[125.34,-14.89],[125.14,-14.75],[125.37,-14.51],[125.44,-14.66],[125.49,-14.51],[125.6,-14.57],[125.62,-14.23],[125.73,-14.28],[125.64,-14.73],[125.73,-14.41],[125.93,-14.71],[126.17,-14.15],[126.01,-13.93],[126.22,-13.97],[126.15,-14.08],[126.31,-14.25],[126.33,-14.05],[126.57,-13.94],[126.45,-14.08],[126.61,-14.28],[126.71,-13.97],[126.95,-13.99],[126.77,-13.78],[126.96,-13.74],[127.32,-14.04],[127.43,-13.94],[128.22,-14.72],[128.03,-14.92],[128.14,-14.87],[128.09,-15.28],[127.98,-15.28],[128.08,-15.44],[127.79,-15.59],[127.87,-15.73],[128.1,-15.5],[128.13,-15.18],[128.33,-15.49],[128.2,-15.1],[128.29,-14.97],[128.38,-15.12],[128.36,-14.99],[128.53,-15.07],[128.42,-14.8],[129.02,-14.88],[129,-15],[129.09,-14.91],[129.13,-15.31],[129.24,-15.11],[129.36,-15.16],[129.29,-14.86],[129.6,-15.1],[129.57,-15.24],[129.78,-15.2],[129.65,-14.84],[129.84,-14.95],[129.87,-14.8],[130.05,-14.8],[129.76,-14.83],[129.62,-14.69],[129.83,-14.54],[129.53,-14.55],[129.37,-14.34],[129.75,-13.98],[129.9,-13.44],[130,-13.54],[130.27,-13.33],[130.42,-13.51],[130.12,-13.17],[130.13,-12.97],[130.42,-12.91],[130.44,-12.63],[130.51,-12.76],[130.77,-12.74],[130.55,-12.64],[130.66,-12.64],[130.62,-12.38],[130.94,-12.73],[130.86,-12.51],[131.03,-12.58],[130.82,-12.41],[131.05,-12.39],[131.03,-12.15],[131.28,-12.25],[131.3,-12.04],[131.36,-12.24],[131.77,-12.27],[131.74,-12.39],[131.89,-12.21],[132.1,-12.36],[132.25,-12.17],[132.23,-12.36],[132.36,-12.2],[132.51,-12.7],[132.42,-12.2],[132.77,-12.16],[132.58,-11.79],[132.75,-11.64],[132.55,-11.61],[132.53,-11.43],[132.08,-11.53],[131.76,-11.32],[131.82,-11.21],[132.01,-11.13],[132.2,-11.42],[132.14,-11.12],[132.28,-11.28],[132.34,-11.12],[132.37,-11.3],[132.45,-11.22],[132.71,-11.52],[132.92,-11.33],[133.16,-11.71],[133.54,-11.76],[133.49,-11.88],[133.92,-11.74],[133.78,-11.88],[134.18,-11.96],[134.1,-12.32],[134.25,-11.98],[134.47,-12.07]]]]}},{"type":"Feature","properties":{"id":"IDN"},"geometry":{"type":"MultiPolygon","coordinates":[[[[109.65,2.08],[109.54,1.92],[109.66,1.62],[110.58,0.85],[111.22,1.09],[111.83,0.99],[112.5,1.58],[113,1.58],[112.97,1.41],[113.63,1.22],[113.98,1.45],[114.56,1.43],[114.72,1.86],[114.88,1.92],[114.8,2.25],[115.24,2.51],[115.09,2.82],[115.57,3.16],[115.56,3.92],[115.88,4.39],[116.08,4.28],[116.17,4.39],[117.25,4.37],[117.83,3.7],[117.44,3.71],[117.49,3.6],[116.94,3.7],[116.95,3.6],[117.5,3.5],[117.22,3.51],[117.53,3.29],[117.29,3.16],[117.62,3.06],[117.57,2.94],[117.7,2.95],[117.55,2.91],[117.72,2.89],[117.6,2.81],[118.09,2.33],[117.76,2.02],[118.99,0.99],[118.79,0.8],[118.39,0.8],[117.88,1.14],[118.03,0.78],[117.75,0.76],[117.46,0.1],[117.43,-0.27],[117.5,-0.48],[117.63,-0.42],[117.46,-0.7],[117.61,-0.77],[117.29,-0.83],[116.88,-1.28],[116.74,-1],[116.76,-1.36],[116.21,-1.78],[116.45,-1.77],[116.34,-2.11],[116.6,-2.2],[116.51,-2.56],[116.28,-2.55],[116.42,-2.58],[116.36,-2.88],[116.22,-3.01],[116.13,-2.81],[116.06,-3.01],[116.27,-3.13],[115.97,-3.61],[114.68,-4.18],[114.51,-3.38],[114.44,-3.5],[114.07,-3.3],[113.63,-3.46],[113.58,-3.14],[113.34,-3.28],[113.03,-2.92],[113.04,-3.13],[112.64,-3.4],[112.26,-3.31],[111.88,-3.54],[111.71,-2.79],[111.55,-3.02],[111.41,-2.9],[110.65,-3.04],[110.56,-2.84],[110.26,-2.96],[110.12,-2.03],[109.9,-1.83],[110.06,-1.34],[109.73,-0.9],[109.68,-1.01],[109.26,-0.85],[109.25,-0.66],[109.54,-0.73],[109.12,-0.52],[109.19,0.07],[108.92,0.33],[108.84,0.81],[108.98,0.96],[108.91,1.17],[109.15,1.25],[108.96,1.21],[109.05,1.52],[109.34,1.94],[109.65,2.08]]],[[[117.68,4.17],[117.9,4.17],[117.86,4.03],[117.68,4.17]]],[[[141,-2.6],[141,-6.31],[140.87,-6.79],[141.02,-6.89],[141.02,-9.12],[140,-8.2],[140.06,-7.99],[139.38,-8.2],[139.24,-8.07],[138.91,-8.27],[138.83,-8.12],[139.11,-7.57],[138.67,-7.21],[139.26,-7.14],[138.85,-7.16],[138.56,-6.94],[138.92,-6.84],[139.23,-6.99],[138.43,-6.36],[138.32,-5.83],[138.16,-5.77],[138.25,-5.68],[138.05,-5.68],[138.05,-5.39],[138.18,-5.35],[138.01,-5.5],[137.45,-5.1],[137.51,-4.96],[137.42,-5.13],[137.42,-4.95],[136.79,-4.9],[136.87,-4.77],[136.63,-4.83],[135.92,-4.49],[135.2,-4.46],[134.63,-4.12],[134.68,-3.94],[134.96,-3.95],[134.51,-4.04],[134.33,-3.88],[134.29,-4.05],[134.11,-3.91],[134.14,-3.74],[133.96,-3.86],[133.83,-3.56],[133.82,-3.73],[133.62,-3.48],[133.88,-3.06],[133.81,-2.91],[133.58,-3.57],[133.41,-3.69],[133.4,-3.58],[133.46,-3.86],[133.31,-3.86],[133.25,-4.07],[132.91,-4.09],[132.73,-3.68],[132.94,-3.55],[132.82,-3.3],[132.66,-3.32],[132.35,-2.94],[131.98,-2.93],[132.07,-2.79],[131.95,-2.77],[132.23,-2.65],[132.73,-2.8],[133.21,-2.41],[133.38,-2.52],[133.26,-2.71],[133.49,-2.73],[133.63,-2.53],[133.66,-2.67],[133.85,-2.67],[133.73,-2.44],[133.99,-2.39],[133.83,-2.33],[134.02,-2.16],[133.92,-2.04],[133.52,-2.24],[132.32,-2.28],[132.04,-2.07],[132.11,-1.87],[132.04,-2.03],[131.93,-1.88],[131.98,-1.49],[131.72,-1.58],[131.74,-1.37],[131.45,-1.51],[131.37,-1.39],[131.26,-1.52],[130.94,-1.44],[131.23,-1.12],[131.22,-0.82],[131.85,-0.71],[132.42,-0.34],[133.4,-0.74],[133.97,-0.72],[134.28,-1.34],[134.07,-1.65],[134.18,-2.36],[134.46,-2.86],[134.46,-2.55],[134.63,-2.47],[134.69,-2.97],[134.86,-2.88],[134.86,-3.25],[135.11,-3.38],[135.47,-3.37],[135.78,-3.11],[136.39,-2.22],[137.17,-2.11],[137.11,-1.79],[137.16,-1.88],[137.84,-1.46],[137.95,-1.63],[138.14,-1.65],[137.98,-1.53],[138.66,-1.79],[139.75,-2.36],[140.15,-2.33],[140.72,-2.49],[140.71,-2.63],[141,-2.6]]],[[[124.95,-8.96],[125.19,-9.16],[125,-9.18],[125.09,-9.45],[124.4,-10.17],[123.46,-10.36],[123.76,-10.09],[123.58,-10.02],[123.67,-9.63],[124.95,-8.96]]],[[[134.5,-5.5],[134.71,-5.52],[134.56,-5.56],[134.76,-5.65],[134.74,-5.97],[134.3,-6.02],[134.42,-5.79],[134.21,-5.71],[134.5,-5.5]]],[[[133.07,-5.63],[132.84,-6.01],[133.15,-5.27],[133.07,-5.63]]],[[[132.74,-5.66],[132.82,-5.85],[132.69,-5.95],[132.61,-5.59],[132.74,-5.66]]],[[[134.56,-6.52],[134.4,-6.4],[134.53,-6.58],[134.37,-6.82],[134.2,-6.94],[134.07,-6.83],[134.12,-6.45],[134.3,-6.66],[134.1,-6.17],[134.4,-6.4],[134.15,-6.01],[134.32,-6.2],[134.28,-6.05],[134.54,-5.92],[134.75,-6.05],[134.56,-6.52]]],[[[131.95,-7.16],[131.95,-7.25],[131.71,-7.15],[131.95,-7.16]]],[[[131.62,-7.13],[131.75,-7.21],[131.63,-7.25],[131.62,-7.65],[131.29,-8.03],[131.3,-7.92],[131.1,-8],[131.23,-7.49],[131.62,-7.13]]],[[[135.72,-1.7],[135.41,-1.6],[136.9,-1.79],[136.26,-1.91],[135.72,-1.7]]],[[[135.47,-0.65],[135.85,-0.7],[136.38,-1.08],[135.86,-1.17],[135.73,-0.78],[135.64,-0.89],[135.47,-0.74],[135.54,-0.87],[135.36,-0.64],[135.47,-0.65]]],[[[134.85,-1.13],[134.84,-0.93],[134.99,-1.05],[134.85,-1.13]]],[[[138.5,-8.32],[137.64,-8.42],[138.12,-7.54],[138.78,-7.38],[139.09,-7.57],[138.91,-8.08],[138.5,-8.32]]],[[[138.81,-8.14],[138.91,-8.38],[138.56,-8.35],[138.81,-8.14]]],[[[104.49,0.98],[104.22,1.09],[104.58,1.23],[104.59,0.81],[104.49,0.98]]],[[[104.64,-0.04],[105,-0.3],[104.43,-0.24],[104.49,0],[104.64,-0.04]]],[[[104.45,-0.34],[104.6,-0.47],[104.36,-0.68],[104.24,-0.49],[104.45,-0.34]]],[[[104.09,1.14],[104.1,0.98],[103.92,1.02],[104.09,1.14]]],[[[103.5,0.71],[103.4,0.65],[103.37,0.89],[103.5,0.71]]],[[[102.39,1.33],[102,1.6],[102.46,1.52],[102.51,1.26],[102.39,1.33]]],[[[102.47,1.25],[102.39,0.91],[102.21,1.41],[102.47,1.25]]],[[[102.61,1.03],[102.5,0.95],[102.48,1.12],[102.61,1.03]]],[[[102.69,0.93],[102.88,0.95],[103.05,0.72],[102.41,0.85],[102.74,1.02],[102.69,0.93]]],[[[102.87,1.05],[102.62,1.02],[102.87,1.13],[103.15,0.85],[102.87,1.05]]],[[[103.15,0.64],[103.25,0.69],[103.29,0.53],[103.15,0.64]]],[[[101.39,1.91],[101.66,2.13],[101.79,1.94],[101.62,1.69],[101.39,1.91]]],[[[128.28,2.02],[128.2,2.28],[128.57,2.64],[128.69,2.42],[128.58,2.11],[128.28,2.02]]],[[[130.73,-0.29],[130.94,-0.38],[130.73,-0.44],[130.68,-0.29],[130.55,-0.43],[130.53,-0.25],[130.22,-0.21],[131.05,-0.02],[131.34,-0.29],[130.96,-0.35],[130.62,-0.08],[130.73,-0.29]]],[[[130.49,-0.79],[130.93,-0.78],[130.39,-0.92],[130.49,-0.79]]],[[[127.5,0.89],[127.4,1.2],[127.55,1.71],[128.07,2.2],[127.84,1.85],[128.01,1.74],[128.01,1.31],[127.63,0.92],[127.85,0.81],[127.98,1.09],[128.2,1.16],[128.09,1.26],[128.18,1.38],[128.72,1.57],[128.7,1.06],[128.2,0.79],[128.68,0.55],[128.67,0.34],[128.9,0.21],[128.08,0.48],[127.86,0.3],[128.05,-0.42],[128.45,-0.91],[128.02,-0.69],[127.69,-0.27],[127.73,0.31],[127.53,0.55],[127.64,0.85],[127.5,0.89]]],[[[127.27,-0.28],[127.13,-0.52],[127.11,-0.28],[127.27,-0.28]]],[[[127.79,-0.68],[127.83,-0.85],[127.47,-0.82],[127.32,-0.33],[127.45,-0.42],[127.56,-0.3],[127.69,-0.46],[127.59,-0.62],[127.79,-0.68]]],[[[127.3,-0.68],[127.33,-0.79],[127.17,-0.75],[127.2,-0.61],[127.3,-0.68]]],[[[121.87,-0.52],[121.65,-0.54],[121.77,-0.42],[121.87,-0.52]]],[[[117.62,3.26],[117.55,3.44],[117.67,3.41],[117.62,3.26]]],[[[125.51,3.57],[125.42,3.73],[125.64,3.38],[125.51,3.57]]],[[[126.85,4.46],[126.91,4.27],[126.68,3.99],[126.73,4.54],[126.85,4.46]]],[[[105.85,2.99],[105.73,2.82],[105.69,3.06],[105.85,2.99]]],[[[108.39,3.79],[108.16,3.63],[108.23,3.82],[107.96,4],[108.23,4.23],[108.39,3.79]]],[[[107.63,-2.6],[107.83,-2.53],[108.26,-2.74],[108.21,-3.15],[107.98,-3.27],[107.85,-3.06],[107.61,-3.24],[107.63,-2.6]]],[[[106.33,-2.95],[105.95,-2.82],[105.76,-2.14],[105.13,-2.08],[105.39,-1.61],[105.6,-1.53],[105.65,-1.76],[105.8,-1.77],[105.7,-1.53],[105.92,-1.5],[106.3,-2.42],[106.85,-2.57],[106.59,-2.89],[106.74,-3.09],[106.33,-2.95]]],[[[102.09,-5.36],[102.24,-5.32],[102.37,-5.49],[102.09,-5.36]]],[[[109.68,-1.02],[109.78,-1.15],[109.38,-1.26],[109.49,-0.97],[109.68,-1.02]]],[[[130.69,-0.95],[131.08,-0.97],[130.97,-1.35],[130.74,-1.23],[130.69,-0.95]]],[[[127.57,-1.19],[127.69,-1.27],[127.47,-1.26],[127.57,-1.19]]],[[[127.7,-1.35],[128.16,-1.68],[127.41,-1.66],[127.42,-1.42],[127.7,-1.35]]],[[[130.45,-2.01],[130.13,-2.06],[129.72,-1.88],[130.35,-1.67],[130.45,-2.01]]],[[[128.97,-3.29],[128.87,-3.21],[128.46,-3.46],[128.16,-3.06],[127.92,-3.57],[127.84,-3.16],[128.12,-3.06],[128.16,-2.86],[129.05,-2.79],[129.13,-2.97],[129.53,-2.77],[130.58,-3.12],[130.66,-3.4],[130.84,-3.46],[130.85,-3.86],[129.93,-3.34],[129.52,-3.3],[129.53,-3.47],[128.97,-3.29]]],[[[128.18,-3.57],[128.34,-3.5],[128.36,-3.63],[127.94,-3.77],[128.18,-3.57]]],[[[129.85,-7.84],[129.76,-8.05],[129.58,-7.9],[129.85,-7.84]]],[[[127.37,-7.66],[127.36,-7.5],[127.49,-7.52],[127.37,-7.66]]],[[[128.53,-7.13],[128.7,-7.12],[128.65,-7.22],[128.53,-7.13]]],[[[127.86,-8.21],[127.76,-8.11],[128.13,-8.15],[127.86,-8.21]]],[[[127.07,-3.32],[127.27,-3.39],[127.22,-3.66],[126.69,-3.86],[126.18,-3.61],[126.01,-3.26],[126.09,-3.11],[126.78,-3.06],[127.07,-3.32]]],[[[125.92,-2.27],[125.91,-1.97],[126.05,-2.48],[125.92,-2.27]]],[[[125.82,-7.93],[125.97,-7.65],[126.18,-7.73],[126.63,-7.56],[126.84,-7.73],[126.47,-7.97],[125.82,-7.93]]],[[[124.69,-1.65],[125.29,-1.73],[125.33,-1.88],[124.4,-2.03],[124.38,-1.68],[124.69,-1.65]]],[[[125.72,-1.82],[126.35,-1.81],[125.92,-1.94],[125.33,-1.86],[125.72,-1.82]]],[[[123.28,-1.33],[123.56,-1.28],[123.46,-1.52],[123.26,-1.45],[123.24,-1.65],[123.11,-1.6],[123.15,-1.3],[122.91,-1.6],[122.79,-1.48],[122.91,-1.18],[123.19,-1.15],[123.28,-1.33]]],[[[124.43,-8.29],[124.53,-8.12],[125.14,-8.25],[124.42,-8.46],[124.43,-8.29]]],[[[124.09,-8.36],[124.32,-8.18],[124.06,-8.55],[123.91,-8.44],[124.09,-8.36]]],[[[123.19,-4.01],[123.14,-4.26],[122.99,-4.2],[123.01,-3.98],[123.19,-4.01]]],[[[123.31,-8.43],[123.48,-8.34],[123.41,-8.25],[123.56,-8.24],[123.55,-8.37],[123.61,-8.22],[123.92,-8.25],[123.55,-8.57],[123.22,-8.55],[123.31,-8.43]]],[[[123.06,-8.41],[123.14,-8.23],[123.33,-8.27],[123.06,-8.41]]],[[[122.95,-8.49],[123.17,-8.44],[122.89,-8.61],[122.95,-8.49]]],[[[122.81,-10.78],[123.44,-10.49],[123.22,-10.83],[122.85,-10.94],[122.81,-10.78]]],[[[117.52,-8.39],[117.48,-8.19],[117.67,-8.15],[117.52,-8.39]]],[[[116.03,-3.59],[116.28,-3.21],[116.31,-3.92],[116.09,-4.09],[116.03,-3.59]]],[[[119.62,-4.21],[119.46,-3.49],[118.91,-3.52],[118.78,-3.09],[118.89,-2.89],[118.76,-2.79],[119.14,-2.47],[119.33,-1.96],[119.34,-1.17],[119.73,-0.65],[119.88,-0.86],[119.81,-0.14],[119.6,-0.01],[119.84,-0.1],[119.77,0.21],[119.9,0.22],[119.88,0.46],[120.05,0.51],[120.25,0.96],[120.59,0.75],[120.9,1.36],[121.46,1.31],[121.43,1.16],[121.66,1.03],[122.45,1.03],[122.85,0.8],[122.99,0.97],[123.96,0.84],[124.58,1.19],[124.53,1.35],[124.83,1.46],[124.98,1.75],[125.18,1.68],[125.24,1.49],[125.01,1.12],[124.51,0.47],[124.22,0.38],[123.35,0.31],[123.06,0.52],[121.8,0.41],[121.53,0.56],[121.11,0.4],[120.65,0.52],[120.3,0.42],[120.03,-0.07],[120.06,-0.63],[120.31,-0.97],[120.51,-1],[120.68,-1.42],[121.1,-1.44],[121.65,-0.8],[121.95,-1],[122.2,-0.79],[122.96,-0.75],[122.72,-0.66],[123.06,-0.56],[123.46,-0.77],[123.32,-1.05],[123.1,-0.83],[122.8,-0.94],[122.39,-1.49],[121.86,-1.67],[121.68,-1.95],[121.29,-1.84],[122.49,-3.18],[122.33,-3.23],[122.38,-3.46],[122.24,-3.39],[122.2,-3.61],[122.67,-3.9],[122.51,-4],[122.86,-4.19],[122.76,-4.07],[122.88,-4.41],[122.68,-4.32],[122.74,-4.51],[122.58,-4.4],[122.11,-4.53],[122.01,-4.9],[121.54,-4.77],[121.61,-4.07],[120.9,-3.57],[121.09,-3.01],[120.97,-2.81],[121.1,-2.72],[120.81,-2.62],[120.19,-2.97],[120.42,-3.27],[120.32,-4.1],[120.46,-4.66],[120.27,-5.15],[120.47,-5.62],[119.94,-5.54],[119.7,-5.7],[119.43,-5.58],[119.35,-5.33],[119.62,-4.21]]],[[[122.61,-5.46],[122.82,-5.21],[122.87,-4.53],[123.08,-4.37],[123.21,-4.86],[123.02,-4.69],[122.92,-5.18],[123.22,-5.3],[122.87,-5.45],[122.78,-5.7],[122.62,-5.68],[122.61,-5.46]]],[[[122.73,-4.85],[122.6,-5.43],[122.54,-5.26],[122.27,-5.39],[122.37,-4.74],[122.7,-4.62],[122.73,-4.85]]],[[[121.82,-5.2],[121.97,-5.07],[122.05,-5.46],[121.82,-5.2]]],[[[120.57,-6.05],[120.48,-6.5],[120.48,-5.77],[120.57,-6.05]]],[[[120.67,-7.15],[120.62,-7],[120.79,-7.06],[120.67,-7.15]]],[[[121.87,-10.43],[121.99,-10.55],[121.68,-10.58],[121.87,-10.43]]],[[[120.25,-9.64],[120.47,-9.62],[120.82,-10.12],[120.45,-10.32],[120.17,-10.24],[119.67,-9.78],[119.19,-9.76],[118.93,-9.55],[119.94,-9.27],[120.25,-9.64]]],[[[119.41,-8.5],[119.57,-8.49],[119.44,-8.75],[119.41,-8.5]]],[[[120.91,-8.36],[121.51,-8.62],[121.62,-8.47],[122.02,-8.44],[122.29,-8.64],[122.88,-8.29],[122.9,-8.18],[122.73,-8.22],[122.84,-8.07],[123.02,-8.31],[122.78,-8.42],[122.82,-8.6],[121.64,-8.91],[121.57,-8.8],[121,-8.96],[120.84,-8.83],[119.91,-8.87],[119.8,-8.76],[119.86,-8.43],[120.43,-8.24],[120.91,-8.36]]],[[[119.68,-8.81],[119.61,-8.61],[119.8,-8.62],[119.68,-8.81]]],[[[118.82,-8.83],[118.42,-8.87],[118.39,-8.6],[118.18,-8.85],[117.41,-9.05],[117.01,-9.11],[116.72,-8.97],[116.82,-8.52],[117.11,-8.37],[117.57,-8.41],[117.79,-8.72],[118.27,-8.66],[117.69,-8.24],[117.92,-8.08],[118.29,-8.37],[118.65,-8.29],[118.65,-8.55],[118.77,-8.31],[119,-8.31],[119.17,-8.72],[118.68,-8.74],[118.96,-8.82],[118.82,-8.83]]],[[[116.06,-8.75],[116.03,-8.44],[116.26,-8.25],[116.72,-8.35],[116.47,-8.81],[116.57,-8.89],[116.01,-8.9],[115.82,-8.75],[116.06,-8.75]]],[[[112.71,-7.1],[112.86,-6.89],[113.91,-6.86],[114.13,-6.98],[113.51,-7.25],[112.71,-7.1]]],[[[115.5,-6.95],[115.2,-6.9],[115.39,-6.83],[115.5,-6.95]]],[[[114.87,-8.2],[115.18,-8.06],[115.71,-8.4],[115.11,-8.85],[115.12,-8.65],[114.58,-8.4],[114.43,-8.1],[114.87,-8.2]]],[[[107.09,-5.97],[107.34,-5.97],[107.62,-6.23],[108.36,-6.25],[108.71,-6.81],[109.52,-6.77],[110.43,-6.95],[110.73,-6.43],[110.92,-6.4],[111.24,-6.69],[111.55,-6.63],[112.12,-6.9],[112.55,-6.84],[112.91,-7.63],[113.28,-7.78],[114.04,-7.6],[114.44,-7.79],[114.34,-8.52],[114.6,-8.75],[113.12,-8.26],[112.65,-8.45],[111.8,-8.26],[111.7,-8.38],[109.35,-7.71],[107.85,-7.74],[107.4,-7.49],[106.41,-7.38],[106.51,-6.96],[105.24,-6.84],[105.37,-6.65],[105.47,-6.83],[105.65,-6.48],[105.8,-6.49],[106.04,-5.88],[106.81,-6.12],[107.09,-5.97]]],[[[100.46,-3.31],[100.19,-2.79],[100.47,-3.02],[100.36,-3.16],[100.46,-3.31]]],[[[100.2,-2.78],[100,-2.84],[99.97,-2.51],[100.2,-2.78]]],[[[99.81,-2.37],[99.6,-2.28],[99.56,-2.04],[99.81,-2.37]]],[[[96.5,2.36],[95.8,2.63],[95.69,2.77],[95.78,2.93],[96.5,2.36]]],[[[103.43,-0.51],[103.32,-0.7],[103.81,-1.05],[104.37,-1.03],[104.46,-1.93],[104.55,-1.85],[104.9,-2.11],[104.68,-2.35],[104.72,-2.56],[104.85,-2.28],[104.93,-2.4],[105.62,-2.39],[105.81,-2.92],[106.05,-3],[106.09,-3.25],[105.82,-3.59],[105.96,-3.83],[105.82,-4.16],[105.9,-4.94],[105.72,-5.91],[105.29,-5.45],[105.15,-5.81],[104.57,-5.51],[104.73,-5.93],[104.56,-5.93],[103.91,-5.13],[102.9,-4.49],[102.28,-3.96],[102.22,-3.66],[101.62,-3.24],[100.89,-2.32],[100.86,-1.92],[100.35,-1.17],[100.33,-0.85],[99.71,0],[99.14,0.25],[98.71,1.56],[98.8,1.72],[97.98,2.26],[97.78,2.24],[97.59,2.88],[97,3.55],[96.47,3.77],[95.41,4.82],[95.21,5.56],[95.61,5.63],[96.39,5.21],[97.52,5.24],[97.9,4.89],[97.95,4.54],[98.29,4.42],[98.16,4.09],[98.54,4.01],[98.7,3.75],[99.76,3.17],[99.99,2.95],[99.99,2.57],[100.06,2.74],[100.2,2.43],[100.22,2.7],[100.43,2.27],[100.9,1.92],[100.77,2.27],[101.06,2.28],[101.41,1.7],[102.15,1.38],[102.41,0.81],[102.92,0.71],[103.11,0.46],[102.94,0.36],[103.33,0.54],[103.71,0.3],[103.81,0],[103.54,0.01],[103.41,-0.24],[103.79,-0.34],[103.43,-0.51]]],[[[97.78,0.56],[97.06,1.42],[97.42,1.52],[97.9,1.05],[97.78,0.56]]],[[[97.22,2.22],[97.34,2.03],[97.11,2.22],[97.22,2.22]]],[[[98.35,-0.51],[98.45,-0.25],[98.51,-0.56],[98.35,-0.51]]],[[[98.47,-0.11],[98.56,-0.39],[98.3,-0.02],[98.47,-0.11]]],[[[98.61,-1.23],[98.66,-0.98],[98.91,-0.91],[99.29,-1.75],[99.22,-1.63],[99.24,-1.8],[98.88,-1.68],[98.61,-1.23]]],[[[98.66,0.07],[98.53,0.14],[98.85,0.12],[98.66,0.07]]]]}},{"type":"Feature","properties":{"id":"ECU"},"geometry":{"type":"MultiPolygon","coordinates":[[[[-78.74,1.38],[-78.31,1.19],[-78.18,0.94],[-77.48,0.66],[-77.53,0.4],[-76.42,0.24],[-76.27,0.44],[-75.81,0.05],[-75.31,-0.11],[-75.61,-0.11],[-75.23,-0.58],[-75.23,-0.92],[-75.56,-1.56],[-76.63,-2.59],[-77.84,-3.01],[-78.2,-3.36],[-78.15,-3.48],[-78.35,-3.37],[-78.66,-4.58],[-79.02,-5.02],[-79.4,-4.83],[-79.5,-4.52],[-80.14,-4.29],[-80.45,-4.45],[-80.31,-4.2],[-80.45,-4.21],[-80.48,-4.05],[-80.13,-3.9],[-80.24,-3.47],[-79.95,-3.43],[-80,-3.23],[-79.79,-3.03],[-79.65,-2.52],[-79.83,-2.4],[-79.78,-2.08],[-80.26,-2.74],[-81.01,-2.19],[-80.74,-2.06],[-80.85,-1.6],[-80.74,-1.36],[-80.91,-1.06],[-80.56,-0.9],[-80.38,-0.66],[-80.49,-0.36],[-79.91,0.26],[-80.05,0.83],[-78.74,1.38]]],[[[-90.52,-0.71],[-90.48,-0.52],[-90.17,-0.57],[-90.24,-0.75],[-90.52,-0.71]]],[[[-90.57,-0.28],[-90.61,-0.38],[-90.87,-0.26],[-90.78,-0.15],[-90.57,-0.28]]],[[[-90.89,-0.63],[-90.78,-0.77],[-90.91,-0.95],[-91.44,-1],[-91.49,-0.85],[-91.07,-0.59],[-91.42,-0.03],[-91.59,0.01],[-91.34,0.16],[-90.89,-0.63]]],[[[-91.65,-0.3],[-91.44,-0.26],[-91.39,-0.46],[-91.6,-0.49],[-91.65,-0.3]]],[[[-80.1,-2.86],[-80.26,-3.02],[-80.22,-2.74],[-79.9,-2.74],[-80.1,-2.86]]]]}},{"type":"Feature","properties":{"id":"GRD"},"geometry":{"type":"Polygon","coordinates":[[[-61.63,12.05],[-61.8,12],[-61.66,12.24],[-61.63,12.05]]]}},{"type":"Feature","properties":{"id":"REU"},"geometry":{"type":"Polygon","coordinates":[[[55.24,-21.02],[55.42,-20.87],[55.66,-20.93],[55.8,-21.35],[55.34,-21.28],[55.24,-21.02]]]}},{"type":"Feature","properties":{"id":"MRT"},"geometry":{"type":"Polygon","coordinates":[[[-16.96,21.3],[-13,21.34],[-13.11,22.89],[-12.57,23.29],[-12,23.45],[-12,26],[-8.67,26],[-8.67,27.31],[-4.83,25],[-6.57,25],[-5.61,16.5],[-5.33,16.33],[-5.5,15.5],[-9.33,15.5],[-9.33,15.7],[-9.4,15.44],[-10.72,15.44],[-10.9,15.11],[-11.52,15.64],[-11.75,15.46],[-11.8,14.9],[-12.06,14.72],[-12.79,15.15],[-13.44,16.08],[-13.87,16.13],[-14.33,16.59],[-16.1,16.54],[-16.45,16.13],[-16.02,17.98],[-16.19,18.93],[-16.53,19.37],[-16.3,19.47],[-16.47,19.42],[-16.2,20.21],[-16.92,21.16],[-17.05,20.77],[-16.96,21.3]]]}},{"type":"Feature","properties":{"id":"NIC"},"geometry":{"type":"Polygon","coordinates":[[[-87.31,12.99],[-87.05,12.98],[-86.71,13.3],[-86.76,13.77],[-86.33,13.77],[-86.01,14.08],[-85.76,13.84],[-85.17,14.28],[-84.92,14.78],[-84.42,14.64],[-83.21,14.99],[-83.43,14.82],[-83.36,14.71],[-83.3,14.81],[-83.2,14.31],[-83.63,13.64],[-83.51,13.68],[-83.49,12.39],[-83.64,12.38],[-83.58,12.83],[-83.78,12.49],[-83.68,12.27],[-83.62,12.35],[-83.68,11.99],[-83.8,12.06],[-83.84,11.88],[-83.64,11.6],[-83.87,11.36],[-83.67,10.83],[-83.86,10.73],[-84.68,11.08],[-84.91,10.94],[-85.61,11.22],[-85.69,11.08],[-86.52,11.78],[-86.79,12.23],[-87.69,12.91],[-87.58,13.09],[-87.43,12.92],[-87.31,12.99]]]}},{"type":"Feature","properties":{"id":"KGZ"},"geometry":{"type":"Polygon","coordinates":[[[70.98,40.23],[71.27,40.34],[71.73,40.15],[72.09,40.44],[72.42,40.4],[72.35,40.6],[72.66,40.51],[73.07,40.77],[71.9,41.16],[71.73,41.55],[71.28,41.11],[70.79,41.19],[70.72,41.47],[70.17,41.52],[71.26,42.17],[70.94,42.26],[71,42.59],[71.28,42.78],[71.86,42.83],[73.49,42.42],[73.52,42.87],[74.21,43.27],[75.72,42.8],[75.82,42.94],[76.34,42.86],[76.97,42.99],[79.2,42.8],[79.5,42.46],[79.96,42.44],[80.17,42.21],[80.2,42.04],[78.16,41.38],[77.77,41.01],[76.87,41.02],[76.5,40.43],[75.69,40.28],[75.6,40.66],[75.22,40.44],[74.84,40.52],[74.9,40.34],[73.94,40.03],[73.95,39.6],[73.6,39.46],[72.49,39.38],[72.25,39.17],[72.04,39.37],[71.79,39.28],[71.5,39.61],[70.89,39.38],[70.53,39.62],[69.34,39.54],[69.3,39.92],[69.54,39.93],[69.54,40.12],[70.02,40.23],[70.55,40.04],[70.5,39.93],[70.98,40.23]]]}},{"type":"Feature","properties":{"id":"JOR"},"geometry":{"type":"Polygon","coordinates":[[[34.98,29.54],[35.43,31.05],[35.56,32.51],[35.76,32.75],[36.08,32.51],[36.84,32.31],[38.78,33.37],[39.04,32.3],[39.26,32.36],[39.3,32.23],[39.01,32],[37,31.5],[38,30.5],[37.67,30.33],[37.5,30],[36.75,29.87],[36.07,29.18],[34.96,29.36],[34.98,29.54]]]}},{"type":"Feature","properties":{"id":"THA"},"geometry":{"type":"MultiPolygon","coordinates":[[[[100.08,20.35],[100.11,20.25],[100.36,20.37],[100.57,20.17],[100.4,19.75],[100.49,19.54],[101.29,19.57],[101.19,19.4],[101.36,19.05],[101.05,18.44],[101.18,18.07],[100.98,17.76],[101.1,17.5],[102.14,18.21],[102.68,17.8],[103.03,17.97],[103.28,18.4],[103.97,18.34],[104.76,17.44],[104.75,16.52],[105.64,15.65],[105.5,15.39],[105.53,14.55],[105.08,14.21],[104.81,14.44],[103.17,14.33],[102.94,14.2],[102.62,13.61],[102.34,13.56],[102.51,12.68],[102.79,12.42],[102.7,12.17],[102.91,11.65],[102.64,12.18],[102.58,12.04],[102.29,12.19],[102.33,12.34],[101.76,12.71],[101.42,12.58],[100.84,12.68],[100.98,13.48],[100.58,13.56],[99.99,13.37],[100.11,13.06],[99.96,12.73],[100.02,12.19],[99.56,11.34],[99.29,10.37],[99.15,10.34],[99.15,9.74],[99.25,9.23],[99.84,9.29],[100.55,7.14],[101.07,6.84],[101.56,6.85],[102.09,6.24],[101.82,5.73],[101.58,5.93],[101.14,5.61],[100.98,5.81],[101.11,6.25],[100.85,6.23],[100.74,6.51],[100.42,6.52],[100.21,6.73],[100.12,6.42],[99.68,6.9],[99.74,7.13],[99.51,7.37],[99.39,7.31],[99.14,7.78],[99.04,7.7],[99.08,7.91],[98.92,8.06],[98.77,8.02],[98.68,8.39],[98.47,8.36],[98.39,8.13],[98.28,8.2],[98.22,8.74],[98.78,10.68],[99.66,11.82],[99.44,12.58],[99.1,13.07],[99.21,13.26],[99.11,13.89],[98.25,14.83],[98.2,15.23],[98.58,15.38],[98.57,16.06],[98.85,16.13],[98.93,16.33],[98.83,16.42],[98.68,16.27],[98.53,16.8],[97.69,17.83],[97.69,18.07],[97.34,18.58],[97.77,18.58],[97.67,18.94],[98.03,19.81],[98.25,19.68],[98.99,19.74],[99.08,20.1],[99.54,20.15],[99.46,20.39],[100.08,20.35]]],[[[100.04,9.45],[99.93,9.42],[99.92,9.58],[100.08,9.59],[100.04,9.45]]],[[[98.4,7.97],[98.3,7.76],[98.29,8.2],[98.4,7.97]]]]}},{"type":"Feature","properties":{"id":"CAF"},"geometry":{"type":"Polygon","coordinates":[[[15.49,7.53],[15.97,7.48],[16.58,7.88],[16.84,7.53],[17.73,7.98],[18.62,8.05],[19.12,8.67],[18.86,8.85],[18.96,8.96],[20.44,9.14],[21.72,10.29],[21.72,10.64],[22.46,11],[22.81,10.93],[23.31,10.46],[23.7,9.67],[23.45,9.03],[23.58,8.99],[23.51,8.72],[24.26,8.69],[24.17,8.33],[24.86,8.17],[25.22,7.87],[25.21,7.5],[26.43,6.65],[26.33,6.36],[26.58,6.2],[26.51,6.07],[27.21,5.72],[27.44,5.02],[27.13,5.21],[26.87,5.04],[26.5,5.05],[26.16,5.26],[25.9,5.17],[25.4,5.33],[25.33,5.09],[25.09,4.98],[24.72,4.89],[24.38,5.11],[23.43,4.6],[22.9,4.81],[22.4,4.13],[20.57,4.42],[19.84,5.08],[19.38,5.1],[18.56,4.28],[18.62,3.5],[18.48,3.64],[18.18,3.48],[17.48,3.71],[16.66,3.53],[16.19,2.22],[16.06,3.02],[15.07,4.02],[15.18,4.06],[15.1,4.21],[14.73,4.61],[14.66,5.2],[14.53,5.28],[14.62,5.89],[14.42,6.04],[14.8,6.34],[15.49,7.53]]]}},{"type":"Feature","properties":{"id":"BHS"},"geometry":{"type":"MultiPolygon","coordinates":[[[[-74.01,22.72],[-74.29,22.69],[-74.35,22.83],[-74.01,22.72]]],[[[-74.86,22.85],[-75.23,23.17],[-75.04,23.08],[-75.1,23.33],[-74.86,22.85]]],[[[-74.2,22.26],[-73.88,22.52],[-74.03,22.69],[-73.83,22.73],[-73.98,22.36],[-74.29,22.16],[-74.2,22.26]]],[[[-73.07,22.44],[-72.73,22.34],[-73.17,22.36],[-73.07,22.44]]],[[[-73.17,21.16],[-73.01,21.33],[-73.16,20.96],[-73.67,20.93],[-73.52,21.19],[-73.17,21.16]]],[[[-75.41,24.29],[-75.76,24.68],[-75.29,24.14],[-75.53,24.15],[-75.41,24.29]]],[[[-76.15,24.63],[-76.34,24.84],[-76.14,24.84],[-76.15,24.63]]],[[[-77.17,26.51],[-77.55,26.89],[-77.83,26.91],[-77.58,26.92],[-77.02,26.56],[-77.22,25.85],[-77.41,26.01],[-77.19,26.15],[-77.17,26.51]]],[[[-76.16,24.85],[-76.15,25.12],[-76.38,25.35],[-76.79,25.4],[-76.74,25.56],[-76.13,25.15],[-76.16,24.85]]],[[[-77.84,24.11],[-77.7,24.12],[-77.85,24.14],[-77.67,24.3],[-77.84,24.11]]],[[[-77.8,23.94],[-77.6,24.21],[-77.52,23.83],[-77.66,23.84],[-77.53,23.93],[-77.62,24],[-77.67,23.85],[-77.8,23.94]]],[[[-78.16,25.02],[-78.22,25.2],[-78.02,25.18],[-77.93,24.9],[-78.07,24.88],[-77.92,24.89],[-77.78,24.73],[-77.97,24.69],[-77.78,24.73],[-77.72,24.51],[-77.87,24.41],[-77.94,24.52],[-77.86,24.38],[-78.04,24.27],[-78.05,24.47],[-78.18,24.41],[-78.09,24.53],[-78.21,24.43],[-78.46,24.6],[-78.18,24.58],[-78.29,24.79],[-78.16,25.02]]],[[[-78.74,26.5],[-78.99,26.7],[-78.74,26.53],[-78.55,26.72],[-77.91,26.77],[-78.74,26.5]]]]}},{"type":"Feature","properties":{"id":"CHL"},"geometry":{"type":"MultiPolygon","coordinates":[[[[-70.38,-18.35],[-69.86,-18.17],[-69.83,-17.71],[-69.47,-17.5],[-69.28,-17.97],[-69.05,-18.06],[-69.15,-18.16],[-68.95,-18.94],[-68.4,-19.42],[-68.7,-19.74],[-68.52,-19.92],[-68.76,-20.08],[-68.74,-20.46],[-68.44,-20.64],[-68.54,-20.91],[-68.18,-21.3],[-67.88,-22.83],[-67.18,-22.81],[-66.99,-23],[-67.32,-24.03],[-68.39,-24.48],[-68.56,-24.78],[-68.34,-25.11],[-68.58,-25.42],[-68.38,-26.18],[-68.59,-26.49],[-68.26,-26.92],[-68.57,-27.18],[-68.84,-27.15],[-69.16,-27.95],[-69.65,-28.4],[-69.79,-29.13],[-70.02,-29.33],[-69.87,-29.7],[-69.96,-30.08],[-69.82,-30.18],[-69.96,-30.39],[-70.15,-30.35],[-70.27,-31.04],[-70.57,-31.47],[-70.21,-31.96],[-70.39,-32.04],[-69.99,-32.9],[-70.04,-33.27],[-69.77,-33.36],[-69.9,-33.77],[-69.8,-34.24],[-70.03,-34.29],[-70.38,-35.17],[-70.58,-35.26],[-70.31,-35.81],[-70.42,-36.15],[-70.71,-36.43],[-71.04,-36.47],[-71.21,-37.69],[-70.83,-38.6],[-71.43,-38.93],[-71.5,-39.64],[-71.72,-39.64],[-71.67,-40.1],[-71.83,-40.09],[-71.66,-40.36],[-71.85,-40.63],[-71.73,-42.1],[-72.16,-42.19],[-72.14,-42.9],[-71.73,-43.2],[-71.93,-43.45],[-71.58,-43.65],[-71.75,-43.79],[-71.65,-43.93],[-71.83,-43.93],[-71.66,-43.95],[-71.85,-44.11],[-71.81,-44.42],[-71.33,-44.43],[-71.1,-44.59],[-71.25,-44.8],[-72.06,-44.76],[-72.06,-44.88],[-71.56,-44.98],[-71.37,-45.34],[-71.75,-45.55],[-71.61,-45.98],[-71.9,-46.13],[-71.72,-46.29],[-72.47,-46.62],[-72.69,-46.46],[-72.77,-46.91],[-72.33,-46.57],[-71.67,-46.52],[-71.65,-46.63],[-71.96,-46.82],[-71.85,-47.16],[-72.11,-47.16],[-72.01,-47.3],[-72.25,-47.4],[-72.53,-47.94],[-72.23,-48.32],[-72.58,-48.5],[-72.61,-48.84],[-72.77,-48.81],[-72.82,-48.43],[-72.8,-48.72],[-73.01,-48.69],[-73.12,-48.91],[-72.7,-48.9],[-73.11,-49.16],[-72.97,-49.16],[-72.97,-49.79],[-73.45,-49.79],[-73.43,-50.36],[-73.14,-50.78],[-72.36,-50.62],[-72.44,-51.58],[-72.03,-51.96],[-70,-52],[-68.43,-52.4],[-69.22,-52.2],[-69.67,-52.54],[-71,-52.75],[-70.74,-52.78],[-70.91,-53.63],[-71.29,-53.9],[-72.11,-53.68],[-72.48,-53.4],[-72.12,-53.25],[-72.22,-53.45],[-71.87,-53.23],[-71.76,-53.44],[-72.1,-53.54],[-71.87,-53.54],[-71.74,-53.21],[-71.12,-52.91],[-71.56,-52.56],[-72.33,-52.53],[-72.43,-52.68],[-72.4,-52.51],[-72.86,-52.54],[-72.99,-52.76],[-72.86,-52.62],[-72.67,-52.68],[-73.05,-52.85],[-72.99,-53.08],[-73.14,-53.11],[-73.12,-52.96],[-73.18,-53.11],[-73.38,-53.07],[-73.14,-52.92],[-73.57,-52.81],[-73.2,-52.79],[-73.38,-52.56],[-73.72,-52.76],[-73.45,-52.52],[-73.73,-52.04],[-73.36,-52.22],[-73,-52.06],[-73.13,-52.23],[-72.9,-52.3],[-72.74,-52.08],[-72.91,-52.22],[-72.96,-52.05],[-72.77,-51.95],[-72.53,-52.22],[-72.99,-52.49],[-72.56,-52.49],[-72.68,-52.41],[-72.47,-52.22],[-72.66,-51.95],[-72.45,-51.78],[-73.1,-51.41],[-73.31,-51.51],[-72.54,-51.77],[-72.97,-51.77],[-73.29,-51.57],[-73,-51.78],[-73.21,-51.89],[-72.91,-51.85],[-73.23,-52.1],[-73.4,-51.64],[-73.27,-52.16],[-73.64,-51.82],[-73.37,-52.04],[-73.59,-51.75],[-73.44,-51.68],[-73.62,-51.64],[-73.71,-51.79],[-73.98,-51.49],[-73.81,-51.39],[-73.58,-51.62],[-73.67,-51.14],[-73.83,-51.06],[-73.76,-51.19],[-74.08,-51.21],[-74.05,-50.95],[-74.18,-51.06],[-74.24,-50.96],[-73.67,-50.95],[-73.88,-50.85],[-73.72,-50.83],[-73.8,-50.68],[-73.35,-50.68],[-73.75,-50.54],[-73.55,-50.38],[-74.03,-50.85],[-74.3,-50.47],[-73.99,-50.6],[-73.86,-50.55],[-74.16,-50.43],[-73.97,-50.37],[-74.25,-50.45],[-74.29,-50.24],[-74.35,-50.39],[-74.7,-50.2],[-74.43,-50.02],[-74.17,-50.28],[-73.85,-50.29],[-74.36,-49.99],[-73.98,-50.07],[-73.81,-49.83],[-74.02,-49.98],[-74.28,-49.91],[-74.32,-49.78],[-74.02,-49.72],[-74.28,-49.77],[-74.31,-49.64],[-73.9,-49.55],[-73.69,-49.8],[-73.62,-49.66],[-74.07,-49.5],[-74.01,-49.26],[-73.77,-49.4],[-74.12,-49.18],[-74.15,-49.53],[-74.39,-49.39],[-74.39,-48.78],[-73.96,-48.72],[-74.36,-48.59],[-74.15,-48.47],[-73.92,-48.6],[-73.84,-48.41],[-74.23,-48.33],[-74.47,-48.09],[-74.36,-48],[-74.61,-47.99],[-74.29,-48],[-74.22,-48.25],[-74.06,-48.19],[-74.26,-48],[-73.71,-48.02],[-73.47,-48.32],[-73.22,-48.01],[-73.32,-48.17],[-73.61,-47.87],[-73.19,-47.96],[-73.67,-47.77],[-73.62,-47.6],[-73.88,-47.83],[-74.68,-47.72],[-74.5,-47.51],[-74.35,-47.61],[-74.54,-47.68],[-74.16,-47.75],[-74.25,-47.64],[-74.03,-47.63],[-74.24,-47.61],[-73.92,-47.63],[-74.1,-47.59],[-73.91,-47.49],[-74.29,-47.58],[-74.06,-47.43],[-74.32,-47.54],[-74.42,-47.45],[-74.23,-47.38],[-74.48,-47.44],[-74.24,-47.19],[-74.03,-47.38],[-73.97,-47.09],[-74.2,-47.1],[-73.96,-46.96],[-74.37,-46.78],[-74.23,-46.75],[-74.69,-46.81],[-74.4,-46.9],[-74.97,-46.74],[-74.89,-46.44],[-75.54,-46.71],[-75.57,-46.81],[-75.32,-46.73],[-75.31,-46.93],[-75.49,-46.96],[-75.65,-46.72],[-75.17,-46.3],[-74.87,-46.37],[-75.1,-46.33],[-74.64,-46.18],[-74.67,-45.91],[-75.04,-46.1],[-74.81,-46],[-75.03,-45.99],[-75.02,-45.86],[-74.52,-45.84],[-74.43,-46.05],[-74.44,-45.8],[-74.07,-45.81],[-74.26,-45.9],[-74.01,-45.97],[-74.3,-46.01],[-74.06,-46.11],[-74.33,-46.13],[-74.05,-46.12],[-74,-45.99],[-73.98,-46.15],[-74.45,-46.19],[-74,-46.18],[-73.83,-46.35],[-73.95,-46.14],[-73.73,-46.23],[-73.95,-46.74],[-73.75,-46.4],[-73.4,-46.32],[-73.56,-46.27],[-73.32,-46.01],[-73.67,-46.33],[-73.63,-45.97],[-73.13,-45.65],[-73.28,-45.59],[-73.56,-45.78],[-73.49,-45.46],[-73.2,-45.29],[-73.01,-45.45],[-72.77,-45.4],[-73.51,-45.2],[-73.32,-45.21],[-73.36,-44.96],[-72.69,-44.75],[-72.53,-44.53],[-72.56,-44.33],[-72.67,-44.51],[-72.85,-44.29],[-73.18,-44.25],[-73.1,-44.12],[-73.28,-44.16],[-72.97,-43.76],[-72.74,-43.83],[-72.82,-43.65],[-72.84,-43.77],[-73.05,-43.74],[-72.87,-43.61],[-73.09,-43.44],[-72.75,-43],[-72.81,-42.51],[-72.49,-42.55],[-72.83,-42.3],[-72.58,-42.19],[-72.44,-42.5],[-72.36,-42.17],[-72.43,-41.97],[-72.88,-41.91],[-72.32,-41.66],[-72.28,-41.39],[-72.55,-41.71],[-72.94,-41.47],[-73.16,-41.81],[-73.75,-41.75],[-73.33,-41.5],[-73.79,-41.58],[-73.94,-41.06],[-73.71,-40.01],[-73.47,-39.85],[-73.25,-39.91],[-73.41,-39.72],[-73.2,-39.4],[-73.5,-38.59],[-73.46,-38.07],[-73.67,-37.29],[-73.59,-37.15],[-73.35,-37.24],[-73.15,-37.12],[-73.22,-36.77],[-73.12,-36.61],[-72.98,-36.71],[-72.79,-35.98],[-72.57,-35.8],[-72.62,-35.56],[-72.2,-35.12],[-72.01,-34.13],[-71.61,-33.59],[-71.74,-33.1],[-71.55,-33.01],[-71.43,-32.64],[-71.71,-30.72],[-71.65,-30.27],[-71.39,-30.18],[-71.27,-29.89],[-71.52,-28.92],[-71.16,-28.36],[-71.04,-27.66],[-70.9,-27.62],[-70.97,-27.17],[-70.81,-27.06],[-70.63,-26.35],[-70.74,-25.82],[-70.43,-25.26],[-70.58,-24.55],[-70.39,-23.58],[-70.63,-23.52],[-70.6,-23.25],[-70.29,-22.91],[-70.06,-21.44],[-70.38,-18.35]]],[[[-68.61,-52.66],[-68.61,-54.37],[-68.77,-54.37],[-68.61,-54.38],[-68.61,-54.53],[-68.8,-54.5],[-68.61,-54.56],[-68.61,-54.89],[-69.08,-54.96],[-69.65,-54.85],[-69.71,-54.7],[-69.69,-54.84],[-69.78,-54.73],[-69.92,-54.85],[-69.95,-54.69],[-69.95,-54.85],[-70.3,-54.87],[-70.19,-54.69],[-70.35,-54.85],[-70.53,-54.73],[-70.76,-54.86],[-70.44,-54.63],[-71.02,-54.78],[-70.92,-54.62],[-71.19,-54.7],[-71.34,-54.51],[-71.49,-54.69],[-71.49,-54.58],[-71.89,-54.64],[-72.02,-54.51],[-71.64,-54.58],[-71.87,-54.43],[-71.46,-54.49],[-71.61,-54.4],[-71.37,-54.37],[-70.94,-54.52],[-70.76,-54.33],[-70.58,-54.36],[-70.77,-54.63],[-70.56,-54.4],[-70.11,-54.56],[-70.93,-54.12],[-70.12,-54.44],[-70.2,-54.32],[-69.99,-54.27],[-69.76,-54.6],[-69.85,-54.29],[-69.58,-54.53],[-69.46,-54.35],[-69.2,-54.45],[-69.51,-54.67],[-69.34,-54.72],[-68.97,-54.45],[-69.92,-54.16],[-70.18,-53.8],[-69.33,-53.4],[-70.45,-53.38],[-70.42,-53.02],[-70.09,-52.93],[-70.44,-52.78],[-69.91,-52.84],[-69.43,-52.45],[-69.18,-52.69],[-68.76,-52.54],[-68.61,-52.66]]],[[[-109.34,-27.15],[-109.45,-27.19],[-109.23,-27.1],[-109.34,-27.15]]],[[[-67.38,-55.64],[-67.27,-55.79],[-67.58,-55.73],[-67.38,-55.64]]],[[[-67.05,-55.16],[-67.26,-55.33],[-67.5,-55.18],[-68.04,-55.24],[-68.38,-54.95],[-67.28,-54.93],[-67.05,-55.16]]],[[[-71.38,-54],[-71.21,-54.19],[-71,-54.1],[-71.12,-54.4],[-71.39,-54.11],[-71.67,-54.23],[-71.61,-53.94],[-71.38,-54]]],[[[-69.39,-54.93],[-69.13,-54.97],[-69.93,-55.07],[-69.86,-54.89],[-69.39,-54.93]]],[[[-70.27,-54.21],[-70.88,-54.06],[-70.53,-53.57],[-70.33,-54.02],[-70.67,-53.96],[-70.53,-54.21],[-70.27,-54.21]]],[[[-67.98,-55.68],[-68.53,-55.41],[-68.91,-55.46],[-68.69,-55.39],[-68.93,-55.41],[-68.77,-55.19],[-69.49,-55.27],[-69.07,-55.48],[-69.33,-55.42],[-69.36,-55.55],[-69.35,-55.4],[-69.79,-55.35],[-69.47,-55.2],[-69.86,-55.31],[-70.03,-55.15],[-69.56,-55.05],[-69.54,-55.19],[-69.53,-55.05],[-68.44,-54.94],[-68.33,-55.08],[-68.59,-55.16],[-69.07,-55.08],[-68.25,-55.23],[-68.72,-55.28],[-68.13,-55.39],[-67.98,-55.68]]],[[[-71.23,-54.87],[-70.92,-54.93],[-71.48,-54.88],[-71.23,-54.87]]],[[[-70.65,-55.03],[-70.27,-55.13],[-70.56,-55.22],[-70.59,-55.07],[-71.03,-54.97],[-70.3,-54.91],[-70.65,-55.03]]],[[[-74.29,-48.27],[-74.14,-48.43],[-74.45,-48.35],[-74.22,-48.42],[-74.29,-48.27]]],[[[-74.01,-47.83],[-73.78,-47.93],[-74.47,-47.89],[-74.01,-47.83]]],[[[-74.23,-49.55],[-74.4,-49.63],[-74.39,-49.41],[-74.23,-49.55]]],[[[-74.51,-48.16],[-74.31,-48.26],[-74.46,-48.34],[-74.51,-48.16]]],[[[-74.59,-48.42],[-74.46,-48.67],[-74.95,-48.58],[-74.84,-48.39],[-74.66,-48.46],[-74.69,-48.11],[-74.59,-48.42]]],[[[-75.03,-48],[-75.22,-48.01],[-74.98,-47.87],[-74.75,-48.04],[-75.03,-48]]],[[[-75.29,-47.72],[-75.08,-47.66],[-74.99,-47.78],[-75.29,-47.72]]],[[[-75.05,-48.26],[-75.21,-48.07],[-74.9,-48.12],[-74.9,-48.26],[-74.74,-48.17],[-74.96,-48.45],[-75.05,-48.26]]],[[[-75.25,-48.81],[-75,-48.94],[-75.14,-48.99],[-75.25,-48.81]]],[[[-75.09,-48.81],[-75.22,-48.75],[-75.01,-48.6],[-75.09,-48.81]]],[[[-75.09,-49],[-74.83,-49.07],[-74.87,-49.29],[-75.2,-49.13],[-75.09,-49]]],[[[-75.34,-48],[-75.02,-48.46],[-75.17,-48.69],[-75.21,-48.31],[-75.5,-48.37],[-75.32,-48.33],[-75.53,-48.1],[-75.34,-48]]],[[[-75.58,-48.49],[-75.29,-48.41],[-75.23,-48.59],[-75.47,-48.68],[-75.32,-48.52],[-75.53,-48.61],[-75.58,-48.49]]],[[[-75.33,-48.93],[-75.45,-49.04],[-75.63,-48.86],[-75.23,-48.84],[-75.2,-49.05],[-75.33,-48.93]]],[[[-75.39,-49],[-75.28,-48.93],[-75.24,-49.07],[-75.59,-49.22],[-75.39,-49]]],[[[-74.56,-50.02],[-74.91,-49.94],[-74.62,-49.8],[-74.82,-49.85],[-74.88,-49.6],[-74.67,-49.63],[-74.88,-49.55],[-74.58,-49.31],[-74.93,-49.54],[-74.97,-49.43],[-74.97,-49.6],[-75.09,-49.53],[-75.01,-49.7],[-74.92,-49.62],[-75.06,-49.91],[-75.14,-49.57],[-75.3,-49.6],[-75.19,-49.44],[-75.31,-49.52],[-75.45,-49.34],[-75.33,-49.25],[-75.42,-49.33],[-75.1,-49.48],[-74.95,-49.4],[-75.21,-49.41],[-75.31,-49.25],[-75.02,-49.35],[-75.07,-49.17],[-74.86,-49.37],[-74.74,-49.19],[-74.91,-48.99],[-74.7,-49.03],[-74.98,-48.89],[-74.79,-48.8],[-75.02,-48.82],[-74.69,-48.65],[-74.64,-48.86],[-74.47,-48.7],[-74.58,-48.95],[-74.4,-48.96],[-74.58,-49.68],[-74.44,-49.62],[-74.38,-49.76],[-74.48,-49.97],[-74.63,-49.88],[-74.56,-50.02]]],[[[-75.27,-49.67],[-75.15,-49.9],[-75.35,-49.69],[-75.62,-49.85],[-75.55,-49.59],[-75.27,-49.67]]],[[[-74.88,-50.15],[-75.23,-50.46],[-75.19,-50.29],[-75.46,-50.38],[-75.41,-50.16],[-75.21,-50.27],[-74.88,-50.15]]],[[[-75.11,-50.17],[-75.42,-50.03],[-74.96,-50.07],[-75.11,-50.17]]],[[[-72.81,-52.81],[-72.68,-52.72],[-72.72,-52.9],[-72.42,-52.88],[-72.17,-52.65],[-71.4,-52.72],[-72.04,-53.14],[-72.6,-53.07],[-72.2,-53.19],[-72.62,-53.2],[-72.42,-53.26],[-72.68,-53.35],[-72.43,-53.54],[-73.31,-53.17],[-72.72,-53.3],[-72.85,-53.19],[-72.68,-53.14],[-72.97,-53.11],[-73.01,-52.86],[-72.81,-52.81]]],[[[-72.94,-54.13],[-73.07,-54.08],[-72.74,-54.06],[-72.88,-53.97],[-72.67,-53.86],[-72.93,-53.94],[-72.73,-53.76],[-73.04,-53.91],[-72.81,-53.7],[-73.18,-53.68],[-72.93,-53.62],[-73.24,-53.64],[-73.43,-53.47],[-73.04,-53.54],[-73.2,-53.42],[-73.04,-53.38],[-72.86,-53.66],[-72.86,-53.45],[-72.68,-53.65],[-72.66,-53.52],[-72.39,-53.64],[-72.62,-53.72],[-72.15,-53.79],[-72.48,-53.83],[-72.36,-54.06],[-72.49,-53.96],[-72.55,-54.11],[-72.94,-54.13]]],[[[-73.66,-53.46],[-73.4,-53.4],[-73.51,-53.5],[-73.33,-53.58],[-73.82,-53.43],[-73.46,-53.56],[-73.66,-53.46]]],[[[-72.84,-44.64],[-72.97,-44.58],[-72.79,-44.69],[-73.12,-44.91],[-73.39,-44.83],[-73.18,-44.81],[-73.45,-44.64],[-73.13,-44.59],[-73.21,-44.41],[-73,-44.5],[-73.1,-44.39],[-72.96,-44.37],[-72.98,-44.58],[-72.78,-44.45],[-72.84,-44.64]]],[[[-73.58,-44.74],[-73.88,-44.59],[-73.62,-44.55],[-73.72,-44.73],[-73.58,-44.74]]],[[[-73.79,-45.62],[-73.55,-45.46],[-73.62,-45.77],[-73.79,-45.62]]],[[[-73.68,-46.06],[-73.73,-46.21],[-73.92,-46.09],[-73.68,-46.06]]],[[[-73.66,-46.02],[-73.8,-46],[-73.7,-45.88],[-73.92,-45.95],[-73.7,-45.8],[-73.66,-46.02]]],[[[-72.03,-53.9],[-71.65,-53.93],[-71.75,-54.17],[-71.95,-54.04],[-71.8,-54.34],[-72.26,-54.07],[-72.28,-53.92],[-72.03,-53.9]]],[[[-72.23,-54.15],[-72.51,-54.26],[-72.34,-54.06],[-72.23,-54.15]]],[[[-74.34,-45.75],[-74.49,-45.73],[-74.39,-45.45],[-74.18,-45.62],[-74.34,-45.75]]],[[[-73.87,-45.75],[-74,-45.93],[-74.09,-45.78],[-73.87,-45.75]]],[[[-73.76,-45.31],[-74.09,-45.37],[-74.15,-45.24],[-73.76,-45.31]]],[[[-73.79,-45.45],[-74.11,-45.59],[-74.06,-45.43],[-73.79,-45.45]]],[[[-73.81,-45.25],[-74.23,-45.08],[-73.81,-44.98],[-73.67,-45.18],[-73.81,-45.25]]],[[[-74.13,-43.83],[-73.78,-43.83],[-73.94,-43.96],[-74.13,-43.83]]],[[[-73.95,-44.98],[-74.38,-45],[-74.15,-44.86],[-73.95,-44.98]]],[[[-74.27,-44.72],[-74.11,-44.73],[-74.4,-44.62],[-73.84,-44.7],[-74.27,-44.72]]],[[[-73.39,-42.26],[-73.67,-42.39],[-73.58,-42.53],[-73.78,-42.53],[-73.74,-42.43],[-73.8,-42.54],[-73.47,-42.81],[-73.75,-42.85],[-73.48,-43.15],[-73.73,-43.09],[-73.66,-43.32],[-73.88,-43.28],[-73.85,-43.43],[-74.3,-43.32],[-74.05,-41.8],[-73.9,-41.77],[-74.01,-41.84],[-73.77,-41.97],[-73.67,-41.8],[-73.48,-41.83],[-73.39,-42.26]]],[[[-74.47,-44.53],[-74.51,-44.43],[-74.25,-44.4],[-74.47,-44.53]]],[[[-74.78,-43.58],[-74.55,-43.63],[-74.77,-43.68],[-74.78,-43.58]]],[[[-74.55,-51.34],[-75.03,-51.48],[-74.8,-51.21],[-74.56,-51.21],[-74.55,-51.34]]],[[[-75.15,-51.57],[-75.35,-51.59],[-75.12,-51.25],[-75.14,-51.39],[-74.98,-51.36],[-75.15,-51.57]]],[[[-74.29,-50.85],[-74.64,-50.66],[-74.35,-50.54],[-74.69,-50.49],[-74.36,-50.46],[-74.22,-50.67],[-74.29,-50.85]]],[[[-75.43,-50.48],[-75.06,-50.51],[-75.32,-50.56],[-75.3,-50.81],[-75.51,-50.67],[-75.34,-50.63],[-75.43,-50.48]]],[[[-74.95,-50.79],[-74.79,-50.66],[-74.66,-50.88],[-74.95,-50.79]]],[[[-74.4,-50.88],[-74.37,-51.09],[-74.48,-50.99],[-74.74,-51.1],[-74.6,-50.96],[-74.97,-51.07],[-74.77,-50.98],[-74.94,-50.88],[-74.53,-50.92],[-74.64,-50.71],[-74.4,-50.88]]],[[[-74.01,-52.24],[-74.01,-52.14],[-73.72,-52.42],[-74.01,-52.24]]],[[[-73.69,-52.58],[-73.9,-52.75],[-73.84,-52.57],[-74.07,-52.64],[-73.75,-52.42],[-73.69,-52.58]]],[[[-73.91,-51.78],[-74.25,-51.72],[-74.1,-51.54],[-73.91,-51.78]]],[[[-74.07,-52],[-74.51,-51.71],[-73.64,-52.22],[-74.07,-52]]],[[[-74.12,-52.21],[-74.42,-52.14],[-73.9,-52.34],[-74.11,-52.42],[-74.12,-52.21]]],[[[-73.38,-53.19],[-73.1,-53.37],[-73.61,-53.34],[-73.46,-53.31],[-73.89,-53.07],[-74.32,-53.13],[-74.73,-52.73],[-74.32,-52.98],[-73.63,-53.18],[-73.6,-53.08],[-73.53,-53.28],[-73.51,-53.15],[-73.38,-53.19]]],[[[-74.88,-52.24],[-74.58,-52.21],[-74.7,-52.34],[-74.88,-52.24]]]]}},{"type":"Feature","properties":{"id":"CUB"},"geometry":{"type":"MultiPolygon","coordinates":[[[[-82.62,21.76],[-82.55,21.56],[-82.84,21.44],[-83.19,21.63],[-82.96,21.58],[-83.09,21.78],[-82.98,21.94],[-82.62,21.76]]],[[[-83.28,22.33],[-83.42,22.18],[-83.92,22.16],[-84.01,21.92],[-84.44,21.77],[-84.5,21.93],[-84.95,21.86],[-84.28,22.01],[-84.45,22.19],[-84.22,22.57],[-83.22,23],[-82.76,22.98],[-82.23,23.18],[-81.61,23.15],[-81.56,23.03],[-81.14,23.21],[-81.28,23.13],[-81.13,23.02],[-80.6,23.13],[-80.41,22.94],[-80.25,23.03],[-80.26,22.9],[-79.79,22.9],[-79.86,22.8],[-79.36,22.42],[-78.69,22.38],[-77.92,21.91],[-78.09,22.3],[-78.71,22.55],[-78.38,22.55],[-77.44,21.81],[-77.83,22.03],[-77.89,21.86],[-77.83,21.97],[-77.44,21.65],[-77.35,21.76],[-77.14,21.66],[-77.15,21.54],[-77.37,21.61],[-77.22,21.44],[-77.09,21.61],[-77.04,21.41],[-76.66,21.36],[-76.74,21.28],[-76.55,21.29],[-76.59,21.19],[-76.38,21.28],[-76.03,21.06],[-75.72,21.13],[-75.57,21.01],[-75.76,20.88],[-75.55,20.79],[-75.76,20.85],[-75.76,20.7],[-75.52,20.79],[-75.58,20.69],[-74.75,20.63],[-74.14,20.19],[-75.16,19.89],[-75.1,20.06],[-75.3,19.88],[-75.87,20.03],[-77.68,19.83],[-77.07,20.51],[-77.35,20.72],[-78.14,20.76],[-78.49,21.03],[-78.49,21.29],[-78.75,21.64],[-79.21,21.54],[-79.83,21.67],[-80.29,21.9],[-80.47,22.19],[-80.48,22.04],[-81.05,22.07],[-81.21,22.28],[-81.21,22.05],[-81.8,22.17],[-82.16,22.39],[-81.59,22.52],[-81.87,22.68],[-82.76,22.7],[-83.28,22.33]]]]}},{"type":"Feature","properties":{"id":"KAZ"},"geometry":{"type":"MultiPolygon","coordinates":[[[[48.32,49.87],[48.9,50.02],[48.6,50.66],[48.81,50.6],[49.42,50.85],[49.46,51.13],[50.37,51.33],[50.59,51.65],[50.81,51.59],[50.77,51.77],[51.66,51.45],[51.86,51.67],[52.36,51.78],[52.55,51.48],[53.26,51.5],[54.53,50.85],[54.47,50.57],[54.71,50.68],[54.59,51.03],[55.71,50.55],[56.51,51.09],[56.72,50.97],[56.7,51.08],[57.18,51.11],[57.51,50.88],[57.76,50.92],[57.79,51.14],[58.27,51.15],[58.61,51.05],[58.66,50.81],[59.48,50.64],[59.46,50.54],[59.83,50.55],[60.02,50.82],[60.81,50.66],[61.45,50.81],[61.49,50.97],[61.63,50.93],[61.5,51.01],[61.69,51.26],[60.91,51.62],[60.42,51.65],[60.52,51.8],[59.99,51.96],[60.99,52.31],[60.71,52.76],[61.12,52.99],[62.13,52.99],[61.17,53.34],[61.55,53.59],[60.91,53.63],[61.24,53.84],[61,53.94],[61.46,54.08],[62.52,53.91],[62.59,54.07],[63.17,54.19],[64.97,54.42],[65.22,54.33],[65.21,54.54],[65.49,54.66],[67.53,54.85],[68.63,55.2],[68.73,55.36],[69.66,55.35],[69.68,55.48],[69.95,55.21],[70.82,55.29],[71.1,54.7],[71.29,54.67],[71.23,54.35],[71,54.27],[71.28,54.15],[71.72,54.1],[71.76,54.25],[72.17,54.12],[72.01,54.37],[72.52,54.14],[72.43,53.91],[72.71,53.96],[72.61,54.14],[73.3,53.94],[73.63,54.07],[73.74,53.97],[73.25,53.67],[73.36,53.47],[73.9,53.65],[74.37,53.46],[74.46,53.69],[75.03,53.8],[75.42,54.08],[76.93,54.45],[76.76,54.16],[76.44,54.17],[76.54,54],[77.84,53.33],[80.08,50.74],[80.68,51.32],[81.17,51.18],[81.06,50.95],[81.41,50.98],[81.58,50.74],[82.57,50.75],[83.12,51.01],[83.62,50.95],[84.23,50.54],[84.28,50.26],[85.04,50.05],[85.26,49.59],[86.2,49.47],[86.59,49.81],[86.78,49.79],[86.62,49.57],[87.3,49.18],[86.74,48.92],[86.58,48.54],[85.72,48.36],[85.53,48.02],[85.57,47.13],[84.94,46.86],[83.15,47.23],[82.27,45.55],[82.54,45.42],[82.57,45.21],[81.81,45.36],[79.89,44.89],[80.41,44.61],[80.52,43.82],[80.81,43.18],[80.41,43.06],[80.6,42.9],[80.23,42.72],[80.22,42.22],[79.96,42.44],[79.5,42.46],[79.2,42.8],[76.97,42.99],[76.34,42.86],[75.82,42.94],[75.72,42.8],[74.21,43.27],[73.52,42.89],[73.49,42.42],[71.86,42.83],[71.28,42.78],[70.64,42.02],[70.37,42.07],[70.05,41.78],[69.24,41.46],[68.75,40.98],[68.52,41.01],[68.58,40.57],[67.98,40.84],[68.2,41.21],[66.71,41.14],[66.53,41.88],[66,41.94],[66.1,42.94],[65.84,42.86],[65,43.72],[64.53,43.57],[63.35,43.65],[62,43.51],[61.11,44.36],[58.75,45.51],[59.3,46.01],[58.8,45.9],[58.61,45.58],[56,45],[56,41.32],[55.43,41.28],[54.93,41.93],[54.22,42.38],[52.98,42.12],[52.45,41.76],[52.44,42.15],[52.75,42.71],[51.9,42.83],[51.68,43.18],[51.28,43.15],[51.37,43.45],[50.84,44.19],[50.31,44.33],[50.24,44.54],[50.8,44.63],[51.1,44.47],[51.6,44.51],[51.32,44.6],[51.2,44.89],[51.3,45.23],[51.73,45.4],[53.7,45.31],[53.09,45.4],[52.98,45.66],[53.04,45.89],[53.26,45.89],[53.39,46.47],[52.89,47.01],[52.33,47.07],[51.84,46.93],[51.2,47.12],[50.49,46.97],[49.92,46.57],[49.84,46.19],[48.56,46.58],[48.51,46.68],[49,46.74],[48.52,47.41],[48.11,47.74],[47.19,47.76],[47.12,48.27],[46.49,48.43],[47.03,49.09],[46.78,49.34],[46.84,49.61],[46.9,49.86],[47.35,50.09],[47.3,50.3],[47.61,50.46],[48.32,49.87]]],[[[60.19,46.01],[60.48,46.01],[60.05,45.95],[60.19,46.01]]]]}},{"type":"Feature","properties":{"id":"GNB"},"geometry":{"type":"MultiPolygon","coordinates":[[[[-16.67,12.36],[-15.68,12.42],[-15.17,12.69],[-13.71,12.68],[-13.71,12.26],[-13.93,12.21],[-13.7,12.01],[-13.71,11.71],[-14.66,11.5],[-15.1,10.94],[-14.9,11.17],[-14.95,11.33],[-15.21,11.07],[-15.15,11.27],[-15.26,11.11],[-15.42,11.3],[-15.2,11.49],[-15.5,11.35],[-15.28,11.62],[-14.99,11.62],[-15.33,11.69],[-15.43,11.54],[-15.39,11.7],[-15.55,11.72],[-15.01,11.99],[-15.95,11.73],[-15.8,12.02],[-15.98,12.09],[-15.93,11.95],[-16.1,11.88],[-16.34,12.02],[-16.11,12.34],[-16.35,12.19],[-16.54,12.34],[-16.44,12.18],[-16.67,12.36]]],[[[-16.18,11.03],[-16.25,11.1],[-16.06,11.19],[-16.18,11.03]]]]}},{"type":"Feature","properties":{"id":"BOL"},"geometry":{"type":"MultiPolygon","coordinates":[[[[-69.57,-10.95],[-68.54,-11.11],[-68.03,-10.66],[-67.71,-10.71],[-66.62,-9.89],[-65.35,-9.73],[-65.35,-11.3],[-65.03,-11.94],[-64.28,-12.5],[-63.78,-12.43],[-63.3,-12.68],[-63.16,-12.61],[-62.78,-13.01],[-62.17,-13.11],[-61.79,-13.54],[-61.19,-13.54],[-60.5,-13.8],[-60.25,-15.1],[-60.58,-15.1],[-60.24,-15.47],[-60.17,-16.27],[-58.32,-16.27],[-58.47,-16.93],[-58.2,-17.38],[-57.79,-17.6],[-57.51,-18.19],[-57.7,-19],[-58.13,-19.76],[-57.86,-19.97],[-58.14,-20.15],[-58.16,-19.83],[-59.07,-19.29],[-59.97,-19.29],[-61.74,-19.63],[-62.27,-20.56],[-62.26,-21.06],[-62.64,-22.25],[-62.83,-22],[-63.93,-22],[-64.34,-22.88],[-64.62,-22.2],[-65.75,-22.11],[-66.22,-21.78],[-66.29,-22.09],[-66.74,-22.24],[-67.18,-22.81],[-67.88,-22.83],[-68.18,-21.3],[-68.54,-20.91],[-68.44,-20.64],[-68.74,-20.46],[-68.76,-20.08],[-68.52,-19.92],[-68.7,-19.74],[-68.4,-19.42],[-68.95,-18.94],[-69.15,-18.16],[-69.05,-18.06],[-69.28,-17.97],[-69.64,-17.28],[-69.02,-16.67],[-68.95,-16.75],[-69.02,-16.64],[-68.85,-16.59],[-68.95,-16.43],[-68.69,-16.44],[-68.56,-16.26],[-68.82,-16.17],[-68.86,-16.28],[-68.91,-16.06],[-68.72,-15.96],[-69.33,-15.54],[-69.12,-15.26],[-69.35,-14.79],[-68.99,-14.24],[-68.83,-14.22],[-69.07,-13.67],[-68.69,-12.56],[-69.57,-10.95]]],[[[-68.96,-16.2],[-69.08,-16.22],[-69.14,-16],[-68.96,-16.2]]]]}},{"type":"Feature","properties":{"id":"VNM"},"geometry":{"type":"MultiPolygon","coordinates":[[[[102.14,22.4],[102.48,22.78],[103.03,22.44],[103.33,22.81],[103.53,22.59],[103.62,22.79],[103.97,22.51],[104.12,22.81],[104.37,22.69],[104.73,22.82],[104.8,23.12],[105.32,23.39],[105.88,22.92],[106.14,23],[106.83,22.81],[106.57,22.47],[106.68,22],[107.02,21.94],[107.36,21.6],[108.02,21.55],[107.37,21.29],[107.35,21],[106.86,20.99],[106.95,20.91],[106.86,20.98],[106.81,20.68],[106.58,20.56],[106.57,20.23],[105.95,19.92],[105.61,18.98],[105.89,18.42],[106.43,18.12],[106.57,17.55],[107.91,16.36],[107.8,16.44],[107.82,16.29],[108.02,16.34],[108.14,16.09],[108.32,16.14],[108.28,15.96],[108.61,15.45],[108.94,15.24],[108.8,15.14],[109.08,14.71],[109.29,13.9],[109.29,13.53],[109.2,13.62],[109.33,13.46],[109.21,13.4],[109.46,12.65],[109.34,12.8],[109.19,12.63],[109.34,12.4],[109.14,12.43],[109.28,11.88],[109.17,12],[109.23,11.73],[109,11.54],[109.02,11.36],[107.25,10.38],[107.08,10.32],[107.14,10.44],[106.85,10.5],[106.7,10.28],[106.77,10.08],[106.45,10.03],[106.66,9.83],[106.44,9.93],[106.58,9.7],[106.5,9.56],[105.93,9.95],[106.3,9.58],[106.17,9.35],[105.54,9.12],[105.11,8.64],[104.81,8.57],[104.71,8.63],[104.9,8.8],[104.78,8.81],[104.85,9.7],[105.11,9.95],[104.44,10.42],[104.87,10.52],[105.05,10.92],[105.75,11.03],[105.85,10.86],[106.19,10.79],[106.19,11.05],[105.87,11.28],[105.81,11.62],[106.02,11.77],[106.45,11.67],[106.41,11.97],[107.54,12.35],[107.6,13.3],[107.34,14.11],[107.62,15.41],[107.21,15.75],[107.45,16.09],[106.97,16.3],[106.86,16.54],[106.68,16.45],[106.55,17.01],[105.75,17.67],[105.49,18.2],[105.18,18.32],[105.13,18.72],[103.88,19.31],[104.12,19.5],[104.07,19.68],[104.56,19.61],[104.83,19.79],[104.99,20.09],[104.61,20.24],[104.66,20.47],[104.38,20.44],[104.64,20.67],[104.11,20.98],[103.68,20.66],[103.11,20.9],[102.81,21.26],[102.97,21.74],[102.83,21.85],[102.67,21.65],[102.61,21.92],[102.14,22.4]]],[[[107.52,21.14],[107.38,21.04],[107.46,21.28],[107.61,21.22],[107.52,21.14]]],[[[104.08,10.37],[104.01,10.01],[103.83,10.37],[104.08,10.37]]]]}},{"type":"Feature","properties":{"id":"GRL"},"geometry":{"type":"MultiPolygon","coordinates":[[[[-18.41,74.98],[-18.89,75.01],[-18.92,75.33],[-18.21,75.31],[-18.04,75.43],[-18.2,75.22],[-17.72,75.07],[-17.32,75.15],[-17.35,75.03],[-18.41,74.98]]],[[[-18.72,76.6],[-18.47,75.93],[-19.13,76.72],[-18.72,76.6]]],[[[-20.59,74.79],[-20.22,75.03],[-19.75,74.84],[-20.08,74.7],[-20.59,74.79]]],[[[-21.59,74.42],[-20.55,74.41],[-20.11,74.19],[-21.3,74.09],[-21.99,74.23],[-21.59,74.42]]],[[[-19.55,80.03],[-19.26,80.21],[-18.67,80.13],[-19.55,80.03]]],[[[-45.88,82.88],[-46.78,82.78],[-47.66,82.91],[-46.6,82.85],[-47.44,82.94],[-46.74,83.04],[-45.88,82.88]]],[[[-52.43,81.98],[-54.06,82.07],[-53.9,82.3],[-52.43,81.98]]],[[[-45.74,82.02],[-45.8,81.91],[-48.46,82.57],[-47.04,82.6],[-45.63,82.42],[-45.74,82.02]]],[[[-54.29,70.32],[-53.3,70.21],[-51.85,69.65],[-53.55,69.23],[-54.27,69.43],[-53.37,69.44],[-53.34,69.59],[-53.78,69.45],[-53.75,69.63],[-54.52,69.56],[-54.98,69.71],[-54.35,69.67],[-54.92,69.83],[-54.76,69.96],[-54.25,69.91],[-54.84,70.18],[-54.29,70.32]]],[[[-55.51,72.16],[-55.57,72.31],[-55,72.39],[-55.51,72.16]]],[[[-55.05,72.82],[-55.34,72.59],[-55.83,72.61],[-55.05,72.82]]],[[[-51,69.9],[-50.68,69.85],[-51.15,69.51],[-51.39,69.72],[-51.01,69.89],[-51.38,69.85],[-51,69.9]]],[[[-52.01,70.98],[-51.57,70.88],[-52.16,70.89],[-52.01,70.98]]],[[[-53.09,71.57],[-53.45,71.67],[-52.74,71.67],[-53.09,71.57]]],[[[-52.62,71.19],[-53.1,71.2],[-53.1,71.36],[-52.4,71.35],[-52.62,71.19]]],[[[-53.65,71.31],[-53.59,71.03],[-54,71.12],[-53.65,71.31]]],[[[-25.94,70.53],[-28.07,70.45],[-27.05,70.88],[-25.7,71.09],[-25.26,70.66],[-25.94,70.53]]],[[[-25.74,73.18],[-24.73,73.43],[-23.21,73.24],[-25.02,73.31],[-22.87,73.16],[-24.41,73.02],[-25.74,73.18]]],[[[-24.56,72.9],[-23.13,73.06],[-21.97,72.94],[-21.88,72.72],[-24.56,72.9]]],[[[-23.39,72.85],[-21.97,72.49],[-22.79,72.43],[-22.05,72.26],[-22.2,72.13],[-24.39,72.6],[-24.51,72.85],[-23.39,72.85]]],[[[-72,77.44],[-71.33,77.36],[-72.52,77.41],[-72,77.44]]],[[[-40.51,64.48],[-40.84,64.93],[-40.18,64.43],[-40.51,64.48]]],[[[-37.92,65.64],[-37.66,65.9],[-37.24,65.75],[-37.48,65.81],[-37.5,65.59],[-37.92,65.64]]],[[[-42.1,62.77],[-41.86,62.72],[-42.4,62.67],[-42.36,62.8],[-42.1,62.77]]],[[[-47.77,60.8],[-47.9,60.66],[-48.25,60.78],[-47.77,60.8]]],[[[-43.81,60.03],[-43.48,60.04],[-43.55,59.91],[-43.93,59.99],[-43.81,60.03]]],[[[-43.82,59.93],[-43.66,59.84],[-44.12,59.8],[-43.82,59.93]]],[[[-43.25,60],[-44.12,60.09],[-43.12,60.05],[-43.25,60]]],[[[-22.51,70.92],[-22.63,70.45],[-23.37,70.46],[-24.06,70.68],[-24.63,71.35],[-25.12,71.29],[-25.62,71.53],[-26.44,71.63],[-26.84,71.53],[-27.94,71.96],[-28.86,72.06],[-27.38,71.68],[-28.46,71.51],[-25.85,71.48],[-25.41,71.27],[-26.72,70.92],[-27.51,70.92],[-27.83,71.13],[-27.6,70.92],[-28.35,70.96],[-27.87,70.86],[-28,70.68],[-29.08,70.38],[-26.72,70.48],[-26.28,70.36],[-28.43,70.04],[-27.34,69.96],[-26.86,70.25],[-26.3,70.19],[-25.26,70.41],[-25.29,70.27],[-25.04,70.37],[-23.87,70.13],[-22.06,70.15],[-22.32,69.99],[-23.06,69.94],[-22.98,69.76],[-23.39,69.86],[-23.28,69.65],[-23.86,69.75],[-23.54,69.62],[-23.78,69.52],[-24.31,69.6],[-24.07,69.41],[-24.82,69.47],[-24.6,69.25],[-25.39,69.24],[-24.99,69.16],[-25.35,69],[-25.63,69.11],[-25.73,68.87],[-27.26,68.56],[-27.51,68.63],[-27.65,68.49],[-27.99,68.61],[-28.04,68.47],[-28.4,68.53],[-28.25,68.44],[-28.87,68.34],[-29.25,68.44],[-29.42,68.23],[-29.94,68.43],[-29.99,68.27],[-30.31,68.27],[-30.05,68.14],[-30.76,68.3],[-30.46,68.09],[-31.01,68.21],[-30.93,68.07],[-31.6,68.08],[-31.53,68.27],[-32.05,68.28],[-32.47,68.63],[-32.82,68.56],[-32.25,68.36],[-32.11,68.19],[-32.46,68.22],[-31.99,68.14],[-32.04,67.93],[-33.24,67.69],[-33.31,67.4],[-33.64,67.37],[-33.37,67.25],[-34.1,67.01],[-33.94,66.76],[-34.13,66.81],[-34.33,66.57],[-34.46,66.73],[-34.76,66.33],[-35.15,66.41],[-35.22,66.25],[-35.89,66.45],[-35.59,66.12],[-35.78,66.21],[-36.01,66.1],[-35.73,66.08],[-36.34,65.9],[-36.33,66.08],[-36.64,66.1],[-36.48,66],[-36.96,65.86],[-37.25,66.11],[-37.19,65.75],[-37.78,65.89],[-37.77,66.05],[-36.82,66.4],[-37.57,66.31],[-37.84,66.42],[-37.97,65.91],[-38.35,65.93],[-38.04,65.79],[-38.19,65.63],[-38.68,65.7],[-38.52,65.57],[-38.88,65.52],[-39.27,65.74],[-39.26,65.53],[-39.56,65.67],[-39.71,65.5],[-39.94,65.57],[-39.68,65.24],[-40.21,64.99],[-40.65,65.19],[-40.68,65.03],[-41.14,65.14],[-41.17,64.94],[-40.34,64.35],[-41.56,64.27],[-41,64.07],[-40.59,64.11],[-40.84,63.94],[-40.51,63.69],[-41.51,63.87],[-41.59,63.74],[-40.67,63.64],[-40.77,63.49],[-41.16,63.52],[-41.04,63.44],[-41.3,63.56],[-41.02,63.33],[-41.42,63.56],[-41.25,63.39],[-41.6,63.49],[-41.13,63.3],[-41.74,63.56],[-41.93,63.47],[-41.44,63.1],[-42.11,63.26],[-41.54,63.03],[-42.14,63.21],[-42.24,63.1],[-41.64,62.9],[-42.05,62.77],[-42.45,62.91],[-42.64,62.67],[-43.15,62.74],[-42.14,62.38],[-43,62.49],[-42.26,62.29],[-42.52,61.94],[-42.11,62],[-42.44,61.9],[-42.19,61.86],[-42.87,61.77],[-42.24,61.71],[-42.43,61.55],[-43.06,61.59],[-42.4,61.39],[-43.23,61.33],[-42.65,61.25],[-43.17,61.2],[-42.63,61.09],[-43.65,61.12],[-42.7,61.06],[-42.95,60.88],[-43.48,60.91],[-42.79,60.79],[-43.57,60.83],[-42.79,60.75],[-43.29,60.67],[-42.77,60.69],[-43.15,60.59],[-42.83,60.57],[-43.32,60.55],[-43.22,60.45],[-43.75,60.73],[-43.63,60.53],[-44.2,60.63],[-43.82,60.44],[-43.32,60.45],[-43.58,60.31],[-43.1,60.31],[-43.32,60.21],[-43.09,60.07],[-44.07,60.18],[-43.9,60.32],[-44.12,60.4],[-44.59,59.98],[-45.02,60.11],[-44.76,60.19],[-44.47,60.56],[-44.87,60.21],[-45.2,60.12],[-45.19,60.22],[-44.49,60.78],[-45.24,60.42],[-45.08,60.65],[-45.51,60.47],[-45.22,60.77],[-45.57,60.46],[-45.62,60.64],[-45.99,60.57],[-45.04,60.98],[-46.23,60.74],[-45.22,61.2],[-45.39,61.08],[-45.51,61.25],[-45.49,61.09],[-46.02,60.89],[-45.61,61.13],[-45.87,61.21],[-45.71,61.31],[-46.1,61.24],[-45.82,61.12],[-46.29,61.08],[-46.2,60.97],[-46.76,61.03],[-46.57,60.89],[-47.53,60.98],[-47.87,60.86],[-47.32,60.88],[-48.24,60.8],[-47.61,61.02],[-47.93,60.98],[-47.84,61.13],[-48.2,61.16],[-47.86,61.31],[-48.49,61.17],[-48.31,61.37],[-49.06,61.4],[-48.17,61.52],[-49.29,61.55],[-48.57,61.63],[-49.07,61.61],[-48.86,61.78],[-49.15,61.71],[-48.78,61.99],[-49.21,61.71],[-49.16,61.9],[-49.43,61.81],[-48.84,62.06],[-49.08,62.06],[-49.01,62.2],[-49.16,62],[-49.63,61.97],[-49.45,62.07],[-49.71,62.11],[-49.27,62.17],[-49.7,62.15],[-49.27,62.27],[-49.85,62.25],[-49.61,62.45],[-49.99,62.44],[-49.98,62.33],[-50.26,62.48],[-49.87,62.84],[-50.26,62.69],[-50.24,62.84],[-49.69,63.04],[-50.39,62.78],[-50.15,63],[-50.59,62.95],[-50.63,63.08],[-50,63.22],[-50.9,63.12],[-50.77,63.25],[-51.02,63.14],[-51.1,63.33],[-50.15,63.38],[-51.24,63.44],[-50.67,63.53],[-51.15,63.62],[-50.49,63.65],[-51.08,63.66],[-51.16,63.49],[-51.58,63.7],[-50.91,63.92],[-51.45,63.8],[-51.61,64.03],[-50.1,64.19],[-50.58,64.19],[-50.39,64.35],[-51.05,64.13],[-51.75,64.17],[-50.21,64.43],[-50.89,64.62],[-50.32,64.66],[-49.59,64.32],[-50.25,64.7],[-49.99,64.83],[-50.6,64.76],[-50.64,65.19],[-51,65.21],[-50.65,64.73],[-51.13,64.61],[-51.03,64.77],[-51.4,64.72],[-51.76,64.23],[-52.18,64.25],[-52.13,64.72],[-51.25,65.02],[-52.21,64.8],[-51.97,65.31],[-52.28,65.19],[-52.34,65.34],[-52.5,65.18],[-52.57,65.31],[-51.64,65.71],[-51.1,65.76],[-52,65.69],[-51.89,65.54],[-52.49,65.38],[-52.44,65.67],[-52.8,65.54],[-52.68,65.81],[-52.83,65.66],[-53.23,65.67],[-52.91,65.81],[-53.2,65.75],[-52.67,65.94],[-52.29,65.83],[-51.96,66.01],[-51.7,65.92],[-51.71,66.1],[-52.29,65.89],[-52.56,66.02],[-53.17,65.84],[-52.88,66.02],[-53.42,65.92],[-53.47,66.03],[-51.12,66.88],[-50.32,66.83],[-50.97,66.97],[-53.01,66.19],[-53.67,66.1],[-53.08,66.29],[-53.61,66.23],[-53.63,66.51],[-52.41,66.52],[-53.5,66.64],[-52.59,66.71],[-53.15,66.71],[-52.65,66.8],[-53.11,66.76],[-53.06,66.85],[-52.23,66.84],[-52.4,66.99],[-53.66,66.92],[-53.78,67.01],[-53.2,67],[-53.96,67.09],[-52.5,67.35],[-53.81,67.19],[-53.86,67.34],[-52.46,67.77],[-50.13,67.51],[-51.34,67.71],[-50.27,67.81],[-50.78,67.9],[-51.19,67.75],[-51.41,67.87],[-50.98,67.87],[-51.03,67.98],[-51.6,67.93],[-51.48,67.72],[-52.37,67.81],[-51.6,67.97],[-53,67.75],[-53.67,67.48],[-53.73,67.79],[-52.91,67.97],[-53.27,67.98],[-53.1,68.06],[-52.06,67.95],[-53.5,68.14],[-53.14,68.2],[-50.32,67.92],[-51.44,68.19],[-50.71,68.13],[-51.41,68.24],[-50.79,68.5],[-51.64,68.41],[-51.23,68.28],[-52.46,68.17],[-52.51,68.31],[-52.94,68.23],[-52.58,68.36],[-53.47,68.31],[-51.99,68.58],[-52.43,68.57],[-52.25,68.65],[-51.82,68.64],[-51.91,68.5],[-51.03,68.57],[-50.67,68.82],[-51.31,68.74],[-50.94,68.92],[-51.21,68.88],[-51.09,69.14],[-50.37,68.9],[-50.49,69.01],[-50.13,69.02],[-50.71,69.13],[-49.94,69.21],[-50.49,69.19],[-50.42,69.35],[-51.15,69.21],[-50.92,69.46],[-50.21,69.53],[-50.91,69.49],[-50.84,69.65],[-50.42,69.59],[-50.83,69.71],[-50.2,69.76],[-50.62,69.93],[-50.24,70.05],[-52.35,70.05],[-54.61,70.65],[-54.13,70.83],[-52.92,70.77],[-50.72,70.32],[-50.56,70.53],[-50.94,70.42],[-51.35,70.57],[-50.91,70.5],[-50.67,70.64],[-51.46,70.73],[-50.66,70.74],[-51.96,71.02],[-50.97,70.98],[-51.5,71.06],[-51.16,71.15],[-52.22,71.12],[-51.51,71.25],[-51.65,71.36],[-52.51,71.15],[-52.27,71.36],[-51.35,71.48],[-52.99,71.42],[-51.63,71.72],[-53.27,71.72],[-52.69,72.01],[-53.37,71.78],[-53.37,72.05],[-53.87,72.32],[-53.55,72.35],[-53.93,72.32],[-53.39,71.86],[-53.93,71.75],[-53.78,71.63],[-54.1,71.65],[-53.9,71.45],[-55.46,71.45],[-55.85,71.69],[-55.22,71.76],[-54.38,72.25],[-55.25,71.93],[-55.58,72.03],[-54.69,72.37],[-55.62,72.45],[-54.3,72.48],[-54.86,72.66],[-54.27,72.8],[-54.97,73.06],[-55.69,73.06],[-55.03,73.36],[-56.04,73.65],[-55.48,73.73],[-55.92,74.04],[-56.41,74.07],[-56.08,74.28],[-57.29,74.1],[-56.23,74.27],[-56.72,74.35],[-56.26,74.44],[-56.8,74.45],[-56.13,74.47],[-58.12,75.09],[-57.78,75.23],[-58.4,75.3],[-58.22,75.41],[-58.67,75.35],[-58.05,75.44],[-58.35,75.71],[-59.34,75.89],[-59.76,75.8],[-59.54,75.99],[-60.74,76.04],[-61.05,76.22],[-62.71,76.19],[-62.99,76.4],[-63.99,76.11],[-64.38,76.35],[-64.57,76.13],[-65.3,76.18],[-65.41,76.02],[-65.87,76.1],[-65.54,76.3],[-66.17,76.28],[-66.4,76.08],[-67.1,76.25],[-66.45,75.91],[-68.48,76.08],[-69.61,76.42],[-67.92,76.58],[-67.92,76.69],[-69.99,76.77],[-69.66,77.02],[-70.59,76.79],[-71.32,77.07],[-70.15,77.24],[-66.35,77.11],[-66.13,77.2],[-69.09,77.28],[-67.37,77.39],[-66.18,77.26],[-66.62,77.42],[-66.05,77.44],[-66.16,77.6],[-66.68,77.72],[-68.35,77.51],[-68.7,77.67],[-68.59,77.51],[-70.28,77.57],[-69.43,77.76],[-70.63,77.68],[-69.97,77.86],[-71.22,77.76],[-73.03,78.17],[-72.37,78.54],[-70.7,78.59],[-69.1,78.88],[-68.67,78.81],[-68.78,79.01],[-66.06,79.11],[-65.14,79.37],[-64.15,79.9],[-65.06,80.01],[-63.77,80.15],[-64.08,80.3],[-64.47,80.09],[-67.02,80.06],[-67.48,80.34],[-66.13,80.66],[-65.38,80.62],[-65.8,80.71],[-64.08,81.12],[-63.09,80.76],[-63.5,81.2],[-61.67,80.88],[-60.78,80.96],[-61.88,81.34],[-61.45,81.84],[-59.65,81.85],[-57,81.22],[-59.28,81.87],[-60.29,81.98],[-56.7,82.25],[-56.09,82.13],[-56.39,82.26],[-55.22,82.34],[-54.78,81.55],[-53.6,81.98],[-50.7,81.48],[-52.08,81.87],[-50.4,81.82],[-51.82,82.38],[-50.52,82.46],[-45.52,81.57],[-45.41,82.16],[-42.68,82.1],[-44.49,82.22],[-46.47,82.71],[-42.71,82.69],[-42.16,82.35],[-42,82.67],[-40.03,82.26],[-40.62,82.66],[-45.37,82.79],[-45.6,82.91],[-44.68,82.86],[-46.29,83.08],[-43.69,83.04],[-44.96,83.17],[-43.15,83.24],[-39.18,82.75],[-39.69,82.99],[-37.75,82.98],[-39.45,83.06],[-37.61,83.14],[-39.55,83.21],[-39.8,83.44],[-38.62,83.54],[-37,83.36],[-37.68,83.56],[-35.4,83.62],[-34.52,83.49],[-33.86,83.66],[-25.45,83.39],[-26.86,83.22],[-32.36,83.08],[-34.04,83.18],[-33.01,83.06],[-36.08,82.91],[-35.86,82.73],[-35.38,82.91],[-32.03,82.94],[-30.61,83.16],[-26.59,83.12],[-24.75,83.25],[-24.12,83.05],[-25.4,82.81],[-23.12,82.98],[-22.96,82.81],[-22.19,82.9],[-19.8,82.6],[-21.42,82.31],[-24.48,82.15],[-31.38,82.19],[-29.9,82.09],[-32.96,81.77],[-32.08,81.63],[-28.6,82],[-24.56,82],[-24.73,81.76],[-27.69,81.39],[-26.72,81.4],[-23.37,81.71],[-23.2,82],[-21.28,82.05],[-21.32,81.46],[-23.94,80.58],[-23.06,80.58],[-22.87,80.9],[-19.47,81.56],[-19.94,81.67],[-18.9,81.6],[-19.35,81.37],[-18.45,81.49],[-17.37,81.36],[-15.74,81.85],[-11.79,81.52],[-11.57,81.3],[-13.41,80.97],[-14.53,80.95],[-14.13,80.77],[-15.46,80.62],[-17.24,80.73],[-18.15,80.55],[-20.76,80.56],[-15.68,80.42],[-16.79,80.17],[-19.4,80.26],[-20.48,80.11],[-20.57,79.72],[-18.94,80.06],[-17.18,80],[-17.99,79.7],[-19.31,79.7],[-19.87,79.12],[-19.49,79.29],[-18.98,79.25],[-19.17,79.11],[-19.18,79.24],[-21.23,78.75],[-20.87,78.57],[-21.97,77.55],[-21.12,77.6],[-20.78,77.97],[-19.21,77.72],[-19.21,77.52],[-20.65,77.69],[-20.16,77.5],[-21.06,77.5],[-19.46,77.2],[-18.35,77.26],[-18.28,76.82],[-18.55,76.7],[-19.86,76.92],[-21.47,76.95],[-20.54,76.89],[-21.67,76.88],[-20.76,76.81],[-21.66,76.63],[-22.08,76.85],[-22.48,76.69],[-22.36,76.52],[-22.14,76.64],[-21.69,76.52],[-22.55,76.46],[-21.63,76.43],[-21.79,76.21],[-21.35,76.29],[-20.44,76.13],[-21.01,76.3],[-19.76,76.13],[-20.4,75.98],[-21.87,75.97],[-19.96,75.94],[-19.35,75.72],[-19.61,75.13],[-22.1,75.67],[-21.4,75.45],[-22.5,75.55],[-20.56,75.19],[-21.76,74.98],[-22.48,75.17],[-21.76,74.95],[-20.63,75.05],[-21,74.64],[-19.42,74.68],[-18.97,74.48],[-19.64,74.24],[-22.11,74.6],[-21.79,74.41],[-22.43,74.31],[-22.08,74.22],[-22.55,74.06],[-21.98,73.98],[-21.84,73.65],[-21.73,74.06],[-20.29,73.89],[-20.42,73.48],[-21.56,73.49],[-22.45,73.26],[-24.09,73.68],[-22.78,73.54],[-22.31,73.63],[-22.8,73.56],[-24.08,73.84],[-24.47,73.54],[-25.81,73.96],[-24.69,73.51],[-26.02,73.24],[-27.31,73.51],[-26.35,73.24],[-27.72,73.14],[-27.46,72.92],[-27.26,73.12],[-26.41,73.19],[-25.06,73.05],[-26.2,72.78],[-27.44,72.84],[-26.42,72.78],[-27.17,72.68],[-26.34,72.74],[-26.44,72.57],[-25.56,72.83],[-24.72,72.68],[-24.87,72.47],[-26.33,72.39],[-25.25,72.39],[-25.59,72.01],[-25.22,72.35],[-24.62,72.43],[-23.71,72.21],[-23.84,72.12],[-22.54,71.92],[-23.12,71.62],[-22.45,71.79],[-22.64,71.56],[-21.91,71.73],[-22.57,71.46],[-22.43,71.24],[-22.1,71.5],[-21.67,71.4],[-21.71,71.12],[-22.27,71.06],[-21.69,71.08],[-22.01,70.97],[-21.61,70.95],[-21.94,70.82],[-21.54,70.73],[-21.66,70.44],[-22.39,70.46],[-22.51,70.92]]]]}},{"type":"Feature","properties":{"id":"BEN"},"geometry":{"type":"Polygon","coordinates":[[[0.91,11],[1.11,11.03],[1.06,11.15],[1.4,11.45],[2.02,11.43],[2.41,11.9],[2.38,12.25],[2.85,12.4],[3.56,11.75],[3.49,11.3],[3.72,11.13],[3.84,10.59],[3.79,10.41],[3.62,10.42],[3.56,9.9],[3.15,9.5],[3.09,9.1],[2.78,9.07],[2.71,6.46],[1.63,6.24],[1.8,6.32],[1.56,6.97],[1.62,9.04],[1.34,9.54],[1.36,10],[0.78,10.38],[0.91,11]]]}},{"type":"Feature","properties":{"id":"NIU"},"geometry":{"type":"Polygon","coordinates":[[[-169.92,-19.06],[-169.81,-18.96],[-169.84,-19.15],[-169.92,-19.06]]]}},{"type":"Feature","properties":{"id":"LAO"},"geometry":{"type":"Polygon","coordinates":[[[100.08,20.35],[100.36,20.83],[100.62,20.85],[100.52,20.95],[100.72,21.31],[101.15,21.56],[101.22,21.31],[101.79,21.18],[101.56,22.22],[101.78,22.5],[102.14,22.4],[102.61,21.92],[102.67,21.65],[102.83,21.85],[102.97,21.74],[102.81,21.26],[103.11,20.9],[103.68,20.66],[104.11,20.98],[104.64,20.67],[104.38,20.44],[104.66,20.47],[104.61,20.24],[104.99,20.09],[104.83,19.79],[104.56,19.61],[104.07,19.68],[104.12,19.5],[103.88,19.31],[105.13,18.72],[105.18,18.32],[105.49,18.2],[105.75,17.67],[106.55,17.01],[106.68,16.45],[106.86,16.54],[106.97,16.3],[107.45,16.09],[107.21,15.75],[107.62,15.41],[107.45,14.53],[107.3,14.59],[106.85,14.29],[106.53,14.59],[106,14.37],[106.19,14.06],[105.98,13.93],[105.6,14.15],[105.36,14.1],[105.21,14.34],[105.53,14.55],[105.47,15.34],[105.63,15.62],[104.76,16.51],[104.73,17.49],[104.03,18.26],[103.37,18.44],[103.06,18.01],[102.66,17.82],[102.08,18.22],[101.14,17.48],[100.98,17.76],[101.18,18.07],[101.05,18.44],[101.36,19.05],[101.19,19.4],[101.29,19.57],[100.49,19.54],[100.4,19.75],[100.57,20.14],[100.36,20.37],[100.11,20.25],[100.08,20.35]]]}},{"type":"Feature","properties":{"id":"SAU"},"geometry":{"type":"MultiPolygon","coordinates":[[[[34.96,29.36],[36.07,29.18],[36.75,29.87],[37.5,30],[37.67,30.33],[38,30.5],[37,31.5],[39.01,32],[39.3,32.23],[40,32.06],[42.98,30.73],[42.98,30.48],[44.72,29.2],[47.47,29],[47.7,28.52],[48.43,28.54],[48.89,27.82],[48.85,27.6],[49.25,27.53],[49.31,27.42],[49.12,27.41],[49.44,27.08],[49.49,27.34],[49.7,27.3],[49.49,27.3],[50.16,26.65],[49.99,26.74],[50.24,26.37],[50.16,26.04],[50.03,26.2],[50,25.99],[50.81,24.74],[50.99,24.5],[51.5,24.57],[51.28,24.3],[51.59,24.25],[52.58,22.94],[55.21,22.71],[55.67,22],[55,20],[52,19],[49.12,18.62],[48.18,18.17],[47.47,17.12],[47.18,16.95],[47,16.95],[46.75,17.28],[45.22,17.44],[43.83,17.34],[43.35,17.56],[43.16,17.11],[43.23,16.65],[42.77,16.4],[42.36,17.19],[42.37,17.01],[42.31,17.45],[41.77,17.84],[41.26,18.61],[40.79,19.73],[39.73,20.39],[39.19,21.1],[39.17,21.78],[39.08,21.71],[38.93,22.01],[39.14,22.41],[38.46,23.78],[37.95,24.21],[37.43,24.37],[37.16,24.82],[37.24,25.19],[36.64,25.85],[36.71,26.03],[36.5,26.12],[35.22,28.05],[34.57,28.09],[34.96,29.36]]],[[[42.17,16.7],[42.18,16.58],[41.76,16.89],[42.17,16.7]]]]}},{"type":"Feature","properties":{"id":"ESH"},"geometry":{"type":"Polygon","coordinates":[[[-13.19,27.63],[-8.67,27.67],[-8.67,26],[-12,26],[-12,23.45],[-12.57,23.29],[-13.11,22.89],[-13,21.37],[-16.96,21.3],[-17.05,20.77],[-16.81,22.16],[-16.49,22.33],[-16.2,23.11],[-15.71,23.83],[-15.77,23.92],[-16,23.63],[-15.9,23.82],[-14.88,24.7],[-14.83,25.3],[-14.48,26.18],[-13.57,26.74],[-13.19,27.63]]]}},{"type":"Feature","properties":{"id":"NGA"},"geometry":{"type":"MultiPolygon","coordinates":[[[[3.61,11.7],[3.65,12.52],[4.1,12.99],[4.14,13.48],[5.44,13.87],[6.43,13.6],[6.94,13],[7.82,13.34],[8.7,12.92],[9.33,12.81],[9.66,12.81],[10.01,13.18],[10.66,13.36],[11.46,13.38],[12.44,13.07],[12.83,13.45],[13.63,13.71],[14.03,13.15],[14.22,12.37],[14.61,12.21],[14.62,11.51],[14.19,11.24],[13.98,11.31],[13.73,11],[13.47,10.16],[13.25,10.03],[13.23,9.58],[12.85,9.37],[12.78,8.75],[12.26,8.44],[11.88,7.1],[11.62,6.98],[11.52,6.61],[11.1,6.52],[10.57,7.16],[10.49,6.9],[10.22,6.89],[10.15,7.04],[8.84,5.82],[8.92,5.56],[8.62,4.9],[8.4,4.74],[8.26,5.07],[8.27,4.84],[8.13,4.96],[8.28,4.54],[7.61,4.47],[7.61,4.61],[7.37,4.5],[7.29,4.61],[7.27,4.5],[7.08,4.76],[7.13,4.57],[6.9,4.71],[6.99,4.37],[6.75,4.76],[6.87,4.36],[6.71,4.36],[6.72,4.63],[6.7,4.42],[6.61,4.54],[6.7,4.34],[6.59,4.48],[6.6,4.33],[6.24,4.29],[6.25,4.46],[6.09,4.27],[5.48,4.85],[5.32,5.37],[5.66,5.54],[5.43,5.42],[5.35,5.81],[5.15,5.62],[5.08,5.71],[5.24,5.69],[5.15,5.81],[5.3,5.88],[5.1,5.82],[4.36,6.37],[2.71,6.38],[2.78,9.07],[3.09,9.1],[3.15,9.5],[3.56,9.9],[3.62,10.42],[3.79,10.41],[3.84,10.59],[3.72,11.13],[3.49,11.3],[3.61,11.7]]],[[[5.37,5.59],[5.43,5.39],[5.16,5.54],[5.37,5.59]]]]}},{"type":"Feature","properties":{"id":"MLI"},"geometry":{"type":"Polygon","coordinates":[[[-12.24,14.76],[-11.8,14.9],[-11.75,15.46],[-11.52,15.64],[-10.9,15.11],[-10.72,15.44],[-9.4,15.44],[-9.33,15.7],[-9.33,15.5],[-5.5,15.5],[-5.33,16.33],[-5.61,16.5],[-6.57,25],[-4.83,25],[1.17,21.12],[1.17,20.74],[1.6,20.6],[1.8,20.3],[2.21,20.32],[2.38,20.03],[2.68,20.1],[3.25,19.83],[3.11,19.16],[3.3,19],[4.27,19.14],[4.2,16.4],[3.89,15.72],[3.51,15.37],[1.31,15.28],[0.71,14.95],[-0.72,15.08],[-1.98,14.48],[-2,14.19],[-2.47,14.3],[-2.84,14.05],[-2.87,13.65],[-3.26,13.71],[-3.23,13.29],[-3.43,13.19],[-3.97,13.5],[-4.34,13.14],[-4.21,12.82],[-4.48,12.72],[-4.4,12.31],[-4.74,12],[-5.4,11.83],[-5.2,11.43],[-5.49,11.08],[-5.51,10.43],[-5.79,10.43],[-5.99,10.2],[-6.19,10.24],[-6.21,10.73],[-6.43,10.56],[-6.64,10.67],[-6.64,10.4],[-6.94,10.35],[-7.03,10.15],[-7.45,10.42],[-7.98,10.17],[-7.99,10.34],[-8.33,10.59],[-8.29,11.02],[-8.67,10.96],[-8.32,11.39],[-8.85,11.65],[-8.78,11.94],[-8.95,12.36],[-9.25,12.51],[-9.41,12.46],[-9.34,12.25],[-9.69,12.03],[-10.34,12.23],[-10.66,11.9],[-10.93,12.23],[-11.23,12],[-11.45,12.26],[-11.36,12.98],[-11.63,13.39],[-11.89,13.38],[-12.07,13.72],[-11.93,13.92],[-12.24,14.76]]]}},{"type":"Feature","properties":{"id":"LBY"},"geometry":{"type":"Polygon","coordinates":[[[9.56,30.24],[9.91,30.33],[9.8,30.35],[10.29,30.91],[10.14,31.51],[10.63,31.98],[11.56,32.44],[11.48,32.93],[11.67,33.03],[11.56,33.15],[12.38,32.82],[13.38,32.9],[15.23,32.37],[15.53,31.6],[16.02,31.28],[15.91,31.19],[17.39,31.08],[19.05,30.27],[19.78,30.44],[20.11,30.95],[20.17,31.17],[19.92,31.76],[20.03,32.12],[20.57,32.55],[21.63,32.93],[22.15,32.94],[23.11,32.64],[23.1,32.31],[23.32,32.15],[24.98,31.97],[25.14,31.67],[24.87,31.38],[25.02,30.79],[24.71,30.16],[25,29.25],[25,20],[24,20],[24,19.5],[16,23.5],[14.23,22.61],[13.54,23.17],[12,23.52],[11.6,24.26],[11.42,24.2],[10.9,24.56],[10.36,24.54],[10.03,25.36],[9.4,26.2],[9.86,26.52],[9.93,26.86],[9.78,27.26],[9.96,27.87],[9.9,28.76],[9.78,29.42],[9.41,30.07],[9.56,30.24]]]}},{"type":"Feature","properties":{"id":"ASM"},"geometry":{"type":"Polygon","coordinates":[[[-170.76,-14.37],[-170.84,-14.32],[-170.56,-14.25],[-170.76,-14.37]]]}},{"type":"Feature","properties":{"id":"LBR"},"geometry":{"type":"Polygon","coordinates":[[[-11.46,6.93],[-10.6,7.77],[-10.61,8.04],[-10.3,8.2],[-10.28,8.48],[-9.77,8.55],[-9.48,8.35],[-9.47,7.43],[-9.21,7.39],[-9.11,7.19],[-8.84,7.28],[-8.68,7.7],[-8.47,7.56],[-8.27,7],[-8.6,6.51],[-7.9,6.28],[-7.74,5.93],[-7.42,5.84],[-7.55,4.38],[-9.04,4.98],[-10.06,5.96],[-11.39,6.74],[-11.17,6.71],[-11.46,6.93]]]}},{"type":"Feature","properties":{"id":"GUF"},"geometry":{"type":"Polygon","coordinates":[[[-54.6,2.33],[-54.21,2.78],[-53.98,3.61],[-54.2,3.83],[-54.47,4.85],[-53.88,5.75],[-52.94,5.45],[-52.29,4.94],[-52.32,4.81],[-52.04,4.72],[-51.94,4.44],[-51.91,4.67],[-51.8,4.61],[-51.66,4.05],[-52.33,3.16],[-52.55,2.52],[-52.96,2.17],[-53.74,2.37],[-54.11,2.11],[-54.6,2.33]]]}},{"type":"Feature","properties":{"id":"HND"},"geometry":{"type":"Polygon","coordinates":[[[-83.14,15],[-83.5,15.01],[-84.48,14.62],[-84.86,14.81],[-85.73,13.86],[-86.01,14.08],[-86.33,13.77],[-86.76,13.77],[-86.71,13.3],[-87.01,13],[-87.3,12.99],[-87.51,13.27],[-87.37,13.41],[-87.82,13.41],[-87.8,13.92],[-88.5,13.9],[-89.1,14.4],[-89.36,14.42],[-89.15,14.58],[-89.15,15.07],[-87.73,15.92],[-87.58,15.75],[-86.9,15.75],[-86.36,15.78],[-85.94,15.93],[-86.01,16.03],[-85.46,15.86],[-85.01,15.98],[-84.64,15.77],[-84.31,15.82],[-83.73,15.39],[-84.05,15.53],[-84.1,15.34],[-83.76,15.19],[-83.51,15.28],[-83.72,15.4],[-83.14,15]]]}},{"type":"Feature","properties":{"id":"BRN"},"geometry":{"type":"MultiPolygon","coordinates":[[[[115.02,4.9],[114.77,4.72],[114.88,4.37],[114.65,4.01],[114.17,4.57],[115.09,5.04],[115.02,4.9]]],[[[115.16,4.89],[115.34,4.31],[115.09,4.39],[115.03,4.75],[115.16,4.89]]]]}},{"type":"Feature","properties":{"id":"BWA"},"geometry":{"type":"Polygon","coordinates":[[[20,-22],[21,-22],[21,-18.32],[23.31,-18],[23.59,-18.5],[24.2,-18.02],[24.58,-18.07],[25.16,-17.78],[25.98,-18.97],[26.17,-19.55],[27.21,-20.08],[27.29,-20.5],[27.72,-20.51],[27.69,-21.09],[28.02,-21.57],[29,-21.77],[29.04,-22.01],[29.31,-22.14],[28.66,-22.55],[28.34,-22.57],[27.74,-23.23],[27,-23.64],[26.85,-24.27],[26.41,-24.65],[25.85,-24.75],[25.58,-25.64],[24.37,-25.76],[23.9,-25.63],[23.47,-25.28],[23.05,-25.29],[22.6,-26.15],[21.7,-26.86],[20.69,-26.91],[20.62,-26.44],[20.86,-26.13],[20.41,-25.09],[20,-24.76],[20,-22]]]}},{"type":"Feature","properties":{"id":"FJI"},"geometry":{"type":"MultiPolygon","coordinates":[[[[178.53,-18.15],[177.89,-18.28],[177.33,-18.12],[177.25,-17.89],[177.52,-17.51],[178.18,-17.31],[178.58,-17.64],[178.7,-18],[178.53,-18.15]]],[[[178.15,-19.05],[178.49,-19],[177.95,-19.13],[178.15,-19.05]]]]}},{"type":"Feature","properties":{"id":"LKA"},"geometry":{"type":"Polygon","coordinates":[[[80.73,9.28],[81.23,8.65],[81.13,8.49],[81.35,8.49],[81.37,8.15],[81.87,7.28],[81.57,6.37],[80.47,5.94],[80.06,6.19],[79.82,6.95],[79.69,8.21],[79.79,8.38],[79.82,7.91],[79.91,8.94],[80.19,9.48],[80.05,9.6],[80.41,9.52],[79.91,9.77],[80.25,9.83],[80.73,9.28]]]}},{"type":"Feature","properties":{"id":"ETH"},"geometry":{"type":"Polygon","coordinates":[[[33.01,7.93],[33.22,8.44],[33.77,8.37],[34.14,8.6],[34.28,10.54],[34.59,10.89],[34.86,10.74],[35.08,11.8],[35.7,12.67],[36.14,12.71],[36.56,14.26],[37.31,14.45],[37.53,14.18],[37.91,14.89],[38.46,14.41],[39.15,14.65],[39.25,14.41],[39.59,14.61],[39.93,14.42],[40.13,14.55],[40.94,14.08],[42.4,12.47],[41.83,11.73],[41.81,11.26],[41.68,11.18],[41.95,10.91],[42.63,11.1],[42.96,10.98],[42.71,10.62],[42.86,10.23],[43.26,9.84],[43.3,9.61],[44.06,8.99],[46.99,8],[47.98,8],[45.41,5.54],[44.98,4.92],[43.81,4.9],[43.12,4.63],[42.82,4.27],[41.95,4.04],[41.17,3.94],[40.76,4.28],[39.87,3.87],[39.54,3.4],[38.13,3.61],[36.74,4.44],[37,4.82],[36.76,4.78],[36.72,4.44],[36.21,4.45],[36.2,4.65],[36.01,4.48],[35.82,4.77],[35.86,5.32],[35.32,5.33],[35.13,5.62],[34.94,6.56],[34.29,6.95],[33.72,7.66],[33.05,7.8],[33.01,7.93]]]}},{"type":"Feature","properties":{"id":"LCA"},"geometry":{"type":"Polygon","coordinates":[[[-60.93,14.09],[-60.95,13.71],[-61.08,13.88],[-60.93,14.09]]]}},{"type":"Feature","properties":{"id":"BLZ"},"geometry":{"type":"Polygon","coordinates":[[[-89.15,17.82],[-89.15,17.94],[-88.86,17.89],[-88.52,18.46],[-88.1,18.37],[-88.3,17.65],[-88.18,17.5],[-88.25,16.81],[-88.91,15.9],[-89.19,15.9],[-89.15,17.82]]]}},{"type":"Feature","properties":{"id":"KIR"},"geometry":{"type":"MultiPolygon","coordinates":[[[[-157.34,1.84],[-157.17,1.7],[-157.56,1.88],[-157.34,1.84]]],[[[-157.48,1.98],[-157.31,1.98],[-157.34,1.85],[-157.48,1.98]]],[[[173.04,1.81],[172.99,1.71],[172.91,1.95],[173.04,1.81]]]]}},{"type":"Feature","properties":{"id":"CRI"},"geometry":{"type":"Polygon","coordinates":[[[-85.69,11.08],[-85.61,11.22],[-84.91,10.94],[-84.68,11.08],[-83.94,10.72],[-83.69,10.79],[-83.7,10.93],[-83.41,10.34],[-82.56,9.57],[-82.83,9.61],[-82.94,9.08],[-82.71,8.92],[-82.92,8.77],[-82.84,8.48],[-83.05,8.33],[-82.9,8.04],[-83.15,8.37],[-83.12,8.6],[-83.46,8.73],[-83.28,8.39],[-83.57,8.44],[-83.73,8.6],[-83.54,8.87],[-83.63,9.05],[-84.62,9.58],[-84.77,10],[-85.36,10.32],[-84.86,9.83],[-85.11,9.56],[-85.25,9.79],[-85.67,9.9],[-85.88,10.36],[-85.65,10.75],[-85.95,10.89],[-85.71,10.93],[-85.69,11.08]]]}},{"type":"Feature","properties":{"id":"LSO"},"geometry":{"type":"Polygon","coordinates":[[[28.39,-28.65],[28.65,-28.57],[29.46,-29.34],[29.16,-29.68],[29.17,-29.92],[28.4,-30.14],[28.11,-30.68],[27.74,-30.6],[27.38,-30.33],[27.41,-30.14],[27.02,-29.62],[27.36,-29.49],[27.75,-28.9],[28.39,-28.65]]]}},{"type":"Feature","properties":{"id":"TGO"},"geometry":{"type":"Polygon","coordinates":[[[-0.14,11.14],[0.49,10.93],[0.91,11],[0.78,10.38],[1.36,10],[1.34,9.54],[1.62,9.04],[1.56,6.97],[1.79,6.36],[1.63,6.24],[1.2,6.11],[0.75,6.44],[0.53,6.83],[0.66,7.32],[0.52,7.46],[0.59,8.2],[0.73,8.34],[0.37,8.75],[0.53,8.88],[0.57,9.41],[0.24,9.45],[0.38,9.58],[0.26,9.66],[0.4,10.31],[-0.06,10.63],[0.03,10.99],[-0.14,11.14]]]}},{"type":"Feature","properties":{"id":"TZA"},"geometry":{"type":"MultiPolygon","coordinates":[[[[29.66,-4.45],[30.04,-4.28],[30.5,-3.52],[30.84,-3.25],[30.84,-2.98],[30.41,-2.86],[30.54,-2.41],[30.86,-2.31],[30.76,-1.55],[30.47,-1.06],[31.78,-1],[31.87,-1.27],[31.6,-2.05],[31.71,-2.04],[31.62,-2.33],[31.75,-2.33],[31.74,-2.64],[31.86,-2.61],[31.77,-2.84],[32.26,-2.26],[32.52,-2.56],[32.67,-2.39],[33,-2.87],[32.84,-2.59],[32.96,-2.39],[33.45,-2.55],[33.51,-2.37],[33.85,-2.24],[33.79,-2.06],[33.62,-2.18],[33.19,-2.11],[33.55,-2.02],[33.31,-1.85],[33.66,-1.78],[33.53,-1.67],[33.71,-1.67],[33.65,-1.45],[33.93,-1.54],[33.77,-1.41],[34,-1.32],[33.87,-1.19],[34.09,-1.03],[37.53,-2.97],[37.71,-3.29],[37.59,-3.46],[39.19,-4.67],[38.78,-6.03],[38.86,-6.39],[39.55,-6.99],[39.27,-7.4],[39.21,-7.85],[39.41,-7.95],[39.22,-8.2],[39.27,-8.57],[39.56,-8.93],[39.39,-8.83],[39.33,-8.96],[39.48,-8.95],[39.49,-9.22],[39.55,-9.09],[39.64,-9.18],[39.65,-9.37],[39.51,-9.41],[39.73,-9.6],[39.71,-9.99],[39.96,-10.23],[39.99,-10.13],[40.4,-10.3],[40.42,-10.48],[39.27,-11.16],[38.52,-11.39],[37.92,-11.26],[37.62,-11.61],[36.28,-11.72],[35.83,-11.41],[35.64,-11.56],[34.96,-11.57],[34.64,-11.07],[34.5,-9.99],[34.05,-9.5],[33.95,-9.67],[32.95,-9.4],[31.98,-9.07],[31.55,-8.69],[31.19,-8.59],[30.63,-7.64],[30.57,-6.97],[30.15,-6.46],[29.97,-6.5],[29.71,-6.28],[29.95,-5.79],[29.75,-5.46],[29.79,-5],[29.6,-4.92],[29.66,-4.45]]],[[[39.73,-5.2],[39.68,-4.86],[39.87,-4.91],[39.73,-5.47],[39.73,-5.2]]],[[[39.19,-6.17],[39.3,-5.72],[39.57,-6.44],[39.19,-6.17]]],[[[39.8,-7.9],[39.59,-7.94],[39.91,-7.64],[39.8,-7.9]]],[[[32.85,-2.02],[32.93,-1.89],[33.17,-2.15],[32.85,-2.02]]],[[[31.82,-2.28],[31.93,-2.42],[31.82,-2.48],[31.82,-2.28]]]]}},{"type":"Feature","properties":{"id":"SSD"},"geometry":{"type":"Polygon","coordinates":[[[23.7,9.67],[24.84,9.82],[25.1,10.32],[25.76,10.44],[25.93,10.39],[25.93,10.18],[26.39,9.56],[27.91,9.61],[27.83,10.17],[29,10.17],[29,9.67],[29.54,9.75],[29.54,10.08],[29.94,10.29],[30.84,9.75],[31.33,9.78],[32.47,11.04],[32.39,11.71],[32.17,11.95],[32.75,11.97],[32.74,12.22],[33.29,12.22],[33.14,11.44],[33.25,10.78],[33.97,10.15],[33.88,9.5],[34.11,9.5],[34.14,8.6],[33.77,8.37],[33.22,8.44],[33.02,7.89],[33.72,7.66],[34.29,6.95],[34.94,6.56],[35.13,5.62],[35.32,5.33],[35.86,5.32],[35.82,4.77],[35.94,4.62],[35.51,4.62],[35.32,5.02],[34.39,4.61],[33.51,3.75],[33.03,3.89],[32.42,3.75],[32.2,3.51],[31.8,3.82],[31.52,3.64],[31.17,3.8],[30.89,3.55],[30.78,3.68],[30.56,3.62],[30.55,3.84],[30.21,3.94],[29.49,4.69],[29.22,4.34],[28.78,4.56],[28.38,4.29],[27.79,4.61],[27.77,4.79],[27.44,5.02],[27.21,5.72],[26.51,6.07],[26.58,6.2],[26.33,6.36],[26.43,6.65],[25.21,7.5],[25.22,7.87],[24.86,8.17],[24.17,8.33],[24.26,8.69],[23.51,8.72],[23.58,8.99],[23.45,9.03],[23.7,9.67]]]}},{"type":"Feature","properties":{"id":"NPL"},"geometry":{"type":"Polygon","coordinates":[[[81.03,30.2],[81.25,30.01],[81.42,30.37],[82.11,30.35],[82.17,30.07],[83.28,29.57],[83.58,29.18],[83.9,29.33],[84.2,29.24],[84.23,28.89],[84.86,28.57],[85.11,28.69],[85.11,28.35],[85.61,28.26],[85.71,28.39],[86,27.91],[86.19,28.17],[86.41,27.91],[86.72,28.11],[87.16,27.82],[88.05,27.9],[88.15,27.7],[87.99,27.11],[88.18,26.71],[88.07,26.41],[87.34,26.35],[87.07,26.59],[86.94,26.52],[87.01,26.68],[86.8,26.45],[85.78,26.63],[85.63,26.87],[85.34,26.75],[84.64,27.05],[84.62,27.34],[84.15,27.52],[83.85,27.36],[83.39,27.48],[83.3,27.33],[82.74,27.5],[82.71,27.72],[82.45,27.68],[81.32,28.13],[81.2,28.36],[80.59,28.68],[80.52,28.55],[80.11,28.83],[80.14,29.09],[80.51,29.82],[81.03,30.2]]]}},{"type":"Feature","properties":{"id":"TJK"},"geometry":{"type":"Polygon","coordinates":[[[70.98,40.23],[70.5,39.93],[70.55,40.04],[70.02,40.23],[69.54,40.12],[69.54,39.93],[69.3,39.92],[69.34,39.54],[70.53,39.62],[70.89,39.38],[71.5,39.61],[71.79,39.28],[72.04,39.37],[72.25,39.17],[72.49,39.38],[73.6,39.46],[73.55,39.33],[73.84,39],[73.69,38.85],[73.8,38.61],[74,38.52],[74.19,38.64],[74.7,38.43],[75.01,37.78],[74.93,37.57],[75.15,37.41],[74.89,37.23],[74.47,37.43],[73.65,37.24],[73.78,37.44],[73.29,37.46],[72.69,37.06],[71.65,36.69],[71.43,37.09],[71.59,37.92],[71.28,37.92],[71.33,38.31],[70.98,38.49],[70.17,37.93],[70.11,37.52],[69.44,37.48],[69.39,37.16],[68.92,37.28],[68.07,36.94],[67.87,37.06],[67.86,37.64],[68.28,37.91],[68.4,38.2],[68.06,38.39],[68.2,38.94],[67.7,39],[67.68,39.15],[67.33,39.24],[67.47,39.32],[67.41,39.53],[67.71,39.66],[68.55,39.54],[68.63,39.85],[68.82,39.99],[68.89,39.87],[68.85,40.05],[69.03,40.13],[68.53,40.14],[69.3,40.2],[69.39,40.79],[69.72,40.63],[70.44,41.05],[70.8,40.72],[70.33,40.43],[70.63,40.18],[70.98,40.23]]]}},{"type":"Feature","properties":{"id":"PAK"},"geometry":{"type":"Polygon","coordinates":[[[60.87,29.86],[62.47,29.39],[63.58,29.49],[64.12,29.38],[64.54,29.59],[64.9,29.55],[64.75,29.36],[64.82,29.1],[65.52,29.37],[64.86,29.36],[64.91,29.55],[65.76,29.72],[65.55,29.38],[65.8,29.73],[66.37,29.97],[66.23,30.07],[66.28,30.57],[66.39,30.94],[66.73,31.21],[67.77,31.32],[67.57,31.52],[68.17,31.84],[68.54,31.71],[68.43,31.76],[68.58,31.83],[68.86,31.59],[69.33,31.93],[69.24,32.46],[69.45,32.66],[69.5,33.02],[70.33,33.33],[69.9,34.04],[70.87,33.97],[71.13,34.23],[71,34.5],[71.09,34.68],[71.68,35.21],[71.54,35.31],[71.66,35.44],[71.55,35.73],[71.2,36.04],[71.64,36.48],[71.81,36.4],[72.25,36.75],[73.84,36.93],[74.05,36.83],[74.56,37.03],[75.4,36.96],[75.45,36.72],[75.93,36.6],[76.16,35.83],[76.57,35.93],[77.12,35.07],[75.75,34.52],[74.31,34.8],[73.97,34.69],[73.75,34.38],[73.98,34.26],[73.92,34.01],[74.25,34.01],[73.96,33.72],[74.19,33.46],[74.01,33.2],[74.54,32.75],[74.65,32.82],[74.68,32.49],[75.32,32.34],[75.3,32.15],[74.87,32.05],[74.51,31.74],[74.66,31.43],[74.51,31.13],[74.7,31.08],[74,30.51],[73.97,30.2],[73.4,29.95],[72.95,29.03],[72.39,28.77],[71.9,27.96],[70.87,27.7],[70.59,28.01],[70.37,28.01],[69.59,27.18],[69.51,26.74],[70.18,26.55],[70.1,25.94],[70.27,25.71],[70.66,25.7],[71.09,24.44],[70.58,24.28],[70.72,24.47],[70.46,24.41],[70,24.17],[68.63,24.38],[68.59,24.21],[68.28,24.08],[68.22,24.24],[68,24.11],[67.97,24.25],[67.49,24.04],[67.62,24.35],[67.39,24.56],[67.59,24.74],[66.66,24.83],[66.74,25.18],[66.38,25.62],[66.09,25.46],[66.35,25.54],[66.51,25.4],[64.8,25.33],[64.59,25.15],[64.56,25.27],[64.09,25.33],[64.23,25.46],[64.12,25.5],[63.91,25.42],[64.06,25.33],[63.67,25.4],[63.49,25.21],[62.51,25.26],[62.36,25.09],[62.16,25.23],[61.78,25.01],[61.81,25.19],[61.62,25.17],[61.9,26.26],[62.22,26.27],[62.45,26.57],[63.2,26.65],[63.33,27.12],[63.2,27.26],[62.78,27.25],[62.76,28.05],[63.41,27.96],[63.13,28.19],[63.41,28.09],[63.43,28.19],[63.02,28.38],[63.01,28.54],[62.79,28.27],[61.84,28.63],[60.87,29.86]]]}},{"type":"Feature","properties":{"id":"NAM"},"geometry":{"type":"Polygon","coordinates":[[[11.77,-17.26],[13.35,-16.97],[14.1,-17.44],[18.41,-17.39],[18.9,-17.82],[20.78,-18.02],[24.25,-17.48],[24.99,-17.56],[25.23,-17.77],[24.58,-18.07],[24.2,-18.02],[23.59,-18.5],[23.31,-18],[21,-18.32],[21,-22],[20,-22],[20,-28.43],[19.56,-28.53],[19.16,-28.96],[18.06,-28.88],[17.49,-28.69],[17.36,-28.26],[17.03,-28.05],[16.73,-28.5],[16.52,-28.56],[15.55,-27.75],[15.09,-26.73],[15.12,-26.44],[14.95,-26.31],[14.88,-25.08],[14.45,-24.04],[14.4,-23.01],[14.54,-22.81],[14.43,-22.35],[13.42,-20.88],[12.6,-19.13],[12.03,-18.49],[11.8,-17.97],[11.77,-17.26]]]}},{"type":"Feature","properties":{"id":"IRN"},"geometry":{"type":"MultiPolygon","coordinates":[[[[44.81,39.63],[45.53,38.97],[46.12,38.86],[46.53,38.89],[47.88,39.67],[48.37,39.38],[48.13,39.26],[48.33,39.02],[48.02,38.84],[48.63,38.4],[48.88,38.44],[48.99,37.75],[49.31,37.45],[50.19,37.38],[50.71,36.89],[51.68,36.59],[53.79,36.9],[53.92,36.89],[53.36,36.82],[54.01,36.79],[53.97,37.35],[54.67,37.44],[54.84,37.75],[55.44,38.09],[56.34,38.08],[56.44,38.26],[57.21,38.28],[57.45,37.94],[58.39,37.63],[58.82,37.7],[59.35,37.53],[59.55,37.14],[60.04,37.02],[60.35,36.63],[61.15,36.65],[61.27,35.61],[61,34.64],[60.74,34.52],[60.92,34.3],[60.67,34.3],[60.52,34.06],[60.58,33.6],[60.95,33.51],[60.58,33.13],[60.88,32.2],[60.86,31.49],[61.28,31.43],[61.35,31.24],[61.36,31.42],[61.78,31.3],[61.8,30.84],[60.87,29.86],[61.84,28.63],[62.79,28.27],[62.78,27.25],[63.2,27.26],[63.33,27.12],[63.2,26.65],[62.45,26.57],[62.22,26.27],[61.9,26.26],[61.62,25.17],[61.42,25.06],[60.61,25.29],[60.56,25.45],[60.47,25.29],[59.59,25.39],[59.36,25.55],[59.09,25.4],[58.8,25.57],[58.11,25.56],[57.31,25.79],[56.98,27.02],[56.82,27.17],[55.75,27.04],[54.79,26.5],[54.29,26.73],[53.73,26.7],[53.46,26.98],[52.69,27.29],[52.43,27.65],[51.97,27.88],[51.4,27.92],[51.03,28.81],[50.8,28.92],[50.92,29.07],[50.67,29.12],[50.67,29.47],[50.15,29.94],[50.07,30.2],[49.56,30],[49.47,30.16],[49.24,30.14],[49.32,30.47],[49.13,30.55],[48.7,30.32],[48.91,30.26],[48.93,30.03],[48.48,29.98],[48.11,30.45],[48.03,30.99],[47.73,31],[47.68,31.39],[47.82,31.68],[47.39,32.46],[46.1,32.98],[46.19,33.26],[45.41,33.98],[45.58,34.15],[45.44,34.46],[45.53,34.6],[45.74,34.54],[45.65,34.72],[45.92,35.07],[46.19,35.11],[45.97,35.58],[46.34,35.82],[45.76,35.8],[45.35,35.98],[45.27,36.39],[44.84,36.78],[44.58,37.45],[44.62,37.73],[44.22,37.89],[44.51,38.34],[44.3,38.39],[44.03,39.38],[44.42,39.41],[44.6,39.78],[44.81,39.63]]],[[[49.08,30.36],[49.19,30.21],[48.92,30.39],[49.08,30.36]]],[[[55.79,26.79],[55.75,26.95],[56.29,26.95],[55.94,26.69],[55.27,26.55],[55.79,26.79]]]]}},{"type":"Feature","properties":{"id":"MMR"},"geometry":{"type":"MultiPolygon","coordinates":[[[[92.6,21.98],[92.71,22.16],[93,21.99],[93.2,22.26],[93.1,22.81],[93.13,23.06],[93.39,23.14],[93.34,24.1],[94.16,23.85],[94.74,25],[94.58,25.22],[94.64,25.4],[95.18,26.07],[95.15,26.61],[96.1,27.22],[96.61,27.37],[97.15,27.09],[96.9,27.61],[97.34,27.89],[97.51,28.49],[97.65,28.54],[98.13,28.15],[98.32,27.52],[98.44,27.67],[98.71,27.56],[98.78,26.61],[98.72,26.13],[98.4,25.6],[98.17,25.63],[98.14,25.39],[97.78,25.13],[97.8,24.85],[97.55,24.74],[97.53,24.44],[97.67,24.46],[97.77,24.26],[97.62,23.89],[98.83,24.13],[98.67,23.81],[98.89,23.62],[98.89,23.18],[99.51,23.08],[99.56,22.95],[99.31,22.74],[99.38,22.5],[99.17,22.15],[99.97,22.06],[100.17,21.49],[100.59,21.45],[101.1,21.78],[101.15,21.56],[100.72,21.31],[100.52,20.95],[100.62,20.85],[100.36,20.83],[100.1,20.37],[99.46,20.39],[99.54,20.15],[99.08,20.1],[98.99,19.74],[98.25,19.68],[98.03,19.81],[97.67,18.94],[97.77,18.58],[97.34,18.58],[97.69,18.09],[97.67,17.88],[98.53,16.81],[98.68,16.27],[98.83,16.42],[98.93,16.33],[98.85,16.13],[98.57,16.06],[98.58,15.38],[98.2,15.23],[98.25,14.83],[99.11,13.89],[99.21,13.26],[99.1,13.07],[99.44,12.58],[99.66,11.82],[98.78,10.68],[98.55,9.97],[98.45,10.69],[98.79,11],[98.65,11.13],[98.72,11.46],[98.83,11.36],[98.71,12.21],[98.56,12.2],[98.69,12.32],[98.56,12.34],[98.8,12.59],[98.61,12.55],[98.72,12.81],[98.59,13.26],[98.23,13.71],[98.22,13.99],[98.12,13.55],[98.1,14.18],[97.87,14.68],[98.02,14.63],[97.92,14.89],[97.82,14.75],[97.72,15.86],[97.57,16.02],[97.62,16.48],[97.54,16.19],[97.44,16.48],[97.67,16.54],[97.36,16.51],[96.9,17.41],[96.87,16.92],[96.66,16.58],[96.4,16.48],[96.24,16.78],[96.32,16.4],[95.73,16.13],[95.42,15.72],[95.28,15.73],[95.32,15.95],[95.12,15.8],[95.12,16.14],[95.02,15.79],[94.74,15.8],[94.92,16.21],[94.72,15.85],[94.6,15.92],[94.68,16.02],[94.55,15.95],[94.68,16.21],[94.39,15.83],[94.38,16.01],[94.68,16.23],[94.68,16.52],[94.61,16.24],[94.24,15.95],[94.24,16.54],[94.5,17.31],[94.66,17.21],[94.56,17.6],[94.66,17.49],[94.14,18.74],[94.3,18.69],[94.25,18.88],[94.09,18.85],[94.12,19.41],[93.73,19.62],[93.84,19.71],[93.75,19.94],[93.52,19.92],[93.43,20.15],[93.36,20.02],[93.29,20.33],[93.27,20.03],[93.24,20.31],[93,20.14],[93.08,20.63],[92.95,20.23],[92.93,20.44],[92.81,20.47],[92.78,20.28],[92.78,20.56],[92.62,20.65],[92.73,20.26],[92.2,21.16],[92.37,21.48],[92.68,21.29],[92.6,21.98]]],[[[93.75,19.39],[93.85,19.48],[93.86,19.3],[93.75,19.39]]],[[[93.87,19.21],[93.94,18.85],[93.48,19.4],[93.61,19.41],[93.62,19.17],[93.68,19.29],[93.87,19.21]]],[[[93.74,18.82],[93.66,18.67],[93.48,18.87],[93.74,18.82]]],[[[93.52,19.92],[93.51,19.73],[93.4,19.96],[93.52,19.92]]],[[[92.88,20.21],[92.9,20.11],[92.76,20.2],[92.88,20.21]]],[[[98.46,12.45],[98.31,12.32],[98.31,12.69],[98.46,12.45]]],[[[98.26,10.86],[98.26,10.69],[98.08,10.89],[98.18,10.99],[98.26,10.86]]],[[[98.51,11.99],[98.66,11.93],[98.47,11.88],[98.44,12.11],[98.51,11.99]]],[[[98.6,11.85],[98.81,11.84],[98.69,11.67],[98.6,11.85]]],[[[98.55,11.75],[98.52,11.51],[98.36,11.78],[98.55,11.75]]],[[[98.17,10.01],[98.3,10.03],[98.13,9.84],[98.17,10.01]]]]}},{"type":"Feature","properties":{"id":"ZMB"},"geometry":{"type":"Polygon","coordinates":[[[24,-10.89],[24.38,-11.09],[24.28,-11.39],[24.44,-11.47],[25.35,-11.2],[25.33,-11.63],[25.98,-11.95],[26.88,-11.98],[27.02,-11.61],[27.21,-11.56],[27.62,-12.27],[27.93,-12.24],[28.45,-12.52],[28.46,-12.73],[28.78,-12.94],[29.01,-13.42],[29.59,-13.2],[29.64,-13.43],[29.81,-13.44],[29.81,-12.15],[29.53,-12.23],[29.43,-12.45],[29.04,-12.38],[28.45,-11.77],[28.39,-11.51],[28.67,-10.57],[28.52,-9.43],[28.71,-9.45],[29.12,-8.8],[29.14,-8.61],[28.92,-8.48],[30.56,-8.3],[30.44,-8.45],[30.54,-8.6],[30.67,-8.49],[31.03,-8.81],[31.19,-8.59],[31.55,-8.69],[31.98,-9.07],[32.95,-9.4],[33.56,-10.21],[33.7,-10.56],[33.26,-10.89],[33.4,-11.16],[33.23,-11.42],[33.26,-12.13],[33.55,-12.36],[33.05,-12.6],[33.01,-13.21],[32.85,-13.53],[32.67,-13.57],[33.02,-14.05],[33.24,-14],[30.23,-15.02],[30.41,-15.59],[29.41,-15.69],[28.89,-15.99],[28.82,-16.47],[28.26,-16.52],[27.99,-16.76],[28.06,-16.86],[27.91,-16.75],[27.64,-16.97],[26.99,-17.97],[25.85,-17.94],[24.68,-17.5],[23.43,-17.64],[22.12,-16.49],[22,-16.21],[22,-13],[24.06,-13],[23.89,-12.84],[24.08,-12.38],[24,-10.89]]]}},{"type":"Feature","properties":{"id":"MHL"},"geometry":{"type":"Polygon","coordinates":[[[171.1,7.1],[171.04,7.16],[171.29,7.07],[171.1,7.1]]]}},{"type":"Feature","properties":{"id":"ZAF"},"geometry":{"type":"MultiPolygon","coordinates":[[[[16.47,-28.58],[16.76,-28.46],[16.9,-28.07],[17.11,-28.05],[17.34,-28.23],[17.43,-28.65],[18.02,-28.84],[19.16,-28.96],[19.55,-28.54],[19.97,-28.43],[20,-24.76],[20.41,-25.09],[20.86,-26.13],[20.62,-26.44],[20.69,-26.91],[21.7,-26.86],[22.57,-26.2],[23.05,-25.29],[23.47,-25.28],[23.9,-25.63],[24.37,-25.76],[25.58,-25.64],[25.85,-24.75],[26.41,-24.65],[26.85,-24.27],[27,-23.64],[27.74,-23.23],[28.34,-22.57],[29.32,-22.19],[31.23,-22.37],[31.99,-24.3],[31.98,-25.95],[31.32,-25.74],[30.79,-26.57],[30.81,-26.84],[31.15,-27.2],[31.89,-27.32],[31.96,-27.52],[32.01,-26.81],[32.89,-26.86],[32.59,-27.96],[32.39,-27.9],[32.39,-28.09],[32.59,-27.98],[32.4,-28.53],[31.34,-29.38],[30.01,-31.3],[28.55,-32.57],[27.11,-33.52],[26.47,-33.77],[25.82,-33.7],[25.62,-33.86],[25.7,-34.03],[25.05,-33.96],[24.84,-34.21],[23.58,-33.97],[23.41,-34.11],[22.59,-33.99],[22.12,-34.09],[21.83,-34.38],[20.48,-34.49],[20.01,-34.83],[19.29,-34.63],[19.38,-34.41],[19.12,-34.42],[19.15,-34.31],[18.83,-34.39],[18.78,-34.09],[18.5,-34.05],[18.5,-34.36],[18.38,-34.27],[18.31,-34.04],[18.5,-33.83],[17.84,-32.83],[18.33,-32.6],[18.28,-31.9],[17.28,-30.35],[16.82,-29.09],[16.47,-28.58]]],[[[37.88,-46.89],[37.58,-46.95],[37.69,-46.82],[37.88,-46.89]]]]}},{"type":"Feature","properties":{"id":"EUROPE","name":"Europe"},"geometry":{"type":"MultiPolygon","coordinates":[[[[-24.53,65.5],[-24.31,65.64],[-23.79,65.53],[-24.1,65.81],[-23.54,65.6],[-23.26,65.68],[-23.53,65.72],[-23.19,65.78],[-23.87,65.89],[-23.18,65.84],[-23.81,66.01],[-23.39,65.99],[-23.67,66.12],[-23.36,66.08],[-23.47,66.2],[-23,66.09],[-23.09,65.97],[-22.87,66.04],[-22.98,65.91],[-22.68,66.05],[-22.48,65.81],[-22.38,66.09],[-22.98,66.23],[-22.36,66.27],[-23.2,66.35],[-22.46,66.47],[-21.67,66.02],[-21.31,66],[-21.61,65.96],[-21.29,65.93],[-21.34,65.73],[-21.78,65.76],[-21.3,65.59],[-21.48,65.44],[-21.19,65.43],[-21.08,65.16],[-20.93,65.58],[-20.66,65.69],[-20.583248730964467,65.60472081218275],[-20.27,65.66],[-20.41,66.09],[-20.1,66.12],[-19.47,65.74],[-19.44,66.05],[-18.79,66.19],[-18.06,65.65],[-18.27,66.17],[-17.56,65.96],[-17.14,66.21],[-16.92,66.09],[-16.48,66.19],[-16.54,66.51],[-16.08,66.51],[-15.38,66.14],[-14.53,66.38],[-15.18,66.11],[-14.61,65.99],[-14.9,65.76],[-14.33,65.79],[-14.52,65.55],[-14.25,65.66],[-13.67,65.55],[-14.01,65.27],[-13.57,65.27],[-14.02,65.19],[-13.49,65.08],[-14.24,65.03],[-13.68,64.91],[-14.04,64.94],[-13.75,64.87],[-14.08,64.7],[-14.51,64.79],[-14.23,64.65],[-14.5,64.65],[-14.5,64.44],[-14.89,64.43],[-14.96,64.24],[-15.38,64.38],[-15.46,64.24],[-15.19,64.23],[-15.71,64.2],[-16.64,63.8],[-17.03,63.78],[-17.02,63.92],[-17.07,63.78],[-17.42,63.76],[-17.41,63.92],[-18.19,63.46],[-18.44,63.63],[-18.24,63.45],[-19.13,63.4],[-20.19,63.54],[-21.09,63.94],[-22.71,63.8],[-22.71,64.08],[-22.04,64.04],[-21.73,64.34],[-21.36,64.38],[-22.11,64.31],[-21.74,64.59],[-22.24,64.48],[-22.39,64.82],[-23.8,64.73],[-24.05,64.89],[-21.75,65.03],[-21.74,65.2],[-22.56,65.19],[-21.7,65.44],[-22.28,65.44],[-22.09,65.6],[-22.48,65.5],[-22.54,65.64],[-22.72,65.5],[-22.85,65.63],[-23.73,65.42],[-24.53,65.5]]],[[[-10.47,52.18],[-9.72,52.26],[-9.95,52.41],[-9.62,52.58],[-9.29,52.61],[-9.94,52.56],[-9.5,52.75],[-9.28,53.14],[-8.87,53.21],[-10.18,53.41],[-10.01,53.48],[-10.19,53.56],[-9.67,53.61],[-9.91,53.76],[-9.54,53.8],[-9.94,53.87],[-9.82,54.14],[-9.97,54.06],[-10.01,54.23],[-10.12,54.1],[-10.11,54.24],[-9.72,54.24],[-9.79,54.35],[-9.27,54.31],[-9.14,54.15],[-9.05,54.29],[-8.51,54.21],[-8.68,54.36],[-8.11,54.66],[-8.46,54.57],[-8.81,54.7],[-8.21,54.9],[-8.46,54.91],[-8.3,55.15],[-7.86,55.13],[-7.79,55.26],[-7.7,55.1],[-7.63,55.28],[-7.64,54.95],[-7.52,55.29],[-7.25,55.28],[-7.37,55.38],[-6.92,55.24],[-7.26,55.07],[-8.009159124087592,54.53969635036496],[-7.65,54.41],[-7.85,54.53],[-7.69,54.61],[-7.85,54.63],[-7.4,54.95],[-6.48,55.25],[-6.06,55.2],[-5.69,54.8],[-5.92,54.6],[-5.58,54.68],[-5.44,54.46],[-5.5,54.33],[-5.69,54.58],[-5.52,54.31],[-5.82,54.28],[-6.06,54.02],[-6.62,54.04],[-6.1,54],[-6.4,54.01],[-6.22,53.8],[-6.4,53.72],[-6.08,53.55],[-6.05,53.36],[-6.25,53.34],[-6,52.97],[-6.36,52.35],[-6.57,52.49],[-6.36,52.17],[-6.76,52.27],[-6.93,52.12],[-6.99,52.25],[-7.02,52.13],[-7.64,52.1],[-7.58,51.99],[-8.17,51.78],[-8.17,51.91],[-8.47,51.9],[-8.27,51.8],[-8.48,51.67],[-8.67,51.77],[-8.53,51.6],[-9.23,51.48],[-9.82,51.45],[-9.54,51.75],[-10.16,51.58],[-9.54,51.89],[-10.34,51.78],[-10.32,51.96],[-9.7,52.17],[-10.47,52.18]]],[[[-10.26,53.98],[-9.97,54.03],[-9.94,53.89],[-10.26,53.98]]],[[[-9.5,38.78],[-9.41,39.36],[-9.07,39.58],[-8.66,40.93],[-8.87,41.87],[-8.28,42.12],[-8.81,41.91],[-8.9,42.11],[-8.57,42.34],[-8.86,42.31],[-8.59,42.45],[-8.94,42.46],[-8.73,42.69],[-9.04,42.52],[-8.89,42.82],[-9.09,42.74],[-9.3,43.06],[-8.84,43.35],[-8.31,43.41],[-8.21,43.28],[-8.12,43.43],[-8.32,43.45],[-8.15,43.52],[-8.33,43.45],[-8.33,43.56],[-7.69,43.79],[-7.06,43.47],[-5.84,43.66],[-4.62,43.4],[-3.55,43.51],[-2.95,43.27],[-3.04,43.37],[-2.75,43.46],[-2.25,43.28],[-1.79,43.35],[-1.712604540023895,43.33112305854241],[-1.45,43.65],[-1.2,44.66],[-1.01,44.64],[-1.16,44.77],[-1.26,44.63],[-1.09,45.57],[-0.49,45],[-0.81,45.5],[-1.23,45.68],[-1.16,45.8],[-0.96,45.7],[-1.17,45.85],[-0.95,45.92],[-1.23,46.15],[-1.11,46.32],[-1.47,46.34],[-2.14,46.82],[-2,47.06],[-2.25,47.13],[-1.98,47.3],[-2.55,47.29],[-2.36,47.5],[-2.85,47.5],[-2.76,47.65],[-3.12,47.6],[-3.13,47.47],[-3.28,47.78],[-3.86,47.79],[-4.12,47.98],[-4.17,47.81],[-4.38,47.8],[-4.49,48.04],[-4.74,48.04],[-4.27,48.15],[-4.63,48.28],[-4.11,48.25],[-4.46,48.33],[-4.25,48.45],[-4.77,48.33],[-4.78,48.52],[-4.01,48.73],[-3.85,48.61],[-3.51,48.84],[-3.22,48.87],[-3.26,48.74],[-3.07,48.88],[-3.14,48.71],[-3.01,48.82],[-2.69,48.5],[-2.32,48.69],[-2.22,48.55],[-2.05,48.64],[-2.02,48.48],[-1.94,48.7],[-1.35,48.63],[-1.57,48.74],[-1.58,49.22],[-1.94,49.73],[-1.27,49.7],[-1.12,49.34],[-0.23,49.27],[0.36,49.44],[0.09,49.48],[0.12,49.67],[1.68,50.18],[1.58,50.87],[2.55,51.09],[3.37,51.37],[3.5275431861804223,51.3257773512476],[4.194417177914111,51.34877300613497],[4.266375358166189,51.388022922636104],[3.44,51.54],[3.86,51.6],[4.26,51.44],[3.98,51.59],[4.11,51.65],[3.69,51.68],[4.31,51.65],[3.84,51.76],[3.96,51.84],[4.34,51.65],[4.61,51.7],[3.96,51.96],[4.26,51.9],[4.1,51.98],[4.61,52.47],[4.73,52.96],[5.27,52.76],[4.92,52.38],[5.13,52.32],[5.58,52.6],[5.86,52.58],[5.6,52.64],[5.71,52.84],[5.36,52.87],[5.55,53.29],[6.75,53.47],[7.21,53.24],[7.06,52.64],[7.36,53.32],[7,53.36],[7.16,53.63],[8.01,53.71],[8.21,53.39],[8.27,53.61],[8.55,53.54],[8.45,53.23],[8.88,53.05],[8.48,53.24],[8.66,53.89],[9.27,53.86],[9.75,53.54],[9.4,53.83],[8.8,54.02],[8.98,54.04],[8.81,54.17],[8.95,54.32],[8.59,54.34],[9.01,54.5],[8.81,54.47],[8.96,54.55],[8.606276463262764,54.87424657534247],[9.96,54.78],[10.03,54.55],[9.83,54.47],[10.2,54.46],[10.13,54.31],[11.13,54.39],[10.75,54.03],[11.45,53.89],[11.68,54.15],[12.11,54.12],[12.51,54.48],[12.93,54.43],[12.59,54.45],[12.42,54.25],[13.02,54.44],[13.145249537892791,54.3403696857671],[13.16,54.51],[13.37,54.58],[13.55,54.42],[13.37,54.62],[13.25,54.56],[13.43,54.68],[13.72,54.27],[13.22294058408862,54.27856998992951],[13.46,54.09],[13.7,54.17],[13.91,53.92],[13.81,53.88],[13.857045454545455,53.86159090909091],[14.04,53.94],[13.81,54.11],[14.23,53.93],[13.8675,53.8575],[14.27,53.7],[14.291603375527426,53.63789029535865],[14.61,53.58],[14.62,53.85],[14.21,53.87],[16.17,54.26],[16.53,54.54],[17.97,54.83],[18.48,54.71666666666667],[18.78,54.35],[19.64,54.46],[19.24,54.27],[19.8,54.44],[22.98504118616145,54.3072899505766],[22.71,54.45],[22.85,54.89],[22.57,55.07],[22.11,55.03],[21.29,55.25],[21.06,56.07],[21.06,56.84],[21.7,57.57],[22.61,57.76],[23.26,57.09],[23.93,56.97],[24.41,57.27],[24.35,57.88],[24.58,58.32],[24.31,58.38],[24.12,58.23],[23.75,58.34],[23.49,58.69],[23.76,58.78],[23.45,58.76],[23.42,58.91],[23.66,58.98],[23.4,59.03],[23.51,59.23],[24.8,59.57],[25.44,59.49],[25.7,59.68],[26.98,59.43],[28.04,59.47],[28.17,59.41],[27.78,59.07],[26.94,58.83],[27.82,57.87],[27.58,57.83],[27.35,57.52],[26.62,57.51],[27.57,57.51],[27.87,57.3],[27.66,56.83],[27.83,56.87],[28.24,56.27],[27.939072164948453,56.04072164948454],[28.15,56.17],[29.4,55.97],[29.46,55.72],[30.29,55.85],[30.93,55.62],[30.98,55.15],[30.75,54.81],[31.2,54.62],[31.32,54.24],[31.89,54.06],[31.77,53.82],[32.46,53.74],[32.76,53.42],[32.24,53.1],[31.4,53.21],[31.37,52.94],[31.77,52.19],[30.94,52.08],[30.56,51.71],[30.56397134670487,51.65307736389685],[30.91,51.99],[32.2,52.07],[32.38,52.34],[33.84,52.36],[34.42,51.83],[34.08,51.67],[34.26,51.28],[35.12,51.23],[35.63,50.35],[36.14,50.44],[36.65,50.22],[37.4,50.43],[38.03,49.9],[38.31,50.09],[39.64,49.64],[40.14,49.62],[40.03,49.47],[40.22,49.25],[39.75,48.98],[40.08,48.87],[39.8,48.84],[39.66,48.61],[39.89,48.43],[39.77,47.87],[38.84,47.85],[38.77,47.69],[38.33,47.58],[38.09,47.02],[37.57,47.1],[36.83,46.71],[36.34,46.71],[36.27088888888889,46.64088888888889],[35.86,46.66],[35.45,46.44],[35.29,46.69],[35.38,46.38],[35.35658536585366,46.36243902439024],[35.22,46.46],[34.4,46.01],[34.53,46.13],[34.32,46.26],[34.3,46.1],[34.23,46.28],[34.12,46.26],[34.25,46.1],[33.72,46.2],[34.65,45.94],[34.52,45.79],[34.77,45.88],[34.65,45.79],[35.03,45.64],[35.02,45.41],[35.4,45.26],[35.04,45.67],[35.53,45.28],[35.85,45.47],[36.6,45.44],[36.39,45.15],[35.84,45],[35.5,45.12],[35.08,44.79],[34.73,44.81],[34.13,44.43],[33.74,44.39],[33.38,44.58],[33.61,44.6],[33.53,45.25],[33.15,45.2],[32.99,45.33],[33.19,45.45],[32.98,45.33],[32.48,45.39],[33.17,45.8],[33.77,45.89],[33.61,46.13],[32.54,46.07],[31.78,46.27],[32.06,46.39],[31.86,46.52],[32.49,46.51],[31.98,46.65],[32.01,46.98],[31.84,47.08],[32,46.92],[31.88,46.63],[31.42,46.63],[31.59,46.84],[31.35,46.6],[30.89,46.63],[30.52,46.13],[30.15,46.39],[30.47,46.07],[30.15,45.83],[29.97,45.93],[29.79,45.64],[29.66,45.84],[29.69,45.2],[29.59,44.83],[29.14,44.77],[29.09,45.02],[28.85,44.93],[28.95,44.78],[28.72,44.72],[28.85,44.65],[28.74,44.48],[28.9,44.57],[28.56,44.26],[28.71,44.11],[28.58,43.74],[28.47,43.36],[28.15,43.4],[28,43.22],[27.65,43.19],[27.95,43.17],[27.9,42.7],[27.44,42.46],[27.73,42.41],[28.03,41.98],[27.975092838196286,41.970450928381965],[28.21,41.53],[29.12,41.23],[28.98,41],[28.62,40.96],[28.52,41.1],[28.54,40.98],[28.22,41.08],[27.51,40.97],[27.31,40.7],[26.8180059970015,40.41007496251874],[27.29,40.48],[27.78,40.31],[27.75,40.53],[28.03,40.48],[27.96,40.35],[29.05,40.36],[29.15,40.44],[28.79,40.55],[29.94,40.73],[29.26,40.8],[29.01,41.01],[29.17,41.22],[31.25,41.1],[31.4,41.32],[32.28,41.72],[33.34,42.02],[34.72,41.94],[35.02,42.09],[35.21,42.02],[35.09,41.92],[35.28,41.72],[36.07,41.68],[36.4,41.25],[36.66,41.38],[37.51,41.03],[37.68,41.14],[38.36,40.91],[39.42,41.11],[40.18,40.91],[41.55,41.52],[41.78,42.1],[41.45,42.72],[40.01,43.39],[40.24,43.59],[41.61,43.22],[42.86,43.18],[43.96,42.55],[44.55,42.77],[44.8,42.61],[44.89,42.75],[45.16,42.71],[45.34,42.52],[45.77,42.49],[45.65,42.19],[46.36,41.93],[46.21,41.63],[46.7,41.31],[46.49,41.06],[45.23,41.44],[44.94996817820207,41.292983293556084],[45.01,41.3],[45.13,41.07],[45.56,40.88],[45.38,40.71],[45.44,40.52],[45.98,40.21],[45.84,39.99],[45.6,39.99],[46.22,39.6],[46.58,39.55],[46.39,39.43],[46.63,39.23],[46.43,39.19],[46.53,38.87],[46.16,38.84],[45.78,39.58],[46.14,38.84],[45.44,39.01],[44.77778461538462,39.69169230769231],[44.61,39.78],[44.42,39.41],[44.03,39.38],[44.3,38.39],[44.51,38.34],[44.22,37.89],[44.62,37.73],[44.58,37.45],[44.78,37.14],[44.63,37.19],[44.31,36.96],[44.13,37.32],[43.83,37.19],[43.15,37.37],[42.35,37.11],[42.21,37.28],[41.52,37.08],[40.77,37.13],[39.49,36.7],[38.03,36.86],[37.44,36.63],[36.67,36.83],[36.54,36.49],[36.69,36.25],[36.38,36.22],[36.16,35.81],[35.92,35.93],[35.78,36.32],[36.22,36.66],[36.01,36.93],[35.34,36.54],[34.65,36.81],[33.96,36.23],[33.87,36.32],[33.69,36.14],[32.8,36.02],[32.39,36.16],[32.02,36.54],[31.01,36.86],[30.61,36.84],[30.41,36.21],[30.18,36.31],[29.68,36.13],[29.1,36.39],[29.09,36.68],[28.93,36.76],[28.85,36.59],[28.46,36.88],[28.03,36.56],[28.13,36.81],[27.41,36.66],[28.03,36.79],[28.02,36.93],[28.33,37.05],[27.26,36.96],[27.25,37.13],[27.47,37.08],[27.64,37.25],[27.46,37.25],[27.42,37.42],[27.19,37.35],[27.23,37.58],[27,37.66],[27.25,37.74],[27.25,37.98],[26.23,38.27],[26.52,38.43],[26.42,38.68],[26.67,38.31],[26.71,38.43],[26.935106382978724,38.434893617021274],[26.72,38.65],[27.07,38.88],[26.8,38.95],[26.88,39.09],[26.61,39.28],[26.95,39.56],[26.06,39.48],[26.18,39.99],[26.519253012048193,40.23402409638554],[26.19,40.04],[26.22,40.32],[26.84,40.59],[26.13,40.59],[26.07,40.73],[26.084930217461864,40.761054852320676],[25.07,41.01],[24.8,40.85],[24.51,40.96],[24.09,40.72],[23.74,40.75],[23.87,40.41],[24.4,40.16],[23.74,40.35],[24,40.11],[23.95,39.94],[23.65,40.22],[22.89,40.37],[22.93,40.64],[22.59,40.47],[22.59,40.01],[23.35,39.19],[23.07,39.09],[23.22,39.18],[22.94,39.36],[22.83,39.2],[23.06,39.02],[22.53,38.86],[23.31,38.64],[23.33,38.5],[24.07,38.2],[24.03,37.65],[23.57,38.05],[23.01,37.92],[22.85,38.03],[23.22,38.16],[22.78,38.23],[22.66,38.39],[22.55,38.28],[22.4,38.45],[22.38,38.33],[21.92328502415459,38.31425120772947],[22.96,37.95],[23.18,37.8],[23.16,37.62],[23.33,37.53],[23.4,37.64],[23.52,37.45],[23.17,37.29],[23.12,37.45],[22.72,37.56],[23.2,36.44],[22.7,36.81],[22.52,36.71],[22.48,36.39],[22.15,37.02],[21.93,36.98],[21.88,36.72],[21.66,36.97],[21.62,37.52],[21.11,37.88],[21.37,38.2],[21.61,38.14],[21.814604316546763,38.3105035971223],[21.51,38.3],[21.36,38.5],[21.32,38.31],[21.14,38.3],[20.99,38.67],[20.71,38.83],[20.86,38.96],[21.17,38.87],[21.12,39.04],[20.79,39.11],[20.73,38.95],[20.01,39.69],[19.86,40.04],[19.29,40.42],[19.48,40.35],[19.34,40.67],[19.53,40.91],[19.39,41.41],[19.62,41.78],[19.37,41.86],[19.28,42.18],[19.35,41.9],[18.55,42.41],[18.76,42.49],[18.52,42.42],[18.5,42.74],[18.769495694956948,43.18659286592866],[18.46,42.83],[18.44,42.56],[17.65,42.89],[17.66,43.05],[17.62,42.94],[16.89,43.4],[15.95,43.51],[15.96,43.69],[15.14,44.2],[15.28,44.33],[15.63,44.14],[14.99,44.57],[14.85,45.12],[14.56,45.3],[14.32,45.35],[13.91,44.77],[13.63,45.06],[13.59,45.47],[13.92,45.63],[13.18,45.78],[13.1,45.64],[12.13,45.39],[12.44,44.9],[12.12,44.56],[12.27,44.62],[12.36,44.27],[12.66,44.01],[13.63,43.55],[14.15,42.52],[15.1,41.93],[16.15,41.91],[15.96,41.46],[18,40.66],[18.52,40.13],[18.39,39.82],[18.05,39.93],[17.86,40.28],[17.2,40.41],[17.31,40.5],[16.9,40.44],[16.49,39.76],[17.16,39.4],[17.21,39.02],[16.6,38.81],[16.57,38.43],[16.06,37.92],[15.73,37.93],[15.63,38.22],[15.91,38.43],[15.84,38.65],[16.18,38.75],[16.22,38.91],[15.68,40.03],[15.27,40.02],[14.91,40.24],[15,40.39],[14.77,40.67],[14.32,40.57],[14.46,40.74],[14.04,40.79],[13.71,41.25],[13.07,41.22],[12.62,41.44],[11.62,42.3],[10.73,42.8],[10.77,42.91],[10.5,42.93],[10.19,43.94],[8.75,44.43],[8.07,43.89],[7.53,43.78],[6.75,43.42],[6.65,43.17],[5.86,43.05],[5.34,43.21],[5.34,43.36],[4.68,43.37],[4.61,43.56],[4.46,43.55],[4.59,43.36],[3.95,43.58],[3.1,43.08],[2.99,43.15],[3.17,42.44],[3.32,42.32],[3.11,42.23],[3.18,41.87],[2.15,41.3],[0.99,41.04],[0.7,40.81],[0.87,40.69],[0.59,40.62],[-0.34,39.43],[-0.16,38.99],[0.23,38.73],[-0.64,38.2],[-0.86,37.72],[-0.69,37.63],[-1.35,37.55],[-1.78,37.26],[-2.06,36.78],[-4.41,36.72],[-4.64,36.51],[-5.18,36.41],[-5.61,36],[-6.04,36.18],[-6.32,36.53],[-6.18,36.47],[-6.14,36.6],[-6.39,36.63],[-6.46,36.92],[-6.93,37.18],[-6.82,37.31],[-6.94,37.21],[-6.97,37.32],[-6.95,37.16],[-7.41,37.22],[-7.496791560567479,37.576809748999636],[-7.52,37.55],[-7.44,37.3],[-7.88,36.99],[-8.61,37.14],[-9,37.02],[-8.79,37.53],[-8.89,37.95],[-8.78,38.27],[-8.91,38.49],[-8.57,38.4],[-8.74,38.57],[-9.22,38.41],[-9.26,38.66],[-8.92,38.76],[-9.01,38.89],[-9.11,38.71],[-9.5,38.78]]],[[[-9.04,70.83],[-7.95,71.16],[-8,71.02],[-8.71,70.92],[-9.04,70.83]]],[[[-7.55,57.61],[-7.16,57.74],[-7.27,57.51],[-7.55,57.61]]],[[[-7.46,57.24],[-7.33,57.41],[-7.31,57.23],[-7.23,57.1],[-7.46,57.24]]],[[[-7.22,62.3],[-7.04,62.22],[-6.74,61.94],[-7.22,62.3]]],[[[-7.14,58.13],[-6.72,58.17],[-6.81,58.29],[-6.26,58.52],[-6.38,58.23],[-6.15,58.22],[-6.63,58.08],[-6.38,58.1],[-6.47,57.94],[-6.69,58.06],[-6.67,57.88],[-6.97,57.73],[-7.13,57.84],[-6.81,57.9],[-7.14,58.13]]],[[[-7.1,62.32],[-6.64,62.2],[-6.73,62.11],[-7.1,62.32]]],[[[-6.79,57.42],[-6.58,57.42],[-6.63,57.61],[-6.31,57.46],[-6.35,57.71],[-6.17,57.3],[-5.65,57.26],[-6,57.02],[-5.84,57.19],[-6.11,57.18],[-6.79,57.42]]],[[[-6.46,55.85],[-6.12,55.94],[-6.02,55.68],[-6.33,55.61],[-6.46,55.85]]],[[[-6.38,56.31],[-5.98,56.39],[-6.2,56.36],[-6,56.5],[-6.34,56.54],[-6.13,56.66],[-5.67,56.42],[-6.38,56.31]]],[[[-6.21,56.7],[-5.75,56.78],[-5.83,57.01],[-5.51,57],[-5.8,57.07],[-5.39,57.11],[-5.62,57.22],[-5.39,57.23],[-5.73,57.28],[-5.44,57.42],[-5.82,57.36],[-5.84,57.58],[-5.51,57.54],[-5.82,57.64],[-5.81,57.86],[-5.07,57.83],[-5.46,58.07],[-5.24,58.15],[-5.38,58.26],[-4.94,58.21],[-5.18,58.35],[-5.01,58.62],[-4.65,58.55],[-4.75,58.45],[-4.44,58.56],[-4.48,58.44],[-3.02,58.64],[-3.21,58.31],[-3.9795914742451153,57.877104795737125],[-3.77,57.87],[-4.42,57.5],[-3.29,57.73],[-2,57.7],[-1.77,57.47],[-2.54,56.57],[-3.41,56.38],[-2.81,56.45],[-2.91,56.35],[-2.6,56.26],[-3.3808219575951206,56.012904443799016],[-3.07,55.95],[-2.65,56.06],[-1.64,55.58],[-1.2,54.62],[-0.59,54.49],[-0.08,54.12],[-0.21,54],[0.14,53.62],[-0.1897651663405088,53.65217221135029],[0.23,53.41],[0.34,53.1],[-0.04,52.87],[0.2,52.77],[0.54,52.97],[1.01,52.97],[1.7,52.72],[1.58,52.09],[1.05,51.95],[1.29,51.95],[1.22,51.81],[0.91,51.89],[1,51.79],[0.68,51.73],[0.94,51.74],[0.9,51.62],[0.57,51.62],[0.85,51.55],[0.25,51.47],[1.42,51.39],[1.33,51.11],[0.24,50.73],[-0.29,50.85],[-0.79,50.72],[-0.81,50.83],[-1.41,50.9],[-1.54,50.74],[-2.04,50.73],[-2.06,50.58],[-3.49,50.7],[-3.64,50.22],[-4.12,50.32],[-4.21,50.52],[-4.19,50.32],[-4.67,50.41],[-4.99,50.15],[-5.05,50.27],[-5.19,49.96],[-5.48,50.13],[-5.71,50.06],[-5.04,50.55],[-4.83,50.52],[-4.53,51.02],[-4.17,50.96],[-4.05,51.07],[-4.23,51.19],[-2.99,51.22],[-2.49,51.7],[-3.41,51.38],[-3.84,51.64],[-4.31,51.56],[-4.05,51.66],[-4.33,51.68],[-4.32,51.83],[-4.93,51.6],[-5.13,51.68],[-4.82,51.79],[-5.18,51.68],[-5.12,51.85],[-5.32,51.86],[-4.21,52.26],[-3.93,52.55],[-4.13,52.61],[-3.92,52.75],[-4.15,52.81],[-4.01,52.94],[-4.77,52.79],[-4.34,53.12],[-3.31,53.36],[-3.04,53.22],[-3.05,53.45],[-2.88,53.29],[-2.58,53.38],[-2.87,53.33],[-3.1,53.55],[-2.84,53.74],[-3.05,53.92],[-2.9,53.86],[-2.79,54.23],[-3.05,54.24],[-3.15,54.07],[-3.64,54.51],[-3.4,54.87],[-3.05,54.99],[-3.62,55.07],[-3.57,54.89],[-3.98,54.77],[-4.46,54.95],[-4.39,54.68],[-4.86,54.87],[-4.86,54.63],[-5.18,54.92],[-5.11,55.02],[-4.99,54.91],[-4.62,55.49],[-4.88,55.94],[-4.32,55.86],[-4.84,56.08],[-4.75,56.21],[-4.92,56.16],[-4.98,55.86],[-5.12,56.01],[-5.31,55.85],[-4.92,56.27],[-5.45,56.03],[-5.32,55.78],[-5.52,55.36],[-5.8,55.3],[-5.44,55.86],[-5.67,55.8],[-5.58,56.33],[-5.12,56.49],[-5.47,56.48],[-5.32,56.65],[-4.98,56.71],[-5.25,56.7],[-5.08,56.83],[-5.33,56.86],[-5.12,56.83],[-5.69,56.5],[-6,56.65],[-5.54,56.69],[-6.21,56.7]]],[[[-6.07,55.92],[-5.7,56.15],[-5.96,55.79],[-6.07,55.92]]],[[[-5.36,55.51],[-5.28,55.72],[-5.16,55.44],[-5.36,55.51]]],[[[-5.19,55.93],[-5.06,55.85],[-5.03,55.72],[-5.19,55.93]]],[[[-4.79,54.06],[-4.37,54.42],[-4.46,54.17],[-4.79,54.06]]],[[[-4.58,53.29],[-4.43,53.43],[-4.04,53.31],[-4.3,53.15],[-4.58,53.29]]],[[[-3.35,58.96],[-3.33,59.14],[-2.71,58.97],[-2.91,58.87],[-2.96,58.73],[-3.04,58.82],[-2.9,58.9],[-3.35,58.96]]],[[[-1.64,60.31],[-1.26,60.35],[-1.63,60.48],[-1.31,60.64],[-1.38,60.4],[-1.05,60.44],[-1.27,59.85],[-1.27,60.24],[-1.46,60.15],[-1.64,60.31]]],[[[-1.59,50.66],[-1.22,50.73],[-1.07,50.68],[-1.59,50.66]]],[[[-1.41,46.05],[-1.27,45.95],[-1.23,45.8],[-1.41,46.05]]],[[[1.21,38.96],[1.54,39.12],[1.45,38.91],[1.21,38.96]]],[[[1.38,38.64],[1.4,38.74],[1.58,38.67],[1.38,38.64]]],[[[2.35,39.56],[2.95,39.92],[3.21,39.96],[3.08,39.89],[3.23,39.74],[3.48,39.72],[3.07,39.27],[2.67,39.56],[2.52,39.46],[2.35,39.56]]],[[[3.79,40.02],[4.17,40.06],[4.28,39.81],[3.79,40.02]]],[[[4.95,60.81],[5.452233502538071,60.63274111675127],[5.28,60.54],[4.95,60.81]]],[[[4.97,61.68],[5.38,61.91],[5.98,61.85],[5.91,61.73],[6.84,61.87],[5.12,61.92],[5.43,62.02],[5.18,62.22],[5.46,62],[5.49,62.2],[5.72,62.09],[5.92,62.19],[5.85,62],[5.98,62.14],[6.33,62.06],[5.93,62.22],[6.34,62.37],[6.55,62.1],[6.41,62.39],[6.72,62.45],[7.01,62.28],[6.87,62.08],[7.21,62.1],[6.96,62.12],[7.04,62.28],[7.43,62.25],[6.33,62.61],[7.08,62.65],[7.13,62.52],[7.17,62.63],[7.56,62.5],[7.78,62.58],[7.4,62.63],[8.14,62.68],[7.34,62.7],[7.67,62.8],[6.98,62.72],[7.24,62.81],[6.9,62.91],[7.1,62.99],[7.482388349514563,62.981864077669904],[7.47,63.05],[7.73,63.01],[7.623257790368272,62.97886685552408],[8.04,62.97],[8.264329896907217,62.8380412371134],[8.26,62.83],[8.279507389162562,62.82911330049261],[8.55,62.67],[8.32803317535545,62.82690758293839],[8.7,62.81],[8.42,62.95],[8.71,62.97],[8.16,63.11],[8.98,63.2],[8.58,63.2],[8.67,63.41],[9.02,63.46],[9.1,63.29],[9.5,63.4],[9.15,63.49],[9.75,63.65],[9.84,63.3],[10.28,63.32],[10.2,63.45],[10.92,63.45],[10.71,63.62],[11.53,63.78],[11.37,63.95],[11.07,63.86],[11.5,64.01],[11.24,64.03],[11.39,64.11],[10.59,63.8],[10.96,63.91],[10.96,63.75],[10.1,63.5],[9.8,63.66],[10.12,63.78],[9.57,63.65],[9.8,63.77],[9.56,63.77],[10.22,63.93],[9.95,63.91],[10.23,64],[9.95,63.94],[10.02,64.08],[10.68,64.36],[10.53,64.44],[10.84,64.37],[10.65,64.45],[10.98,64.61],[11.34,64.44],[11.22,64.31],[11.8,64.59],[11.38,64.66],[11.87,64.79],[11.69,64.87],[12.46,64.89],[12.06,64.97],[11.18,64.74],[12.44997458703939,65.14667725540025],[12.25,65.23],[12.47,65.37],[12.04,65.22],[12.29,65.59],[12.71,65.36],[12.35,65.63],[12.51,65.74],[12.79,65.63],[12.67,65.92],[13.21,65.84],[13.05,66.08],[12.68,66.07],[13.52,66.24],[13.55,66.1],[13.83,66.14],[13.6,66.23],[14.18,66.32],[13.01,66.19],[13.56,66.31],[13,66.33],[12.98,66.53],[13.26,66.45],[13.73,66.6],[13.2,66.56],[13.23,66.68],[13.57,66.65],[13.22,66.73],[14,66.8],[13.49,66.95],[14.58,67.01],[14.33,67.08],[14.8,67.24],[15.47,67.1],[15.43,67.26],[15.04,67.27],[15.26,67.35],[14.31,67.26],[15.05,67.45],[14.65,67.48],[15.06,67.59],[14.93,67.49],[15.76,67.36],[15.53,67.48],[15.92,67.6],[15.52,67.51],[15.16,67.63],[15.85,67.71],[15.37,67.88],[15.045464052287581,67.76295424836601],[14.82,67.77],[15.14,67.87],[14.85,67.88],[15.87,67.91],[15.94,68.03],[15.28,68.06],[15.63,68.19],[15.81,68.1],[16,68.27],[16.2,67.9],[16.52,67.82],[16.19,68.02],[16.46,67.91],[16.32,68.03],[16.74,68.09],[16.33,68.1],[16.61,68.18],[16.17,68.32],[16.82,68.16],[16.28,68.37],[17.19,68.39],[17.32,68.19],[17.3,68.42],[17.9,68.41],[17.54,68.55],[16.46,68.54],[16.97,68.71],[17.69,68.67],[17.25,68.76],[17.81,68.75],[17.47,68.99],[18.2,69.12],[18.15,69.47],[18.2,69.27],[18.39,69.4],[18.48,69.22],[18.56,69.36],[19.01,69.29],[18.45,69.44],[18.83,69.56],[19.23,69.24],[19.55,69.21],[18.97,69.46],[19.25,69.52],[18.94,69.56],[19.13,69.75],[19.73,69.81],[19.65,69.41],[19.73,69.61],[20.15,69.58],[19.77,69.69],[20.33,69.96],[20.35,69.62],[19.92,69.26],[20.42,69.59],[20.82,69.5],[20.46,69.76],[21.06,69.96],[20.84,69.85],[21.14,69.8],[21.24,70.01],[22.13,69.74],[22.09,70.03],[21.78,70.04],[22.07,70.13],[21.73,70.05],[21.19,70.2],[21.51,70.32],[21.86,70.14],[21.95,70.33],[22.22,70.13],[22.54,70.11],[22.36,70.26],[22.96,70.2],[22.29,70.02],[23.01,70.14],[23,69.92],[23.47,69.98],[23.18,70.22],[23.86,70.49],[24.31,70.45],[24.3,70.69],[24.69,70.63],[24.24,70.78],[24.62,70.79],[24.62,70.99],[25.23,70.8],[25.33,70.98],[25.44,70.85],[25.91,70.88],[25.05,70.5],[25,70.05],[26.67,70.97],[26.48,70.36],[27.1,70.47],[27.11,70.76],[27.72,70.8],[27.1,70.93],[27.28,71.05],[27.55,70.96],[27.65,71.13],[28.55,70.97],[28.24,70.79],[27.73,70.8],[28.14,70.74],[27.64,70.62],[28.3,70.7],[27.86,70.44],[28.51,70.45],[28.83,70.88],[29.4,70.79],[29.27,70.65],[30.18,70.69],[30,70.54],[30.62,70.55],[31.06,70.28],[30.17,70.07],[28.56,70.17],[29.65,69.98],[29.49,69.66],[30.06,69.78],[29.94,69.59],[30.13,69.67],[30.07,69.45],[29.37,69.32],[29.02,69.02],[28.875067632850243,69.14967632850241],[28.52,68.89],[28.79,68.85],[28.47,68.48],[28.65,68.2],[29.33,68.07],[30.02,67.67],[29.11,66.81],[30.1,65.82],[30.13,65.71],[29.79,65.65],[29.6,65.26],[29.87,65.12],[29.62,64.96],[29.74,64.79],[30.06,64.79],[30.05,64.46],[30.55,64.09],[30,63.76],[31.21,63.23],[31.57,62.92],[30.96,62.32],[30.16,61.86],[29.93,62.05],[29.79,61.81],[30.08,61.82],[29.97,61.73],[27.84,60.57],[27.48,60.46],[27.18,60.59],[26.2,60.36],[25.92,60.49],[26.12,60.33],[25.84,60.41],[25.9,60.25],[25.69,60.38],[25.46,60.23],[24.56,60.17],[24.39,59.97],[24.33,60.09],[23.41,59.92],[23.55,60.1],[23.25,59.84],[22.91,59.81],[23.3,59.96],[22.81,59.98],[23.27,60.06],[22.87,60.16],[23.08,60.38],[22.75111111111111,60.28015873015873],[22.96,60.31],[22.85,60.2],[22.76,60],[22.39,60],[22.47,60.24],[22.54217054263566,60.25031007751938],[22.63,60.41],[21.9,60.55],[21.7,60.46],[21.84,60.64],[21.58,60.65],[21.61,60.49],[21.17,60.88],[21.29,61.01],[21.44,60.91],[21.46,61.6],[21.68,61.56],[21.06,62.62],[21.47,63.08],[21.68,63.05],[21.54,63.27],[22.01,63.16],[22.82,63.9],[22.79,63.69],[23.41,64.09],[23.62,64.05],[24.54,64.82],[25.31,64.83],[25.19,64.98],[25.49,64.96],[25.18,65.59],[24.14,65.88],[23.67837837837838,66.27567567567567],[23.67,66.26],[24.14,65.86],[23.38,65.75],[23.12,65.87],[23.1,65.7],[22.67,65.9],[22.68,65.75],[22.3,65.85],[22.4,65.54],[22.06,65.62],[21.83,65.35],[21.45,65.39],[21.75,65.19],[21.52,65.23],[21.54,65.06],[21,64.84],[21.61,64.43],[20.57,63.73],[20.49,63.83],[20.39,63.67],[20.29,63.81],[19.74,63.45],[19.46,63.57],[19.03,63.19],[18.71,63.29],[18.88,63.2],[18.2,63.01],[18.54,62.99],[18.45,62.87],[17.93,62.84],[17.85,62.49],[17.32,62.47],[17.66,62.23],[17.32,61.93],[17.49,61.62],[17.11,61.73],[17.04,61.58],[17.35,60.75],[17.16,60.69],[17.73,60.5],[17.99,60.6],[18.61,60.25],[18.31,60.32],[18.59,60.05],[18.74,60.12],[18.81,59.97],[18.81,60.12],[19.08,59.88],[18.87,59.94],[18.71,59.75],[19.08,59.74],[18.33,59.38],[18.08,59.42],[18.08,59.3],[18.46,59.31],[18.42,59.42],[18.67,59.31],[18.36,59.29],[18.46,59.16],[18,59.04],[17.89,58.85],[17.63,59.19],[17.51,58.78],[17.09,58.77],[16.92,58.61],[16.18,58.64],[16.95,58.48],[16.41,58.48],[16.86,58.2],[16.6,58.2],[16.79,57.87],[16.47,57.91],[16.72,57.73],[16.41,57.9],[16.73,57.7],[16.52,57.73],[16.71,57.49],[16.45,57.27],[16.48,56.77],[15.85,56.07],[15.01,56.2],[14.34,55.96],[14.18,55.38],[12.93,55.41],[13.07,55.68],[12.45,56.3],[12.79,56.22],[12.62,56.42],[12.94,56.59],[12.35,56.93],[12.11,57.43],[11.91,57.39],[11.91,57.69],[11.7,57.71],[11.91,58.35],[11.5,58.25],[11.57,58.48],[11.46,58.27],[11.46,58.46],[11.24,58.36],[11.11,59],[11.328321858864028,59.104414802065406],[11.18,59.2],[10.73,59.23],[10.58,59.75],[10.78,59.86],[10.5,59.89],[10.59,59.55],[10.2,59.73],[10.53,59.32],[10.31,59.06],[9.86,58.96],[9.61,59.21],[9.75,58.99],[8.26,58.13],[8.03,58.24],[7.62,58.01],[7.05,57.98],[7.17,58.08],[6.81,58.1],[7.04,58.13],[6.88,58.2],[6.64,58.07],[6.93,58.29],[6.39,58.27],[5.68,58.54],[5.57,59.03],[5.74,58.85],[5.89,58.97],[6.140384615384615,58.886538461538464],[6.65,59.05],[6.1,58.94],[5.89,59.09],[6.56,59.32],[6.02,59.34],[6.6,59.56],[6.27,59.52],[6.31,59.64],[6.22,59.47],[5.98,59.35],[6.2,59.48],[5.91,59.47],[5.65,59.26],[5.63,59.5],[5.49,59.27],[5.22,59.53],[5.53,59.73],[5.46,59.48],[5.59,59.69],[5.8,59.6],[6.38,59.87],[6.02,59.75],[5.67,59.85],[6.32,60.13],[6.08,60.19],[6.35,60.37],[6.67,60.41],[6.55,60.07],[6.69,60.39],[7.14,60.49],[6.91,60.49],[7.03,60.59],[6.7,60.43],[6.21,60.47],[5.77,59.98],[5.77,60.19],[5.57,60.16],[5.76,60.4],[5.44,60.13],[5.17,60.37],[5.27,60.52],[5.62,60.43],[5.6470802139037435,60.481903743315506],[5.34,60.54],[5.5,60.52],[5.704,60.694857142857146],[5.68,60.7],[5.8,60.82],[5.454571428571429,60.634],[5.27,60.77],[5.59,60.87],[5.08,60.84],[5.01,60.97],[5.12,60.87],[5.31,60.99],[5.09,61.07],[5.49,60.99],[5.99,61.13],[6.41,61.01],[6.64,61.18],[7.01,61.06],[6.84,60.88],[7.05,60.99],[7.12,60.86],[7.04,61.1],[7.71,61.23],[7.3371356783919595,61.295251256281404],[7.4,61.18],[6.99,61.11],[7.17,61.27],[6.6,61.21],[6.75,61.42],[6.47,61.12],[5.08,61.17],[5.31,61.19],[4.98,61.28],[5.68,61.36],[5.08,61.32],[5,61.43],[5.85,61.46],[4.99,61.59],[5.43,61.65],[4.97,61.68]]],[[[5.2,59.14],[5.24,59.41],[5.33,59.27],[5.2,59.14]]],[[[5.37,59.99],[5.68,59.98],[5.61,59.87],[5.37,59.99]]],[[[5.452233502538071,60.63274111675127],[5.454571428571429,60.634],[5.46,60.63],[5.452233502538071,60.63274111675127]]],[[[5.83,62.35],[6.11,62.35],[5.87,62.25],[5.83,62.35]]],[[[7.97,63.08],[8.33,62.96],[8.277550432276657,62.86259365994236],[7.97,63.08]]],[[[8.07,55.56],[8.12,56],[8.18,55.82],[8.38,55.91],[8.13,56.12],[8.11,56],[8.11,56.37],[8.29,56.31],[8.12,56.41],[8.22,56.61],[8.73,56.48],[8.68,56.62],[9.07,56.8],[9.05,56.56],[9.15,56.66],[9.37,56.54],[9.2,56.94],[9.49,57.02],[10.31,56.98],[10.33,56.71],[9.8,56.64],[10.36,56.66],[10.04,56.46],[10.29,56.47],[10.3,56.61],[10.96,56.44],[10.71,56.14],[10.38,56.17],[10.45,56.3],[10.24,56.18],[10.19,55.84],[9.86,55.86],[10.03,55.7],[9.54,55.71],[9.86,55.63],[9.48,55.49],[9.69,55.46],[9.49,55.25],[9.72,55.25],[9.42,55.03],[9.78,54.91],[9.42,54.83],[8.66,54.91],[8.69,55.14],[8.46,55.1],[8.69,55.16],[8.61,55.44],[8.07,55.56]]],[[[8.15,40.58],[8.18,40.94],[8.56,40.83],[9.24,41.26],[9.66,41],[9.49,40.92],[9.73,40.84],[9.83,40.53],[9.62,40.25],[9.74,40.08],[9.52,39.09],[9.1,39.26],[9.02,38.98],[8.61,38.89],[8.37,39.23],[8.44,39.76],[8.56,39.67],[8.61,39.88],[8.4,39.91],[8.49,40.3],[8.31,40.6],[8.15,40.58]]],[[[8.21,56.72],[8.59,57.12],[9.39,57.16],[9.96,57.6],[10.62,57.75],[10.28,56.99],[9.78,57.11],[8.88,57.03],[8.4,56.68],[8.59,56.6],[8.21,56.72]]],[[[8.264329896907217,62.8380412371134],[8.277550432276657,62.86259365994236],[8.32803317535545,62.82690758293839],[8.279507389162562,62.82911330049261],[8.264329896907217,62.8380412371134]]],[[[8.28,54.75],[8.31,54.88],[8.332,54.88],[8.28,54.75]]],[[[8.28,63.67],[8.7,63.78],[8.81,63.69],[8.28,63.67]]],[[[8.3,63.45],[8.66,63.62],[9.2,63.56],[8.3,63.45]]],[[[8.332,54.88],[8.4,55.05],[8.38,54.89],[8.523636363636363,54.88],[8.332,54.88]]],[[[8.5,56.72],[8.61,56.82],[8.94,56.98],[8.73,56.68],[8.5,56.72]]],[[[8.523636363636363,54.88],[8.6,54.88],[8.606276463262764,54.87424657534247],[8.523636363636363,54.88]]],[[[8.54,42.37],[8.72,42.58],[9.3,42.68],[9.42,43.01],[9.56,42.13],[9.29,41.59],[9.2,41.36],[8.79,41.56],[8.92,41.69],[8.66,41.74],[8.8,41.9],[8.61,41.89],[8.75,42.05],[8.54,42.37]]],[[[9.68,55.52],[10.31,55.62],[10.47,55.44],[10.62,55.62],[10.75,55.48],[10.54,55.44],[10.86,55.29],[10.61,55.06],[10.07,55.08],[9.68,55.52]]],[[[10.1,42.77],[10.3,42.82],[10.42,42.87],[10.43,42.71],[10.1,42.77]]],[[[10.87,55.74],[11.5,55.85],[11.28,56.01],[11.78,55.98],[11.65,55.72],[11.84,55.68],[11.95,55.93],[12.08,55.65],[12.02,55.96],[11.84,55.97],[12.42,56.1],[12.62,56.04],[12.61,55.71],[12.22,55.53],[12.45,55.29],[12.02,55.16],[12.18,55.11],[12.03,54.96],[11.62,55.08],[11.83,55.04],[11.71,55.21],[11.26,55.2],[10.93,55.67],[11.1,55.68],[10.87,55.74]]],[[[10.98,54.83],[11.18,54.96],[11.64,54.8],[11.65,54.9],[11.86,54.69],[11.5,54.59],[10.98,54.83]]],[[[11.48,58.07],[11.65,58.25],[11.83,58.12],[11.48,58.07]]],[[[11.75,54.96],[12.17,54.84],[11.97,54.56],[11.86,54.77],[11.75,54.96]]],[[[12.13,54.9],[12.26,55.06],[12.55,54.98],[12.13,54.9]]],[[[12.42,37.8],[12.73,38.19],[12.9,38.02],[13.32,38.22],[13.74,37.97],[15.65,38.27],[15.09,37.5],[15.28,37.06],[15.08,36.65],[14.49,36.79],[14.26,37.06],[12.66,37.57],[12.42,37.8]]],[[[13.49,68.06],[13.68,68.31],[14.17,68.26],[13.49,68.06]]],[[[14.05,67.12],[14.29,67.2],[14.19,67],[14.05,67.12]]],[[[14.25,68.25],[15.2,68.48],[14.66,68.24],[14.25,68.25]]],[[[14.32,45.18],[14.5,44.6],[14.36,45],[14.32,45.18]]],[[[14.33,35.99],[14.5,35.9],[14.53,35.81],[14.33,35.99]]],[[[14.34,44.71],[14.46,44.54],[14.38,44.63],[14.34,44.71]]],[[[14.43,45.08],[14.55,45.25],[14.67,45.11],[14.75,44.94],[14.43,45.08]]],[[[14.43,68.6],[14.54,68.82],[15.16,68.81],[15.16,69.02],[15.42,68.69],[15,68.58],[14.79,68.64],[15.18,68.75],[14.7,68.69],[14.43,68.6]]],[[[14.68,44.85],[14.87,44.7],[14.75,44.76],[14.68,44.85]]],[[[14.7,55.12],[14.77,55.3],[15.16,55.08],[14.7,55.12]]],[[[14.76,67.66],[15.045464052287581,67.76295424836601],[15.14,67.76],[14.76,67.66]]],[[[14.99,68.3],[15.4,68.47],[15.21,68.57],[15.63,68.62],[15.45,68.73],[15.72,68.69],[15.62,68.95],[15.96,68.9],[15.77,68.74],[16.01,68.78],[15.73,68.53],[16.31,68.83],[16.59,68.84],[16.51,68.57],[16.09,68.56],[15.87,68.38],[15.87,68.51],[15.63,68.31],[15.33,68.36],[15.54,68.52],[14.99,68.3]]],[[[15.06,44.16],[15.26,44.02],[15.14,44.08],[15.06,44.16]]],[[[15.48,68.87],[16.14,69.33],[15.64,68.97],[15.48,68.87]]],[[[16.07,68.41],[16.34,68.56],[16.47,68.44],[16.07,68.41]]],[[[16.37,43.2],[17.2,43.12],[16.86,43.12],[16.37,43.2]]],[[[16.4,56.19],[16.45,56.63],[17.12,57.36],[16.4,56.19]]],[[[16.43,43.39],[16.9,43.31],[16.47,43.3],[16.43,43.39]]],[[[16.78,69.1],[17.19,69.35],[16.87,69.38],[17.25,69.41],[17.31,69.54],[17.68,69.47],[17.48,69.6],[17.68,69.48],[17.87,69.58],[18.01,69.19],[17.49,69.21],[17.05,69.01],[16.78,69.1]]],[[[16.82,68.73],[17.03,68.87],[17.18,68.77],[16.82,68.73]]],[[[17,43.05],[17.65,42.89],[18.52,42.42],[17,43.05]]],[[[17.32,42.79],[17.59,42.75],[17.75,42.69],[17.32,42.79]]],[[[18.03,69.6],[18.61,69.69],[18.37,69.79],[18.75,69.69],[18.69,69.88],[18.99,69.82],[18.76,69.56],[18.03,69.6]]],[[[18.11,57.53],[18.7,57.92],[19.1,57.82],[18.78,57.7],[18.92,57.4],[18.13,56.91],[18.3,57.1],[18.11,57.53]]],[[[18.68,45.09],[18.68,45.07],[18.66,45.07],[18.68,45.09]]],[[[18.42,54.79],[18.78,54.65],[18.48,54.71666666666667],[18.42,54.79]]],[[[18.57,45.08],[18.57,45.09],[18.59,45.09],[18.58,45.08],[18.58,45.07],[18.57,45.08]]],[[[18.61,45.08],[18.62,45.09],[18.63,45.08],[18.61,45.08]]],[[[18.71,69.93],[19.18,70.09],[19.68,70],[19.13,69.79],[18.71,69.93]]],[[[19.59,70.29],[20.13,70.1],[19.74,70.06],[19.64,70.18],[19.59,70.29]]],[[[19.63,39.75],[19.88,39.8],[20.11,39.36],[19.63,39.75]]],[[[19.63,60.29],[19.82,60.2],[19.84,60.42],[20.27,60.29],[20.17,60.18],[19.98,60.3],[19.96,60.06],[19.63,60.29]]],[[[19.97,60.07],[20.22,60.08],[20.18,59.97],[19.97,60.07]]],[[[20.34,38.18],[20.54,38.41],[20.79,38.06],[20.51,38.1],[20.44,38.28],[20.34,38.18]]],[[[20.5,70.06],[20.75,70.23],[20.8,70.05],[20.5,70.06]]],[[[20.54,38.56],[20.67,38.83],[20.72,38.63],[20.54,38.56]]],[[[20.65,37.8],[20.7,37.93],[20.99,37.7],[20.83,37.64],[20.65,37.8]]],[[[20.95,55.28],[21.08,55.73],[20.98,55.28],[20.95,55.28]]],[[[21.83,58.28],[22.02,58.37],[21.84,58.48],[22.11,58.42],[22.54,58.64],[23.15,58.56],[23.15,58.68],[23.35,58.65],[23.39,58.51],[22.3,58.2],[22.02,57.92],[22.22,58.14],[21.83,58.28]]],[[[22.19,44.51],[22.21,44.52],[22.2,44.51],[22.19,44.51]]],[[[21.93,70.64],[22.52,70.72],[22.71,70.61],[22.7,70.76],[23.01,70.65],[23.06,70.82],[23.45,70.83],[22.82,70.51],[22.09,70.48],[22.31,70.6],[21.93,70.64]]],[[[22.04,58.93],[22.75,59.01],[23.07,58.84],[22.64,58.69],[22.04,58.93]]],[[[22.1,60.32],[22.29,60.27],[22.21,60.19],[22.1,60.32]]],[[[22.35,70.34],[22.78,70.39],[22.97,70.24],[22.35,70.34]]],[[[22.82,70.41],[23.15,70.54],[23.56,70.62],[23.64,70.49],[23.15,70.27],[22.82,70.41]]],[[[22.83,38.82],[23.12,38.99],[23.32,39.04],[23.59,38.76],[24.15,38.65],[24.25,38.23],[24.59,38.16],[24.56,37.98],[24.2,38.09],[24.05,38.39],[23.65,38.4],[23.2,38.83],[22.83,38.82]]],[[[23.32,40.2],[23.68,39.97],[23.35,39.95],[23.32,40.2]]],[[[23.36,37.3],[23.47,37.35],[23.58,37.37],[23.36,37.3]]],[[[23.42,37.76],[23.56,37.77],[23.48,37.67],[23.42,37.76]]],[[[23.56,35.27],[23.58,35.59],[23.72,35.51],[23.74,35.7],[23.84,35.53],[24.17,35.59],[24.06,35.49],[24.28,35.36],[25.77,35.34],[25.81,35.11],[26.31,35.32],[26.32,35.19],[26.11,35],[24.76,34.92],[24.74,35.08],[24.39,35.19],[23.56,35.27]]],[[[23.68,70.75],[24.13,70.61],[23.76,70.52],[23.68,70.75]]],[[[24.49,38.99],[24.68,38.77],[24.5,38.84],[24.49,38.99]]],[[[24.56,40.76],[24.72,40.79],[24.78,40.61],[24.6,40.61],[24.56,40.76]]],[[[24.65,65.08],[25.07,65.04],[24.75,64.98],[24.65,65.08]]],[[[24.69,37.95],[24.91,37.9],[24.96,37.68],[24.69,37.95]]],[[[25.04,39.99],[25.45,40.04],[25.35,39.78],[25.26,39.91],[25.05,39.83],[25.04,39.99]]],[[[25.11,37.06],[25.28,37.15],[25.21,36.99],[25.11,37.06]]],[[[25.25,71.03],[25.73,71.07],[25.67,71.19],[25.84,71.07],[26.22,71.03],[25.25,71.03]]],[[[25.33,37.08],[25.53,37.2],[25.56,37],[25.44,36.92],[25.33,37.08]]],[[[25.44,40.48],[25.6,40.5],[25.7,40.42],[25.44,40.48]]],[[[25.74,36.79],[25.85,36.84],[26.09,36.9],[25.74,36.79]]],[[[25.74,40.09],[25.74,40.19],[26.01,40.15],[25.74,40.09]]],[[[25.86,38.24],[25.94,38.59],[26.16,38.55],[26.01,38.15],[25.86,38.24]]],[[[25.9,39.29],[26.34,39.39],[26.61,39.02],[26.48,39.12],[26.52,38.97],[26.17,39.01],[26.25,39.21],[25.93,39.14],[25.9,39.29]]],[[[26.57,37.73],[27.03,37.77],[26.86,37.64],[26.57,37.73]]],[[[27.06,35.6],[27.23,35.82],[27.13,35.4],[27.06,35.6]]],[[[27.68,36.16],[28.21,36.45],[28.09,36.05],[27.77,35.89],[27.68,36.16]]],[[[29.73,61.57],[29.73,61.59],[29.75,61.59],[29.73,61.57]]],[[[29.8,69.76],[29.84,69.91],[30.1,69.82],[29.8,69.76]]],[[[29.96,55.86],[30,55.87],[29.97,55.86],[29.96,55.86]]],[[[30.14,69.67],[30.17,69.88],[30.31,69.67],[30.44,69.82],[30.82,69.79],[30.94,69.58],[30.76,69.53],[30.14,69.67]]],[[[32.27,35.07],[32.88,35.16],[32.92,35.4],[33.65,35.36],[34.59,35.7],[33.94,35.3],[34.09,34.96],[33.9,34.97],[33.89,35.12],[33.68,35.06],[33.6,34.82],[32.7,34.64],[32.4,34.75],[32.27,35.07]]],[[[32.55,46.07],[33.08,46.02],[32.76,46.03],[32.55,46.07]]],[[[34.98,46.08],[35.35658536585366,46.36243902439024],[35.36,46.36],[34.98,46.08]]],[[[36.12,46.49],[36.27088888888889,46.64088888888889],[36.29,46.64],[36.12,46.49]]],[[[44.8,39.63],[44.81,39.64],[44.81,39.63],[44.8,39.63]]]]}}]}